cost_center_id,fiscal_month,site_id,planned_headcount,planned_labor_usd,planned_overtime_usd,planned_nonlabor_usd,planned_total_usd,actual_labor_usd,actual_overtime_usd,actual_nonlabor_usd,actual_total_usd,labor_variance_usd,labor_variance_pct,overtime_variance_usd,overtime_variance_pct,nonlabor_variance_usd,nonlabor_variance_pct,total_variance_usd,total_variance_pct,ytd_variance_usd,ytd_variance_pct
1,2023-09-01,1,402.2,2257012.33,0.0,1384128.88,3641141.21,2176797.19,89699.12,1238763.37,3505259.68,-80215.14,-3.55,89699.12,,-145365.51,-10.5,-135881.53,-3.73,-135881.53,-3.73
1,2023-10-01,1,406.5,2281142.5,0.0,1323173.54,3604316.04,2230882.35,87173.06,1210682.49,3528737.9,-50260.15,-2.2,87173.06,,-112491.05,-8.5,-75578.14,-2.1,-211459.67,-2.92
1,2023-11-01,1,405.8,2277214.33,0.0,1350677.78,3627892.11,2192088.12,86456.76,1217625.72,3496170.6,-85126.21,-3.74,86456.76,,-133052.06,-9.85,-131721.51,-3.63,-343181.18,-3.16
1,2023-12-01,1,400.0,2244666.67,0.0,1407905.87,3652572.54,2176838.56,75319.6,1455808.96,3707967.12,-67828.11,-3.02,75319.6,,47903.09,3.4,55394.58,1.52,-287786.6,-1.98
1,2024-01-01,1,390.6,2191917.0,0.0,1260362.03,3452279.03,2218869.5,94081.0,1388190.55,3701141.05,26952.5,1.23,94081.0,,127828.52,10.14,248862.02,7.21,248862.02,7.21
1,2024-02-01,1,379.9,2131872.17,0.0,1266158.52,3398030.69,2127567.25,88344.07,1165363.57,3381274.89,-4304.92,-0.2,88344.07,,-100794.95,-7.96,-16755.8,-0.49,232106.22,3.39
1,2024-03-01,1,370.6,2079683.67,0.0,1306671.97,3386355.64,2097046.27,66456.27,1367566.63,3531069.17,17362.6,0.83,66456.27,,60894.66,4.66,144713.53,4.27,376819.75,3.68
1,2024-04-01,1,364.9,2047697.17,0.0,1225897.35,3273594.52,2146702.42,72543.97,1319077.09,3538323.48,99005.25,4.83,72543.97,,93179.74,7.6,264728.96,8.09,641548.71,4.75
1,2024-05-01,1,364.2,2043769.0,0.0,1190286.77,3234055.77,2091410.85,70590.35,1228411.74,3390412.94,47641.85,2.33,70590.35,,38124.97,3.2,156357.17,4.83,797905.88,4.77
1,2024-06-01,1,368.5,2067899.17,0.0,1293443.53,3361342.7,2134998.88,89133.39,1235803.97,3459936.24,67099.71,3.24,89133.39,,-57639.56,-4.46,98593.54,2.93,896499.42,4.46
1,2024-07-01,1,376.3,2111670.17,0.0,1323501.28,3435171.45,2042779.88,63624.29,1402426.41,3508830.58,-68890.29,-3.26,63624.29,,78925.13,5.96,73659.13,2.14,970158.55,4.12
1,2024-08-01,1,385.5,2163297.5,0.0,1307897.39,3471194.89,2162742.07,65320.83,1192466.41,3420529.31,-555.43,-0.03,65320.83,,-115430.98,-8.83,-50665.58,-1.46,919492.97,3.4
1,2024-09-01,1,393.3,2207068.5,0.0,1271752.53,3478821.03,2148571.93,67303.18,1367412.78,3583287.89,-58496.57,-2.65,67303.18,,95660.25,7.52,104466.86,3.0,1023959.83,3.36
1,2024-10-01,1,397.4,2230076.33,0.0,1346112.45,3576188.78,2188862.47,82498.25,1289968.13,3561328.85,-41213.86,-1.85,82498.25,,-56144.32,-4.17,-14859.93,-0.42,1009099.9,2.96
1,2024-11-01,1,396.7,2226148.17,0.0,1401978.07,3628126.24,2239838.58,73980.62,1282790.07,3596609.27,13690.41,0.61,73980.62,,-119188.0,-8.5,-31516.97,-0.87,977582.93,2.59
1,2024-12-01,1,391.0,2194161.67,0.0,1256528.41,3450690.08,2159776.1,87708.53,1185248.05,3432732.68,-34385.57,-1.57,87708.53,,-71280.36,-5.67,-17957.4,-0.52,959625.53,2.33
1,2025-01-01,1,381.8,2142534.33,0.0,1307016.99,3449551.32,2130412.62,71712.52,1404498.37,3606623.51,-12121.71,-0.57,71712.52,,97481.38,7.46,157072.19,4.55,157072.19,4.55
1,2025-02-01,1,371.3,2083611.83,0.0,1284249.21,3367861.04,2130970.46,63388.18,1399539.6,3593898.24,47358.63,2.27,63388.18,,115290.39,8.98,226037.2,6.71,383109.39,5.62
1,2025-03-01,1,362.2,2032545.67,0.0,1203087.16,3235632.83,2048100.28,87661.09,1320584.15,3456345.52,15554.61,0.77,87661.09,,117496.99,9.77,220712.69,6.82,603822.08,6.01
1,2025-04-01,1,356.7,2001681.5,0.0,1243930.21,3245611.71,2034651.68,63694.59,1380626.43,3478972.7,32970.18,1.65,63694.59,,136696.22,10.99,233360.99,7.19,837183.07,6.3
1,2025-05-01,1,356.0,1997753.33,0.0,1169496.71,3167250.04,2009704.79,65938.36,1286650.83,3362293.98,11951.46,0.6,65938.36,,117154.12,10.02,195043.94,6.16,1032227.01,6.27
1,2025-06-01,1,360.1,2020761.17,0.0,1233053.08,3253814.25,1983429.5,75778.77,1152453.44,3211661.71,-37331.67,-1.85,75778.77,,-80599.64,-6.54,-42152.54,-1.3,990074.47,5.02
1,2025-07-01,1,367.8,2063971.0,0.0,1248142.63,3312113.63,2024737.75,85386.84,1152467.42,3262592.01,-39233.25,-1.9,85386.84,,-95675.21,-7.67,-49521.62,-1.5,940552.85,4.08
1,2025-08-01,1,376.7,2113914.83,0.0,1239967.11,3353881.94,2035670.33,89240.35,1282221.72,3407132.4,-78244.5,-3.7,89240.35,,42254.61,3.41,53250.46,1.59,993803.31,3.77
1,2025-09-01,1,384.3,2156563.5,0.0,1288679.94,3445243.44,2063827.94,68624.28,1157444.65,3289896.87,-92735.56,-4.3,68624.28,,-131235.29,-10.18,-155346.57,-4.51,838456.74,2.81
1,2025-10-01,1,388.3,2179010.17,0.0,1357167.58,3536177.75,2111964.65,68147.98,1242118.54,3422231.17,-67045.52,-3.08,68147.98,,-115049.04,-8.48,-113946.58,-3.22,724510.16,2.17
1,2025-11-01,1,387.5,2174520.83,0.0,1287791.56,3462312.39,2140526.72,71822.91,1200369.83,3412719.46,-33994.11,-1.56,71822.91,,-87421.73,-6.79,-49592.93,-1.43,674917.23,1.83
1,2025-12-01,1,382.0,2143656.67,0.0,1308581.39,3452238.06,2084938.27,90754.45,1409576.74,3585269.46,-58718.4,-2.74,90754.45,,100995.35,7.72,133031.4,3.85,807948.63,2.01
1,2026-01-01,1,373.0,2093151.67,0.0,1263442.71,3356594.38,2089715.92,80297.3,1336150.51,3506163.73,-3435.75,-0.16,80297.3,,72707.8,5.75,149569.35,4.46,149569.35,4.46
1,2026-02-01,1,362.8,2035912.67,0.0,1191734.25,3227646.92,2059106.15,83144.27,1090505.49,3232755.91,23193.48,1.14,83144.27,,-101228.76,-8.49,5108.99,0.16,154678.34,2.35
1,2026-03-01,1,353.8,1985407.67,0.0,1224235.17,3209642.84,2000260.89,77301.71,1169518.54,3247081.14,14853.22,0.75,77301.71,,-54716.63,-4.47,37438.3,1.17,192116.64,1.96
1,2026-04-01,1,348.4,1955104.67,0.0,1200940.12,3156044.79,1969877.36,72766.86,1275809.1,3318453.32,14772.69,0.76,72766.86,,74868.98,6.23,162408.53,5.15,354525.17,2.74
1,2026-05-01,1,347.7,1951176.5,0.0,1216746.98,3167923.48,1911127.77,63613.31,1103298.61,3078039.69,-40048.73,-2.05,63613.31,,-113448.37,-9.32,-89883.79,-2.84,264641.38,1.64
1,2026-06-01,1,351.7,1973623.17,0.0,1227044.15,3200667.32,1865549.05,65983.69,1371820.24,3303352.98,-108074.12,-5.48,65983.69,,144776.09,11.8,102685.66,3.21,367327.04,1.9
1,2026-07-01,1,359.2,2015710.67,0.0,1172162.64,3187873.31,1909925.12,57743.11,1218871.76,3186539.99,-105785.55,-5.25,57743.11,,46709.12,3.98,-1333.32,-0.04,365993.72,1.63
1,2026-08-01,1,367.9,2064532.17,0.0,1285928.74,3350460.91,1912906.42,73169.17,1380932.43,3367008.02,-151625.75,-7.34,73169.17,,95003.69,7.39,16547.11,0.49,382540.83,1.48
2,2023-09-01,1,189.5,1042060.5,0.0,455224.46,1497284.96,1045020.71,38901.23,503780.14,1587702.08,2960.21,0.28,38901.23,,48555.68,10.67,90417.12,6.04,90417.12,6.04
2,2023-10-01,1,191.5,1053058.5,0.0,462932.8,1515991.3,1056333.93,35254.7,493936.44,1585525.07,3275.43,0.31,35254.7,,31003.64,6.7,69533.77,4.59,159950.89,5.31
2,2023-11-01,1,191.1,1050858.9,0.0,465278.67,1516137.57,1074838.56,44122.35,491901.07,1610861.98,23979.66,2.28,44122.35,,26622.4,5.72,94724.41,6.25,254675.3,5.62
2,2023-12-01,1,188.4,1036011.6,0.0,447220.05,1483231.65,1057411.38,38943.72,469967.19,1566322.29,21399.78,2.07,38943.72,,22747.14,5.09,83090.64,5.6,337765.94,5.62
2,2024-01-01,1,184.0,1011816.0,0.0,475599.2,1487415.2,1061905.57,45350.0,514984.23,1622239.8,50089.57,4.95,45350.0,,39385.03,8.28,134824.6,9.06,134824.6,9.06
2,2024-02-01,1,178.9,983771.1,0.0,463159.18,1446930.28,1032114.79,44722.58,483349.81,1560187.18,48343.69,4.91,44722.58,,20190.63,4.36,113256.9,7.83,248081.5,8.45
2,2024-03-01,1,174.5,959575.5,0.0,449684.38,1409259.88,1024329.62,41187.72,497489.22,1563006.56,64754.12,6.75,41187.72,,47804.84,10.63,153746.68,10.91,401828.18,9.25
2,2024-04-01,1,171.9,945278.1,0.0,431041.22,1376319.32,984607.25,32943.96,462919.53,1480470.74,39329.15,4.16,32943.96,,31878.31,7.4,104151.42,7.57,505979.6,8.85
2,2024-05-01,1,171.6,943628.4,0.0,426325.75,1369954.15,1011141.03,39124.28,380378.01,1430643.32,67512.63,7.15,39124.28,,-45947.74,-10.78,60689.17,4.43,566668.77,7.99
2,2024-06-01,1,173.6,954626.4,0.0,421083.02,1375709.42,990535.44,29810.71,392819.74,1413165.89,35909.04,3.76,29810.71,,-28263.28,-6.71,37456.47,2.72,604125.24,7.14
2,2024-07-01,1,177.3,974972.7,0.0,450473.92,1425446.62,950325.1,29446.96,472083.6,1451855.66,-24647.6,-2.53,29446.96,,21609.68,4.8,26409.04,1.85,630534.28,6.37
2,2024-08-01,1,181.6,998618.4,0.0,428725.74,1427344.14,996531.93,32160.1,379218.85,1407910.88,-2086.47,-0.21,32160.1,,-49506.89,-11.55,-19433.26,-1.36,611101.02,5.4
2,2024-09-01,1,185.2,1018414.8,0.0,438979.26,1457394.06,1027406.78,36120.2,473690.77,1537217.75,8991.98,0.88,36120.2,,34711.51,7.91,79823.69,5.48,690924.71,5.41
2,2024-10-01,1,187.2,1029412.8,0.0,467210.9,1496623.7,993972.92,35392.66,439266.61,1468632.19,-35439.88,-3.44,35392.66,,-27944.29,-5.98,-27991.51,-1.87,662933.2,4.64
2,2024-11-01,1,186.8,1027213.2,0.0,471245.84,1498459.04,997658.54,36975.39,520126.44,1554760.37,-29554.66,-2.88,36975.39,,48880.6,10.37,56301.33,3.76,719234.53,4.56
2,2024-12-01,1,184.2,1012915.8,0.0,477331.17,1490246.97,1009962.8,33875.42,530177.05,1574015.27,-2953.0,-0.29,33875.42,,52845.88,11.07,83768.3,5.62,803002.83,4.65
2,2025-01-01,1,179.8,988720.2,0.0,428074.88,1416795.08,968507.97,31223.93,451323.68,1451055.58,-20212.23,-2.04,31223.93,,23248.8,5.43,34260.5,2.42,34260.5,2.42
2,2025-02-01,1,174.9,961775.1,0.0,453602.44,1415377.54,981697.85,32432.93,412611.16,1426741.94,19922.75,2.07,32432.93,,-40991.28,-9.04,11364.4,0.8,45624.9,1.61
2,2025-03-01,1,170.6,938129.4,0.0,401299.51,1339428.91,944337.73,40043.05,435709.51,1420090.29,6208.33,0.66,40043.05,,34410.0,8.57,80661.38,6.02,126286.28,3.03
2,2025-04-01,1,168.0,923832.0,0.0,428619.91,1352451.91,932632.78,32702.23,474421.84,1439756.85,8800.78,0.95,32702.23,,45801.93,10.69,87304.94,6.46,213591.22,3.87
2,2025-05-01,1,167.7,922182.3,0.0,418788.58,1340970.88,956419.45,38300.87,465196.06,1459916.38,34237.15,3.71,38300.87,,46407.48,11.08,118945.5,8.87,332536.72,4.84
2,2025-06-01,1,169.6,932630.4,0.0,414764.17,1347394.57,938430.06,34780.73,435868.64,1409079.43,5799.66,0.62,34780.73,,21104.47,5.09,61684.86,4.58,394221.58,4.8
2,2025-07-01,1,173.2,952426.8,0.0,424666.86,1377093.66,940025.44,35866.03,388465.75,1364357.22,-12401.36,-1.3,35866.03,,-36201.11,-8.52,-12736.44,-0.92,381485.14,3.98
2,2025-08-01,1,177.4,975522.6,0.0,432866.46,1408389.06,922551.18,28454.17,386533.33,1337538.68,-52971.42,-5.43,28454.17,,-46333.13,-10.7,-70850.38,-5.03,310634.76,2.82
2,2025-09-01,1,181.0,995319.0,0.0,465250.55,1460569.55,944420.92,33651.08,491938.89,1470010.89,-50898.08,-5.11,33651.08,,26688.34,5.74,9441.34,0.65,320076.1,2.57
2,2025-10-01,1,182.9,1005767.1,0.0,443401.53,1449168.63,956229.01,33535.26,393226.46,1382990.73,-49538.09,-4.93,33535.26,,-50175.07,-11.32,-66177.9,-4.57,253898.2,1.83
2,2025-11-01,1,182.5,1003567.5,0.0,452746.44,1456313.94,963477.72,32139.24,471859.73,1467476.69,-40089.78,-3.99,32139.24,,19113.29,4.22,11162.75,0.77,265060.95,1.73
2,2025-12-01,1,179.9,989270.1,0.0,455258.86,1444528.96,930891.97,30963.27,497048.09,1458903.33,-58378.13,-5.9,30963.27,,41789.23,9.18,14374.37,1.0,279435.32,1.66
2,2026-01-01,1,175.7,966174.3,0.0,422255.85,1388430.15,945917.49,40196.64,471950.12,1458064.25,-20256.81,-2.1,40196.64,,49694.27,11.77,69634.1,5.02,69634.1,5.02
2,2026-02-01,1,170.9,939779.1,0.0,424868.76,1364647.86,933915.96,28010.33,446980.8,1408907.09,-5863.14,-0.62,28010.33,,22112.04,5.2,44259.23,3.24,113893.33,4.14
2,2026-03-01,1,166.6,916133.4,0.0,430426.23,1346559.63,906309.82,35608.52,384837.53,1326755.87,-9823.58,-1.07,35608.52,,-45588.7,-10.59,-19803.76,-1.47,94089.57,2.3
2,2026-04-01,1,164.1,902385.9,0.0,398129.28,1300515.18,880019.15,37395.47,416137.83,1333552.45,-22366.75,-2.48,37395.47,,18008.55,4.52,33037.27,2.54,127126.84,2.35
2,2026-05-01,1,163.8,900736.2,0.0,397755.56,1298491.76,898178.55,28006.05,351064.1,1277248.7,-2557.65,-0.28,28006.05,,-46691.46,-11.74,-21243.06,-1.64,105883.78,1.58
2,2026-06-01,1,165.7,911184.3,0.0,419901.64,1331085.94,866017.16,28079.39,398660.7,1292757.25,-45167.14,-4.96,28079.39,,-21240.94,-5.06,-38328.69,-2.88,67555.09,0.84
2,2026-07-01,1,169.2,930430.8,0.0,427592.1,1358022.9,900266.93,32420.06,461269.02,1393956.01,-30163.87,-3.24,32420.06,,33676.92,7.88,35933.11,2.65,103488.2,1.1
2,2026-08-01,1,173.3,952976.7,0.0,429116.36,1382093.06,910233.82,32225.08,387592.93,1330051.83,-42742.88,-4.49,32225.08,,-41523.43,-9.68,-52041.23,-3.77,51446.97,0.48
3,2023-09-01,1,93.2,711815.0,0.0,762492.83,1474307.83,639514.83,25808.57,684811.93,1350135.33,-72300.17,-10.16,25808.57,,-77680.9,-10.19,-124172.5,-8.42,-124172.5,-8.42
3,2023-10-01,1,94.2,719452.5,0.0,739355.31,1458807.81,628956.33,21938.47,806984.22,1457879.02,-90496.17,-12.58,21938.47,,67628.91,9.15,-928.79,-0.06,-125101.29,-4.27
3,2023-11-01,1,94.0,717925.0,0.0,891988.44,1609913.44,637260.73,22033.61,921877.45,1581171.79,-80664.27,-11.24,22033.61,,29889.01,3.35,-28741.65,-1.79,-153842.94,-3.39
3,2023-12-01,1,92.7,707996.25,0.0,884412.98,1592409.23,627956.2,20831.18,856549.71,1505337.09,-80040.05,-11.31,20831.18,,-27863.27,-3.15,-87072.14,-5.47,-240915.08,-3.93
3,2024-01-01,1,90.5,691193.75,0.0,846983.38,1538177.13,603261.49,22909.25,779940.21,1406110.95,-87932.26,-12.72,22909.25,,-67043.17,-7.92,-132066.18,-8.59,-132066.18,-8.59
3,2024-02-01,1,88.0,672100.0,0.0,781126.19,1453226.19,600107.77,19548.14,718196.46,1337852.37,-71992.23,-10.71,19548.14,,-62929.73,-8.06,-115373.82,-7.94,-247440.0,-8.27
3,2024-03-01,1,85.9,656061.25,0.0,711734.48,1367795.73,594361.8,23598.97,666692.02,1284652.79,-61699.45,-9.4,23598.97,,-45042.46,-6.33,-83142.94,-6.08,-330582.94,-7.58
3,2024-04-01,1,84.5,645368.75,0.0,666679.4,1312048.15,606871.98,24319.09,703111.61,1334302.68,-38496.77,-5.97,24319.09,,36432.21,5.46,22254.53,1.7,-308328.41,-5.44
3,2024-05-01,1,84.4,644605.0,0.0,677793.37,1322398.37,608477.67,22552.76,614676.32,1245706.75,-36127.33,-5.6,22552.76,,-63117.05,-9.31,-76691.62,-5.8,-385020.03,-5.51
3,2024-06-01,1,85.4,652242.5,0.0,655597.8,1307840.3,614834.65,20804.84,629347.29,1264986.78,-37407.85,-5.74,20804.84,,-26250.51,-4.0,-42853.52,-3.28,-427873.55,-5.15
3,2024-07-01,1,87.2,665990.0,0.0,794996.98,1460986.98,604631.07,21152.85,840600.2,1466384.12,-61358.93,-9.21,21152.85,,45603.22,5.74,5397.14,0.37,-422476.41,-4.33
3,2024-08-01,1,89.3,682028.75,0.0,798685.3,1480714.05,612177.7,20225.97,823803.68,1456207.35,-69851.05,-10.24,20225.97,,25118.38,3.14,-24506.7,-1.66,-446983.11,-3.98
3,2024-09-01,1,91.1,695776.25,0.0,699315.39,1395091.64,607322.1,21798.18,780308.26,1409428.54,-88454.15,-12.71,21798.18,,80992.87,11.58,14336.9,1.03,-432646.21,-3.42
3,2024-10-01,1,92.1,703413.75,0.0,770421.34,1473835.09,610648.99,22724.99,845309.16,1478683.14,-92764.76,-13.19,22724.99,,74887.82,9.72,4848.05,0.33,-427798.16,-3.03
3,2024-11-01,1,91.9,701886.25,0.0,880282.94,1582169.19,606333.01,23753.22,962168.68,1592254.91,-95553.24,-13.61,23753.22,,81885.74,9.3,10085.72,0.64,-417712.44,-2.66
3,2024-12-01,1,90.6,691957.5,0.0,862892.88,1554850.38,603897.68,21962.91,823919.92,1449780.51,-88059.82,-12.73,21962.91,,-38972.96,-4.52,-105069.87,-6.76,-522782.31,-3.03
3,2025-01-01,1,88.5,675918.75,0.0,846135.93,1522054.68,582447.39,24845.58,791303.67,1398596.64,-93471.36,-13.83,24845.58,,-54832.26,-6.48,-123458.04,-8.11,-123458.04,-8.11
3,2025-02-01,1,86.0,656825.0,0.0,766115.63,1422940.63,599322.41,20308.37,793332.25,1412963.03,-57502.59,-8.75,20308.37,,27216.62,3.55,-9977.6,-0.7,-133435.64,-4.53
3,2025-03-01,1,83.9,640786.25,0.0,704605.25,1345391.5,578996.31,19419.03,747603.39,1346018.73,-61789.94,-9.64,19419.03,,42998.14,6.1,627.23,0.05,-132808.41,-3.1
3,2025-04-01,1,82.6,630857.5,0.0,645014.26,1275871.76,574186.43,18191.63,693280.86,1285658.92,-56671.07,-8.98,18191.63,,48266.6,7.48,9787.16,0.77,-123021.25,-2.21
3,2025-05-01,1,82.5,630093.75,0.0,663429.31,1293523.06,571403.21,20667.46,700671.93,1292742.6,-58690.54,-9.31,20667.46,,37242.62,5.61,-780.46,-0.06,-123801.71,-1.8
3,2025-06-01,1,83.4,636967.5,0.0,668019.65,1304987.15,580235.53,21906.93,729511.03,1331653.49,-56731.97,-8.91,21906.93,,61491.38,9.21,26666.34,2.04,-97135.37,-1.19
3,2025-07-01,1,85.2,650715.0,0.0,774815.34,1425530.34,578636.49,23224.76,862706.53,1464567.78,-72078.51,-11.08,23224.76,,87891.19,11.34,39037.44,2.74,-58097.93,-0.61
3,2025-08-01,1,87.3,666753.75,0.0,747291.81,1414045.56,592736.04,24739.35,812781.24,1430256.63,-74017.71,-11.1,24739.35,,65489.43,8.76,16211.07,1.15,-41886.86,-0.38
3,2025-09-01,1,89.0,679737.5,0.0,745020.1,1424757.6,599100.57,26118.55,671145.56,1296364.68,-80636.93,-11.86,26118.55,,-73874.54,-9.92,-128392.92,-9.01,-170279.78,-1.37
3,2025-10-01,1,90.0,687375.0,0.0,712742.69,1400117.69,599496.72,22279.47,665877.04,1287653.23,-87878.28,-12.78,22279.47,,-46865.65,-6.58,-112464.46,-8.03,-282744.24,-2.04
3,2025-11-01,1,89.8,685847.5,0.0,806952.83,1492800.33,617610.12,24490.1,881983.42,1524083.64,-68237.38,-9.95,24490.1,,75030.59,9.3,31283.31,2.1,-251460.93,-1.64
3,2025-12-01,1,88.5,675918.75,0.0,781739.57,1457658.32,586754.18,20657.75,713497.19,1320909.12,-89164.57,-13.19,20657.75,,-68242.38,-8.73,-136749.2,-9.38,-388210.13,-2.31
3,2026-01-01,1,86.4,659880.0,0.0,783785.41,1443665.41,599737.98,22963.45,839050.32,1461751.75,-60142.02,-9.11,22963.45,,55264.91,7.05,18086.34,1.25,18086.34,1.25
3,2026-02-01,1,84.0,641550.0,0.0,778271.26,1419821.26,579030.0,24330.83,841303.36,1444664.19,-62520.0,-9.75,24330.83,,63032.1,8.1,24842.93,1.75,42929.27,1.5
3,2026-03-01,1,82.0,626275.0,0.0,654269.5,1280544.5,578844.98,18896.53,679516.01,1277257.52,-47430.02,-7.57,18896.53,,25246.51,3.86,-3286.98,-0.26,39642.29,0.96
3,2026-04-01,1,80.7,616346.25,0.0,635894.32,1252240.57,576254.88,17115.5,590867.24,1184237.62,-40091.37,-6.5,17115.5,,-45027.08,-7.08,-68002.95,-5.43,-28360.66,-0.53
3,2026-05-01,1,80.6,615582.5,0.0,637881.18,1253463.68,550484.16,22411.4,698911.12,1271806.68,-65098.34,-10.58,22411.4,,61029.94,9.57,18343.0,1.46,-10017.66,-0.15
3,2026-06-01,1,81.5,622456.25,0.0,654932.78,1277389.03,550321.08,18860.79,711157.29,1280339.16,-72135.17,-11.59,18860.79,,56224.51,8.58,2950.13,0.23,-7067.53,-0.09
3,2026-07-01,1,83.2,635440.0,0.0,735813.19,1371253.19,557633.75,20256.14,700278.87,1278168.76,-77806.25,-12.24,20256.14,,-35534.32,-4.83,-93084.43,-6.79,-100151.96,-1.08
3,2026-08-01,1,85.2,650715.0,0.0,776224.18,1426939.18,549975.26,22836.92,698634.66,1271446.84,-100739.74,-15.48,22836.92,,-77589.52,-10.0,-155492.34,-10.9,-255644.3,-2.38
4,2023-09-01,1,77.3,557719.5,0.0,80161.06,637880.56,607466.41,19761.53,89491.52,716719.46,49746.91,8.92,19761.53,,9330.46,11.64,78838.9,12.36,78838.9,12.36
4,2023-10-01,1,78.1,563491.5,0.0,85790.26,649281.76,581398.75,19010.42,90279.03,690688.2,17907.25,3.18,19010.42,,4488.77,5.23,41406.44,6.38,120245.34,9.34
4,2023-11-01,1,78.0,562770.0,0.0,81604.06,644374.06,581537.69,17561.52,77157.67,676256.88,18767.69,3.33,17561.52,,-4446.39,-5.45,31882.82,4.95,152128.16,7.88
4,2023-12-01,1,76.9,554833.5,0.0,87072.16,641905.66,578376.57,22516.65,77170.24,678063.46,23543.07,4.24,22516.65,,-9901.92,-11.37,36157.8,5.63,188285.96,7.32
4,2024-01-01,1,75.1,541846.5,0.0,84387.57,626234.07,592298.72,17656.0,76070.19,686024.91,50452.22,9.31,17656.0,,-8317.38,-9.86,59790.84,9.55,59790.84,9.55
4,2024-02-01,1,73.0,526695.0,0.0,79714.72,606409.72,593506.44,22384.67,76296.27,692187.38,66811.44,12.69,22384.67,,-3418.45,-4.29,85777.66,14.15,145568.5,11.81
4,2024-03-01,1,71.2,513708.0,0.0,77289.23,590997.23,574292.83,21975.62,84901.27,681169.72,60584.83,11.79,21975.62,,7612.04,9.85,90172.49,15.26,235740.99,12.93
4,2024-04-01,1,70.1,505771.5,0.0,79178.46,584949.96,592297.66,20848.38,87612.6,700758.64,86526.16,17.11,20848.38,,8434.14,10.65,115808.68,19.8,351549.67,14.6
4,2024-05-01,1,70.0,505050.0,0.0,78834.17,583884.17,586820.03,19185.6,86527.98,692533.61,81770.03,16.19,19185.6,,7693.81,9.76,108649.44,18.61,460199.11,15.38
4,2024-06-01,1,70.8,510822.0,0.0,78395.7,589217.7,593468.31,19337.04,87628.67,700434.02,82646.31,16.18,19337.04,,9232.97,11.78,111216.32,18.88,571415.43,15.95
4,2024-07-01,1,72.3,521644.5,0.0,78324.89,599969.39,575426.58,19695.41,86798.75,681920.74,53782.08,10.31,19695.41,,8473.86,10.82,81951.35,13.66,653366.78,15.62
4,2024-08-01,1,74.1,534631.5,0.0,84161.95,618793.45,602945.38,24040.29,75462.65,702448.32,68313.88,12.78,24040.29,,-8699.3,-10.34,83654.87,13.52,737021.65,15.35
4,2024-09-01,1,75.6,545454.0,0.0,82221.08,627675.08,556725.2,20996.94,88306.52,666028.66,11271.2,2.07,20996.94,,6085.44,7.4,38353.58,6.11,775375.23,14.28
4,2024-10-01,1,76.4,551226.0,0.0,80888.68,632114.68,552835.93,23063.52,87973.21,663872.66,1609.93,0.29,23063.52,,7084.53,8.76,31757.98,5.02,807133.21,13.32
4,2024-11-01,1,76.2,549783.0,0.0,86277.09,636060.09,592036.25,24117.03,77117.16,693270.44,42253.25,7.69,24117.03,,-9159.93,-10.62,57210.35,8.99,864343.56,12.91
4,2024-12-01,1,75.1,541846.5,0.0,78997.26,620843.76,592478.88,17134.63,70232.6,679846.11,50632.38,9.34,17134.63,,-8764.66,-11.09,59002.35,9.5,923345.91,12.62
4,2025-01-01,1,73.4,529581.0,0.0,81524.48,611105.48,587793.23,24923.93,84783.03,697500.19,58212.23,10.99,24923.93,,3258.55,4.0,86394.71,14.14,86394.71,14.14
4,2025-02-01,1,71.4,515151.0,0.0,79463.74,594614.74,589932.94,20563.93,75017.65,685514.52,74781.94,14.52,20563.93,,-4446.09,-5.6,90899.78,15.29,177294.49,14.7
4,2025-03-01,1,69.6,502164.0,0.0,73527.36,575691.36,574727.86,18814.25,78038.04,671580.15,72563.86,14.45,18814.25,,4510.68,6.13,95888.79,16.66,273183.28,15.34
4,2025-04-01,1,68.5,494227.5,0.0,73575.29,567802.79,565982.36,24343.94,80421.33,670747.63,71754.86,14.52,24343.94,,6846.04,9.3,102944.84,18.13,376128.12,16.01
4,2025-05-01,1,68.4,493506.0,0.0,70878.08,564384.08,573091.41,21544.62,66668.82,661304.85,79585.41,16.13,21544.62,,-4209.26,-5.94,96920.77,17.17,473048.89,16.24
4,2025-06-01,1,69.2,499278.0,0.0,76527.85,575805.85,560065.19,17402.06,72761.13,650228.38,60787.19,12.18,17402.06,,-3766.72,-4.92,74422.53,12.92,547471.42,15.69
4,2025-07-01,1,70.7,510100.5,0.0,79303.03,589403.53,539250.11,17666.11,86616.76,643532.98,29149.61,5.71,17666.11,,7313.73,9.22,54129.45,9.18,601600.87,14.75
4,2025-08-01,1,72.4,522366.0,0.0,77457.06,599823.06,563740.02,22333.04,69403.56,655476.62,41374.02,7.92,22333.04,,-8053.5,-10.4,55653.56,9.28,657254.43,14.05
4,2025-09-01,1,73.8,532467.0,0.0,81453.95,613920.95,541813.51,16566.81,87377.23,645757.55,9346.51,1.76,16566.81,,5923.28,7.27,31836.6,5.19,689091.03,13.02
4,2025-10-01,1,74.6,538239.0,0.0,81300.25,619539.25,569219.56,22912.91,75284.68,667417.15,30980.56,5.76,22912.91,,-6015.57,-7.4,47877.9,7.73,736968.93,12.47
4,2025-11-01,1,74.5,537517.5,0.0,81842.26,619359.76,576404.17,21936.63,86682.82,685023.62,38886.67,7.23,21936.63,,4840.56,5.91,65663.86,10.6,802632.79,12.29
4,2025-12-01,1,73.4,529581.0,0.0,82468.6,612049.6,572895.16,24127.19,73973.59,670995.94,43314.16,8.18,24127.19,,-8495.01,-10.3,58946.34,9.63,861579.13,12.06
4,2026-01-01,1,71.7,517315.5,0.0,74789.02,592104.52,574777.37,18550.83,80526.69,673854.89,57461.87,11.11,18550.83,,5737.67,7.67,81750.37,13.81,81750.37,13.81
4,2026-02-01,1,69.7,502885.5,0.0,76976.85,579862.35,557582.75,19709.64,68868.55,646160.94,54697.25,10.88,19709.64,,-8108.3,-10.53,66298.59,11.43,148048.96,12.63
4,2026-03-01,1,68.0,490620.0,0.0,72966.28,563586.28,558687.85,19989.65,79954.75,658632.25,68067.85,13.87,19989.65,,6988.47,9.58,95045.97,16.86,243094.93,14.01
4,2026-04-01,1,66.9,482683.5,0.0,69960.36,552643.86,553377.97,20177.91,77568.49,651124.37,70694.47,14.65,20177.91,,7608.13,10.87,98480.51,17.82,341575.44,14.93
4,2026-05-01,1,66.8,481962.0,0.0,73662.62,555624.62,564593.41,22893.66,70321.26,657808.33,82631.41,17.14,22893.66,,-3341.36,-4.54,102183.71,18.39,443759.15,15.6
4,2026-06-01,1,67.6,487734.0,0.0,72258.02,559992.02,551795.61,17621.78,66983.38,636400.77,64061.61,13.13,17621.78,,-5274.64,-7.3,76408.75,13.64,520167.9,15.28
4,2026-07-01,1,69.0,497835.0,0.0,78018.06,575853.06,577398.35,20110.41,73176.08,670684.84,79563.35,15.98,20110.41,,-4841.98,-6.21,94831.78,16.47,614999.68,15.45
4,2026-08-01,1,70.7,510100.5,0.0,74074.76,584175.26,568284.97,18507.47,81933.94,668726.38,58184.47,11.41,18507.47,,7859.18,10.61,84551.12,14.47,699550.8,15.33
5,2023-09-01,1,72.5,565500.0,0.0,148265.92,713765.92,711894.98,26501.88,164557.52,902954.38,146394.98,25.89,26501.88,,16291.6,10.99,189188.46,26.51,189188.46,26.51
5,2023-10-01,1,73.3,571740.0,0.0,145658.23,717398.23,709593.81,30544.93,140088.79,880227.53,137853.81,24.11,30544.93,,-5569.44,-3.82,162829.3,22.7,352017.76,24.6
5,2023-11-01,1,73.1,570180.0,0.0,141579.01,711759.01,736663.46,29619.96,136949.86,903233.28,166483.46,29.2,29619.96,,-4629.15,-3.27,191474.27,26.9,543492.03,25.36
5,2023-12-01,1,72.1,562380.0,0.0,140072.71,702452.71,712647.5,24680.1,147474.41,884802.01,150267.5,26.72,24680.1,,7401.7,5.28,182349.3,25.96,725841.33,25.51
5,2024-01-01,1,70.4,549120.0,0.0,139489.05,688609.05,704920.81,28957.36,131263.19,865141.36,155800.81,28.37,28957.36,,-8225.86,-5.9,176532.31,25.64,176532.31,25.64
5,2024-02-01,1,68.5,534300.0,0.0,140099.83,674399.83,692719.0,26675.91,156157.34,875552.25,158419.0,29.65,26675.91,,16057.51,11.46,201152.42,29.83,377684.73,27.71
5,2024-03-01,1,66.8,521040.0,0.0,134749.31,655789.31,690764.04,21254.97,119874.75,831893.76,169724.04,32.57,21254.97,,-14874.56,-11.04,176104.45,26.85,553789.18,27.43
5,2024-04-01,1,65.8,513240.0,0.0,123861.75,637101.75,687872.21,25103.24,110049.87,823025.32,174632.21,34.03,25103.24,,-13811.88,-11.15,185923.57,29.18,739712.75,27.85
5,2024-05-01,1,65.7,512460.0,0.0,129261.6,641721.6,708292.27,23160.85,133751.68,865204.8,195832.27,38.21,23160.85,,4490.08,3.47,223483.2,34.83,963195.95,29.21
5,2024-06-01,1,66.4,517920.0,0.0,135254.14,653174.14,663675.74,28750.97,151080.83,843507.54,145755.74,28.14,28750.97,,15826.69,11.7,190333.4,29.14,1153529.35,29.2
5,2024-07-01,1,67.8,528840.0,0.0,126820.51,655660.51,675423.5,20442.61,116879.63,812745.74,146583.5,27.72,20442.61,,-9940.88,-7.84,157085.23,23.96,1310614.58,28.45
5,2024-08-01,1,69.5,542100.0,0.0,139517.07,681617.07,675841.8,20599.28,147613.5,844054.58,133741.8,24.67,20599.28,,8096.43,5.8,162437.51,23.83,1473052.09,27.86
5,2024-09-01,1,70.9,553020.0,0.0,133807.74,686827.74,684620.37,27268.69,148972.7,860861.76,131600.37,23.8,27268.69,,15164.96,11.33,174034.02,25.34,1647086.11,27.57
5,2024-10-01,1,71.6,558480.0,0.0,135715.73,694195.73,671946.24,27830.07,141903.53,841679.84,113466.24,20.32,27830.07,,6187.8,4.56,147484.11,21.25,1794570.22,26.91
5,2024-11-01,1,71.5,557700.0,0.0,145901.11,703601.11,679130.81,20410.16,133581.04,833122.01,121430.81,21.77,20410.16,,-12320.07,-8.44,129520.9,18.41,1924091.12,26.1
5,2024-12-01,1,70.5,549900.0,0.0,135224.16,685124.16,691104.96,25623.2,120931.99,837660.15,141204.96,25.68,25623.2,,-14292.17,-10.57,152535.99,22.26,2076627.11,25.77
5,2025-01-01,1,68.8,536640.0,0.0,139537.18,676177.18,688498.67,26735.28,124735.24,839969.19,151858.67,28.3,26735.28,,-14801.94,-10.61,163792.01,24.22,163792.01,24.22
5,2025-02-01,1,66.9,521820.0,0.0,125466.27,647286.27,671393.89,22312.31,118042.2,811748.4,149573.89,28.66,22312.31,,-7424.07,-5.92,164462.13,25.41,328254.14,24.8
5,2025-03-01,1,65.3,509340.0,0.0,133095.26,642435.26,670481.66,26985.56,143164.09,840631.31,161141.66,31.64,26985.56,,10068.83,7.57,198196.05,30.85,526450.19,26.78
5,2025-04-01,1,64.3,501540.0,0.0,127247.16,628787.16,650584.12,23839.76,132498.36,806922.24,149044.12,29.72,23839.76,,5251.2,4.13,178135.08,28.33,704585.27,27.15
5,2025-05-01,1,64.2,500760.0,0.0,127422.79,628182.79,662807.8,19560.35,123196.6,805564.75,162047.8,32.36,19560.35,,-4226.19,-3.32,177381.96,28.24,881967.23,27.37
5,2025-06-01,1,64.9,506220.0,0.0,122709.19,628929.19,637883.08,24426.25,127929.29,790238.62,131663.08,26.01,24426.25,,5220.1,4.25,161309.43,25.65,1043276.66,27.09
5,2025-07-01,1,66.3,517140.0,0.0,133563.64,650703.64,642727.1,26877.8,129051.31,798656.21,125587.1,24.28,26877.8,,-4512.33,-3.38,147952.57,22.74,1191229.23,26.46
5,2025-08-01,1,67.9,529620.0,0.0,131083.0,660703.0,688771.99,26330.9,119551.45,834654.34,159151.99,30.05,26330.9,,-11531.55,-8.8,173951.34,26.33,1365180.57,26.44
5,2025-09-01,1,69.3,540540.0,0.0,130811.45,671351.45,679063.2,28411.89,123872.61,831347.7,138523.2,25.63,28411.89,,-6938.84,-5.3,159996.25,23.83,1525176.82,26.14
5,2025-10-01,1,70.0,546000.0,0.0,131191.18,677191.18,696425.2,25330.62,118389.38,840145.2,150425.2,27.55,25330.62,,-12801.8,-9.76,162954.02,24.06,1688130.84,25.92
5,2025-11-01,1,69.9,545220.0,0.0,130216.3,675436.3,688588.02,23406.89,115947.58,827942.49,143368.02,26.3,23406.89,,-14268.72,-10.96,152506.19,22.58,1840637.03,25.61
5,2025-12-01,1,68.9,537420.0,0.0,140174.25,677594.25,671584.32,23644.04,151592.6,846820.96,134164.32,24.96,23644.04,,11418.35,8.15,169226.71,24.97,2009863.74,25.56
5,2026-01-01,1,67.2,524160.0,0.0,132808.87,656968.87,669229.35,28192.84,140510.45,837932.64,145069.35,27.68,28192.84,,7701.58,5.8,180963.77,27.55,180963.77,27.55
5,2026-02-01,1,65.4,510120.0,0.0,132684.47,642804.47,655191.92,19681.63,146749.04,821622.59,145071.92,28.44,19681.63,,14064.57,10.6,178818.12,27.82,359781.89,27.68
5,2026-03-01,1,63.8,497640.0,0.0,127684.9,625324.9,672295.79,22287.89,112618.23,807201.91,174655.79,35.1,22287.89,,-15066.67,-11.8,181877.01,29.09,541658.9,28.14
5,2026-04-01,1,62.8,489840.0,0.0,120933.22,610773.22,668885.81,25083.43,128020.63,821989.87,179045.81,36.55,25083.43,,7087.41,5.86,211216.65,34.58,752875.55,29.69
5,2026-05-01,1,62.7,489060.0,0.0,121047.02,610107.02,663793.11,27226.08,133637.44,824656.63,174733.11,35.73,27226.08,,12590.42,10.4,214549.61,35.17,967425.16,30.75
5,2026-06-01,1,63.4,494520.0,0.0,117916.99,612436.99,653166.91,24143.82,104207.87,781518.6,158646.91,32.08,24143.82,,-13709.12,-11.63,169081.61,27.61,1136506.77,30.24
5,2026-07-01,1,64.7,504660.0,0.0,126065.14,630725.14,663878.53,23624.11,138405.12,825907.76,159218.53,31.55,23624.11,,12339.98,9.79,195182.62,30.95,1331689.39,30.34
5,2026-08-01,1,66.3,517140.0,0.0,134653.54,651793.54,689142.19,22259.25,125488.96,836890.4,172002.19,33.26,22259.25,,-9164.58,-6.81,185096.86,28.4,1516786.25,30.09
6,2023-09-01,1,111.0,1266352.75,0.0,151531.12,1417883.87,1243016.15,45081.41,145354.67,1433452.23,-23336.6,-1.84,45081.41,,-6176.45,-4.08,15568.36,1.1,15568.36,1.1
6,2023-10-01,1,112.2,1280043.05,0.0,153782.07,1433825.12,1232828.25,48932.18,135355.49,1417115.92,-47214.8,-3.69,48932.18,,-18426.58,-11.98,-16709.2,-1.17,-1140.84,-0.04
6,2023-11-01,1,112.0,1277761.33,0.0,150827.17,1428588.5,1213611.15,36733.09,163224.15,1413568.39,-64150.18,-5.02,36733.09,,12396.98,8.22,-15020.11,-1.05,-16160.95,-0.38
6,2023-12-01,1,110.4,1259507.6,0.0,157537.71,1417045.31,1208913.36,50686.46,150805.31,1410405.13,-50594.24,-4.02,50686.46,,-6732.4,-4.27,-6640.18,-0.47,-22801.13,-0.4
6,2024-01-01,1,107.8,1229845.28,0.0,143653.93,1373499.21,1242598.74,41677.7,134018.84,1418295.28,12753.46,1.04,41677.7,,-9635.09,-6.71,44796.07,3.26,44796.07,3.26
6,2024-02-01,1,104.9,1196760.39,0.0,138161.08,1334921.47,1226517.94,48806.46,143870.71,1419195.11,29757.55,2.49,48806.46,,5709.63,4.13,84273.64,6.31,129069.71,4.77
6,2024-03-01,1,102.3,1167098.07,0.0,139029.01,1306127.08,1212649.39,35262.49,123169.16,1371081.04,45551.32,3.9,35262.49,,-15859.85,-11.41,64953.96,4.97,194023.67,4.83
6,2024-04-01,1,100.7,1148844.34,0.0,137818.62,1286662.96,1214258.73,43959.08,143839.39,1402057.2,65414.39,5.69,43959.08,,6020.77,4.37,115394.24,8.97,309417.91,5.84
6,2024-05-01,1,100.5,1146562.62,0.0,143312.24,1289874.86,1215904.42,51342.86,126722.56,1393969.84,69341.8,6.05,51342.86,,-16589.68,-11.58,104094.98,8.07,413512.89,6.27
6,2024-06-01,1,101.7,1160252.93,0.0,136598.65,1296851.58,1174605.73,37082.54,125813.22,1337501.49,14352.8,1.24,37082.54,,-10785.43,-7.9,40649.91,3.13,454162.8,5.76
6,2024-07-01,1,103.9,1185351.81,0.0,144037.55,1329389.36,1203160.51,46390.8,133666.17,1383217.48,17808.7,1.5,46390.8,,-10371.38,-7.2,53828.12,4.05,507990.92,5.51
6,2024-08-01,1,106.4,1213873.27,0.0,151145.5,1365018.77,1182560.88,46162.81,139677.7,1368401.39,-31312.39,-2.58,46162.81,,-11467.8,-7.59,3382.62,0.25,511373.54,4.83
6,2024-09-01,1,108.6,1238972.15,0.0,153909.73,1392881.88,1201461.37,46897.78,171612.94,1419972.09,-37510.78,-3.03,46897.78,,17703.21,11.5,27090.21,1.94,538463.75,4.5
6,2024-10-01,1,109.7,1251521.59,0.0,154350.95,1405872.54,1188013.16,45382.57,142892.96,1376288.69,-63508.43,-5.07,45382.57,,-11457.99,-7.42,-29583.85,-2.1,508879.9,3.8
6,2024-11-01,1,109.5,1249239.88,0.0,142859.71,1392099.59,1196585.2,41925.71,125805.89,1364316.8,-52654.68,-4.21,41925.71,,-17053.82,-11.94,-27782.79,-2.0,481097.11,3.26
6,2024-12-01,1,107.9,1230986.14,0.0,151720.61,1382706.75,1180168.7,41452.61,144155.86,1365777.17,-50817.44,-4.13,41452.61,,-7564.75,-4.99,-16929.58,-1.22,464167.53,2.87
6,2025-01-01,1,105.4,1202464.68,0.0,147064.74,1349529.42,1168949.01,44495.54,158848.28,1372292.83,-33515.67,-2.79,44495.54,,11783.54,8.01,22763.41,1.69,22763.41,1.69
6,2025-02-01,1,102.5,1169379.79,0.0,135216.93,1304596.72,1199848.7,49735.67,146763.33,1396347.7,30468.91,2.61,49735.67,,11546.4,8.54,91750.98,7.03,114514.39,4.31
6,2025-03-01,1,100.0,1140858.33,0.0,132941.19,1273799.52,1155366.15,46422.8,126048.94,1327837.89,14507.82,1.27,46422.8,,-6892.25,-5.18,54038.37,4.24,168552.76,4.29
6,2025-04-01,1,98.5,1123745.46,0.0,129324.34,1253069.8,1141613.2,45817.4,134431.36,1321861.96,17867.74,1.59,45817.4,,5107.02,3.95,68792.16,5.49,237344.92,4.58
6,2025-05-01,1,98.3,1121463.74,0.0,140287.37,1261751.11,1183584.04,47745.52,126644.06,1357973.62,62120.3,5.54,47745.52,,-13643.31,-9.73,96222.51,7.63,333567.43,5.18
6,2025-06-01,1,99.4,1134013.18,0.0,140393.02,1274406.2,1151212.8,36069.07,131587.2,1318869.07,17199.62,1.52,36069.07,,-8805.82,-6.27,44462.87,3.49,378030.3,4.9
6,2025-07-01,1,101.5,1157971.21,0.0,144712.7,1302683.91,1185587.11,41805.75,128019.83,1355412.69,27615.9,2.38,41805.75,,-16692.87,-11.54,52728.78,4.05,430759.08,4.78
6,2025-08-01,1,104.0,1186492.67,0.0,138797.12,1325289.79,1186024.31,42881.51,128241.34,1357147.16,-468.36,-0.04,42881.51,,-10555.78,-7.61,31857.37,2.4,462616.45,4.47
6,2025-09-01,1,106.1,1210450.69,0.0,141745.42,1352196.11,1195000.96,46671.57,154183.84,1395856.37,-15449.73,-1.28,46671.57,,12438.42,8.78,43660.26,3.23,506276.71,4.33
6,2025-10-01,1,107.2,1223000.13,0.0,151678.82,1374678.95,1221950.65,52361.18,161917.12,1436228.95,-1049.48,-0.09,52361.18,,10238.3,6.75,61550.0,4.48,567826.71,4.34
6,2025-11-01,1,107.0,1220718.42,0.0,140103.22,1360821.64,1214427.99,50341.48,152642.1,1417411.57,-6290.43,-0.52,50341.48,,12538.88,8.95,56589.93,4.16,624416.64,4.33
6,2025-12-01,1,105.5,1203605.54,0.0,139149.58,1342755.12,1222400.09,48724.19,149388.28,1420512.56,18794.55,1.56,48724.19,,10238.7,7.36,77757.44,5.79,702174.08,4.45
6,2026-01-01,1,103.0,1175084.08,0.0,140597.94,1315682.02,1262548.5,45489.56,130522.84,1438560.9,87464.42,7.44,45489.56,,-10075.1,-7.17,122878.88,9.34,122878.88,9.34
6,2026-02-01,1,100.1,1141999.19,0.0,132606.4,1274605.59,1210131.58,52996.15,141426.81,1404554.54,68132.39,5.97,52996.15,,8820.41,6.65,129948.95,10.2,252827.83,9.76
6,2026-03-01,1,97.7,1114618.59,0.0,134360.74,1248979.33,1174119.56,41219.19,129343.61,1344682.36,59500.97,5.34,41219.19,,-5017.13,-3.73,95703.03,7.66,348530.86,9.08
6,2026-04-01,1,96.2,1097505.72,0.0,136479.13,1233984.85,1188310.99,49760.09,124863.35,1362934.43,90805.27,8.27,49760.09,,-11615.78,-8.51,128949.58,10.45,477480.44,9.41
6,2026-05-01,1,96.0,1095224.0,0.0,125455.6,1220679.6,1165768.2,44028.89,119546.04,1329343.13,70544.2,6.44,44028.89,,-5909.56,-4.71,108663.53,8.9,586143.97,9.31
6,2026-06-01,1,97.1,1107773.44,0.0,128704.05,1236477.49,1145980.33,46742.64,136938.62,1329661.59,38206.89,3.45,46742.64,,8234.57,6.4,93184.1,7.54,679328.07,9.02
6,2026-07-01,1,99.2,1131731.47,0.0,129057.06,1260788.53,1139078.89,44117.04,119394.68,1302590.61,7347.42,0.65,44117.04,,-9662.38,-7.49,41802.08,3.32,721130.15,8.2
6,2026-08-01,1,101.6,1159112.07,0.0,141730.98,1300843.05,1230856.32,41219.96,128319.1,1400395.38,71744.25,6.19,41219.96,,-13411.88,-9.46,99552.33,7.65,820682.48,8.13
7,2023-09-01,2,320.7,1799661.5,0.0,1073953.65,2873615.15,1786423.82,62301.34,1160134.42,3008859.58,-13237.68,-0.74,62301.34,,86180.77,8.02,135244.43,4.71,135244.43,4.71
7,2023-10-01,2,322.4,1809201.33,0.0,1117163.21,2926364.54,1736723.38,78377.71,1160784.47,2975885.56,-72477.95,-4.01,78377.71,,43621.26,3.9,49521.02,1.69,184765.45,3.19
7,2023-11-01,2,319.9,1795172.17,0.0,1116759.21,2911931.38,1717764.16,63016.51,989210.43,2769991.1,-77408.01,-4.31,63016.51,,-127548.78,-11.42,-141940.28,-4.87,42825.17,0.49
7,2023-12-01,2,313.8,1760941.0,0.0,1082249.36,2843190.36,1740287.91,82143.14,1157615.14,2980046.19,-20653.09,-1.17,82143.14,,75365.78,6.96,136855.83,4.81,179681.0,1.55
7,2024-01-01,2,305.7,1715486.5,0.0,1078405.12,2793891.62,1710969.11,78714.68,1140061.79,2929745.58,-4517.39,-0.26,78714.68,,61656.67,5.72,135853.96,4.86,135853.96,4.86
7,2024-02-01,2,297.7,1670593.17,0.0,994316.15,2664909.32,1661850.17,58544.43,913816.06,2634210.66,-8743.0,-0.52,58544.43,,-80500.09,-8.1,-30698.66,-1.15,105155.3,1.93
7,2024-03-01,2,291.7,1636923.17,0.0,1021418.29,2658341.46,1643413.96,54434.56,1118556.24,2816404.76,6490.79,0.4,54434.56,,97137.95,9.51,158063.3,5.95,263218.6,3.24
7,2024-04-01,2,289.2,1622894.0,0.0,1021560.4,2644454.4,1611782.84,76397.66,1074758.64,2762939.14,-11111.16,-0.68,76397.66,,53198.24,5.21,118484.74,4.48,381703.34,3.55
7,2024-05-01,2,290.8,1631872.67,0.0,958564.78,2590437.45,1617183.16,75670.27,924650.14,2617503.57,-14689.51,-0.9,75670.27,,-33914.64,-3.54,27066.12,1.04,408769.46,3.06
7,2024-06-01,2,296.0,1661053.33,0.0,973411.22,2634464.55,1599090.95,60841.33,914752.53,2574684.81,-61962.38,-3.73,60841.33,,-58658.69,-6.03,-59779.74,-2.27,348989.72,2.18
7,2024-07-01,2,303.1,1700896.17,0.0,1022018.91,2722915.08,1628512.91,62639.76,1073007.89,2764160.56,-72383.26,-4.26,62639.76,,50988.98,4.99,41245.48,1.51,390235.2,2.09
7,2024-08-01,2,310.3,1741300.17,0.0,994776.51,2736076.68,1672308.93,79790.43,1089916.25,2842015.61,-68991.24,-3.96,79790.43,,95139.74,9.56,105938.93,3.87,496174.13,2.31
7,2024-09-01,2,315.4,1769919.67,0.0,1052858.56,2822778.23,1771867.99,66231.28,938417.17,2776516.44,1948.32,0.11,66231.28,,-114441.39,-10.87,-46261.79,-1.64,449912.34,1.85
7,2024-10-01,2,317.0,1778898.33,0.0,1037354.15,2816252.48,1795674.24,76638.74,1129839.71,3002152.69,16775.91,0.94,76638.74,,92485.56,8.92,185900.21,6.6,635812.55,2.35
7,2024-11-01,2,314.5,1764869.17,0.0,1077397.72,2842266.89,1710227.36,63932.49,1149206.52,2923366.37,-54641.81,-3.1,63932.49,,71808.8,6.67,81099.48,2.85,716912.03,2.4
7,2024-12-01,2,308.5,1731199.17,0.0,1000213.57,2731412.74,1701522.56,82005.72,883456.6,2666984.88,-29676.61,-1.71,82005.72,,-116756.97,-11.67,-64427.86,-2.36,652484.17,2.0
7,2025-01-01,2,300.6,1686867.0,0.0,987107.96,2673974.96,1655000.94,60511.69,1043245.96,2758758.59,-31866.06,-1.89,60511.69,,56138.0,5.69,84783.63,3.17,84783.63,3.17
7,2025-02-01,2,292.6,1641973.67,0.0,945973.98,2587947.65,1665389.75,64042.32,991039.09,2720471.16,23416.08,1.43,64042.32,,45065.11,4.76,132523.51,5.12,217307.14,4.13
7,2025-03-01,2,286.7,1608864.83,0.0,985433.24,2594298.07,1655330.78,55991.26,896339.21,2607661.25,46465.95,2.89,55991.26,,-89094.03,-9.04,13363.18,0.52,230670.32,2.94
7,2025-04-01,2,284.3,1595396.83,0.0,964845.85,2560242.68,1638796.4,64493.12,1027227.31,2730516.83,43399.57,2.72,64493.12,,62381.46,6.47,170274.15,6.65,400944.47,3.85
7,2025-05-01,2,285.9,1604375.5,0.0,988443.26,2592818.76,1630853.44,60114.31,958162.64,2649130.39,26477.94,1.65,60114.31,,-30280.62,-3.06,56311.63,2.17,457256.1,3.51
7,2025-06-01,2,291.0,1632995.0,0.0,998878.91,2631873.91,1583361.02,64013.29,956825.78,2604200.09,-49633.98,-3.04,64013.29,,-42053.13,-4.21,-27673.82,-1.05,429582.28,2.75
7,2025-07-01,2,298.0,1672276.67,0.0,980714.4,2652991.07,1686749.59,71677.46,1067181.67,2825608.72,14472.92,0.87,71677.46,,86467.27,8.82,172617.65,6.51,602199.93,3.29
7,2025-08-01,2,305.0,1711558.33,0.0,1029106.49,2740664.82,1703684.45,76175.31,1104327.35,2884187.11,-7873.88,-0.46,76175.31,,75220.86,7.31,143522.29,5.24,745722.22,3.55
7,2025-09-01,2,310.0,1739616.67,0.0,1075268.95,2814885.62,1705574.2,65632.13,1154702.82,2925909.15,-34042.47,-1.96,65632.13,,79433.87,7.39,111023.53,3.94,856745.75,3.59
7,2025-10-01,2,311.6,1748595.33,0.0,1002087.8,2750683.13,1692501.63,76995.45,910150.68,2679647.76,-56093.7,-3.21,76995.45,,-91937.12,-9.17,-71035.37,-2.58,785710.38,2.95
7,2025-11-01,2,309.1,1734566.17,0.0,1092447.61,2827013.78,1661977.94,67574.2,1198936.74,2928488.88,-72588.23,-4.18,67574.2,,106489.13,9.75,101475.1,3.59,887185.48,3.01
7,2025-12-01,2,303.3,1702018.5,0.0,974400.28,2676418.78,1649120.39,77892.52,1087043.23,2814056.14,-52898.11,-3.11,77892.52,,112642.95,11.56,137637.36,5.14,1024822.84,3.19
7,2026-01-01,2,295.4,1657686.33,0.0,1035326.58,2693012.91,1635000.4,67496.12,1148652.14,2851148.66,-22685.93,-1.37,67496.12,,113325.56,10.95,158135.75,5.87,158135.75,5.87
7,2026-02-01,2,287.6,1613915.33,0.0,945242.87,2559158.2,1620798.93,53886.43,847679.75,2522365.11,6883.6,0.43,53886.43,,-97563.12,-10.32,-36793.09,-1.44,121342.66,2.31
7,2026-03-01,2,281.8,1581367.67,0.0,934889.39,2516257.06,1552959.06,71143.13,903617.47,2527719.66,-28408.61,-1.8,71143.13,,-31271.92,-3.34,11462.6,0.46,132805.26,1.71
7,2026-04-01,2,279.4,1567899.67,0.0,940564.0,2508463.67,1539666.71,53611.4,1014271.33,2607549.44,-28232.96,-1.8,53611.4,,73707.33,7.84,99085.77,3.95,231891.03,2.26
7,2026-05-01,2,281.0,1576878.33,0.0,925124.05,2502002.38,1551525.68,66327.89,957697.9,2575551.47,-25352.65,-1.61,66327.89,,32573.85,3.52,73549.09,2.94,305440.12,2.39
7,2026-06-01,2,286.0,1604936.67,0.0,940478.38,2545415.05,1542363.15,71015.02,983284.32,2596662.49,-62573.52,-3.9,71015.02,,42805.94,4.55,51247.44,2.01,356687.56,2.33
7,2026-07-01,2,292.9,1643657.17,0.0,948359.32,2592016.49,1582976.78,56919.41,1057976.27,2697872.46,-60680.39,-3.69,56919.41,,109616.95,11.56,105855.97,4.08,462543.53,2.58
7,2026-08-01,2,299.7,1681816.5,0.0,1051684.35,2733500.85,1628259.34,57895.68,952164.13,2638319.15,-53557.16,-3.18,57895.68,,-99520.22,-9.46,-95181.7,-3.48,367361.83,1.78
8,2023-09-01,2,190.0,1044810.0,0.0,451453.81,1496263.81,1010061.58,44670.72,402379.45,1457111.75,-34748.42,-3.33,44670.72,,-49074.36,-10.87,-39152.06,-2.62,-39152.06,-2.62
8,2023-10-01,2,191.0,1050309.0,0.0,490495.84,1540804.84,1003265.24,45915.6,444094.12,1493274.96,-47043.76,-4.48,45915.6,,-46401.72,-9.46,-47529.88,-3.08,-86681.94,-2.85
8,2023-11-01,2,189.5,1042060.5,0.0,447839.07,1489899.57,968386.18,45229.12,491069.88,1504685.18,-73674.32,-7.07,45229.12,,43230.81,9.65,14785.61,0.99,-71896.33,-1.59
8,2023-12-01,2,185.9,1022264.1,0.0,455893.06,1478157.16,957029.34,36723.32,407308.88,1401061.54,-65234.76,-6.38,36723.32,,-48584.18,-10.66,-77095.62,-5.22,-148991.95,-2.48
8,2024-01-01,2,181.1,995868.9,0.0,465593.66,1461462.56,955753.62,34486.97,444587.25,1434827.84,-40115.28,-4.03,34486.97,,-21006.41,-4.51,-26634.72,-1.82,-26634.72,-1.82
8,2024-02-01,2,176.4,970023.6,0.0,440175.59,1410199.19,939109.87,32237.66,403826.3,1375173.83,-30913.73,-3.19,32237.66,,-36349.29,-8.26,-35025.36,-2.48,-61660.08,-2.15
8,2024-03-01,2,172.8,950227.2,0.0,424037.76,1374264.96,940002.99,35263.99,394812.04,1370079.02,-10224.21,-1.08,35263.99,,-29225.72,-6.89,-4185.94,-0.3,-65846.02,-1.55
8,2024-04-01,2,171.3,941978.7,0.0,414553.98,1356532.68,914235.05,38779.7,380676.44,1333691.19,-27743.65,-2.95,38779.7,,-33877.54,-8.17,-22841.49,-1.68,-88687.51,-1.58
8,2024-05-01,2,172.3,947477.7,0.0,438876.67,1386354.37,893411.5,41351.15,412566.62,1347329.27,-54066.2,-5.71,41351.15,,-26310.05,-5.99,-39025.1,-2.81,-127712.61,-1.83
8,2024-06-01,2,175.4,964524.6,0.0,430860.76,1395385.36,922400.06,31895.87,410730.54,1365026.47,-42124.54,-4.37,31895.87,,-20130.22,-4.67,-30358.89,-2.18,-158071.5,-1.89
8,2024-07-01,2,179.6,987620.4,0.0,456281.29,1443901.69,925679.41,39276.64,488576.66,1453532.71,-61940.99,-6.27,39276.64,,32295.37,7.08,9631.02,0.67,-148440.48,-1.51
8,2024-08-01,2,183.8,1010716.2,0.0,457076.73,1467792.93,933739.23,34814.31,478134.65,1446688.19,-76976.97,-7.62,34814.31,,21057.92,4.61,-21104.74,-1.44,-169545.22,-1.5
8,2024-09-01,2,186.9,1027763.1,0.0,459238.4,1487001.5,967584.45,44355.26,431626.62,1443566.33,-60178.65,-5.86,44355.26,,-27611.78,-6.01,-43435.17,-2.92,-212980.39,-1.67
8,2024-10-01,2,187.8,1032712.2,0.0,487451.58,1520163.78,987297.18,43199.71,466254.45,1496751.34,-45415.02,-4.4,43199.71,,-21197.13,-4.35,-23412.44,-1.54,-236392.83,-1.65
8,2024-11-01,2,186.3,1024463.7,0.0,457809.13,1482272.83,937919.06,38571.51,421316.72,1397807.29,-86544.64,-8.45,38571.51,,-36492.41,-7.97,-84465.54,-5.7,-320858.37,-2.03
8,2024-12-01,2,182.8,1005217.2,0.0,443536.52,1448753.72,939856.4,35381.11,404104.1,1379341.61,-65360.8,-6.5,35381.11,,-39432.42,-8.89,-69412.11,-4.79,-390270.48,-2.26
8,2025-01-01,2,178.1,979371.9,0.0,453730.45,1433102.35,927855.34,30565.32,415344.74,1373765.4,-51516.56,-5.26,30565.32,,-38385.71,-8.46,-59336.95,-4.14,-59336.95,-4.14
8,2025-02-01,2,173.4,953526.6,0.0,422676.72,1376203.32,916223.45,38725.77,454331.87,1409281.09,-37303.15,-3.91,38725.77,,31655.15,7.49,33077.77,2.4,-26259.18,-0.93
8,2025-03-01,2,169.9,934280.1,0.0,408033.16,1342313.26,923222.44,32182.28,368520.46,1323925.18,-11057.66,-1.18,32182.28,,-39512.7,-9.68,-18388.08,-1.37,-44647.26,-1.08
8,2025-04-01,2,168.5,926581.5,0.0,398774.56,1325356.06,880240.11,32241.34,385136.59,1297618.04,-46341.39,-5.0,32241.34,,-13637.97,-3.42,-27738.02,-2.09,-72385.28,-1.32
8,2025-05-01,2,169.4,931530.6,0.0,415523.39,1347053.99,850310.83,34813.1,373038.78,1258162.71,-81219.77,-8.72,34813.1,,-42484.61,-10.22,-88891.28,-6.6,-161276.56,-2.36
8,2025-06-01,2,172.4,948027.6,0.0,445635.59,1393663.19,895890.31,33543.94,480223.91,1409658.16,-52137.29,-5.5,33543.94,,34588.32,7.76,15994.97,1.15,-145281.59,-1.77
8,2025-07-01,2,176.6,971123.4,0.0,448497.23,1419620.63,903796.15,33039.04,412378.45,1349213.64,-67327.25,-6.93,33039.04,,-36118.78,-8.05,-70406.99,-4.96,-215688.58,-2.24
8,2025-08-01,2,180.7,993669.3,0.0,434420.11,1428089.41,946042.31,35697.99,412102.47,1393842.77,-47626.99,-4.79,35697.99,,-22317.64,-5.14,-34246.64,-2.4,-249935.22,-2.26
8,2025-09-01,2,183.7,1010166.3,0.0,439294.68,1449460.98,971530.17,39067.11,415971.47,1426568.75,-38636.13,-3.82,39067.11,,-23323.21,-5.31,-22892.23,-1.58,-272827.45,-2.18
8,2025-10-01,2,184.6,1015115.4,0.0,469676.65,1484792.05,961536.33,43017.05,446099.46,1450652.84,-53579.07,-5.28,43017.05,,-23577.19,-5.02,-34139.21,-2.3,-306966.66,-2.19
8,2025-11-01,2,183.1,1006866.9,0.0,465591.28,1472458.18,959637.21,41683.52,510076.01,1511396.74,-47229.69,-4.69,41683.52,,44484.73,9.55,38938.56,2.64,-268028.1,-1.73
8,2025-12-01,2,179.7,988170.3,0.0,443882.03,1432052.33,970692.6,44238.49,390789.99,1405721.08,-17477.7,-1.77,44238.49,,-53092.04,-11.96,-26331.25,-1.84,-294359.35,-1.74
8,2026-01-01,2,175.0,962325.0,0.0,446215.59,1408540.59,934481.5,37422.69,416914.06,1388818.25,-27843.5,-2.89,37422.69,,-29301.53,-6.57,-19722.34,-1.4,-19722.34,-1.4
8,2026-02-01,2,170.4,937029.6,0.0,421549.84,1358579.44,949731.65,39640.8,376213.17,1365585.62,12702.05,1.36,39640.8,,-45336.67,-10.75,7006.18,0.52,-12716.16,-0.46
8,2026-03-01,2,167.0,918333.0,0.0,423977.0,1342310.0,921054.62,37725.38,386567.33,1345347.33,2721.62,0.3,37725.38,,-37409.67,-8.82,3037.33,0.23,-9678.83,-0.24
8,2026-04-01,2,165.6,910634.4,0.0,393865.94,1304500.34,919043.88,41617.38,413382.18,1374043.44,8409.48,0.92,41617.38,,19516.24,4.96,69543.1,5.33,59864.27,1.11
8,2026-05-01,2,166.5,915583.5,0.0,426557.58,1342141.08,924803.15,43842.54,399049.15,1367694.84,9219.65,1.01,43842.54,,-27508.43,-6.45,25553.76,1.9,85418.03,1.26
8,2026-06-01,2,169.4,931530.6,0.0,419513.72,1351044.32,881771.06,31933.1,451772.46,1365476.62,-49759.54,-5.34,31933.1,,32258.74,7.69,14432.3,1.07,99850.33,1.23
8,2026-07-01,2,173.5,954076.5,0.0,443500.02,1397576.52,894571.1,34500.86,409097.71,1338169.67,-59505.4,-6.24,34500.86,,-34402.31,-7.76,-59406.85,-4.25,40443.48,0.43
8,2026-08-01,2,177.6,976622.4,0.0,441130.99,1417753.39,920479.46,40885.22,488144.65,1449509.33,-56142.94,-5.75,40885.22,,47013.66,10.66,31755.94,2.24,72199.42,0.66
9,2023-09-01,2,90.7,692721.25,0.0,737745.57,1430466.82,934255.54,39143.9,674437.85,1647837.29,241534.29,34.87,39143.9,,-63307.72,-8.58,217370.47,15.2,217370.47,15.2
9,2023-10-01,2,91.1,695776.25,0.0,729253.66,1425029.91,894437.31,34232.31,683672.13,1612341.75,198661.06,28.55,34232.31,,-45581.53,-6.25,187311.84,13.14,404682.31,14.17
9,2023-11-01,2,90.4,690430.0,0.0,802309.49,1492739.49,898285.17,33436.02,840272.16,1771993.35,207855.17,30.11,33436.02,,37962.67,4.73,279253.86,18.71,683936.17,15.73
9,2023-12-01,2,88.7,677446.25,0.0,825157.7,1502603.95,862867.65,33916.5,882241.09,1779025.24,185421.4,27.37,33916.5,,57083.39,6.92,276421.29,18.4,960357.46,16.41
9,2024-01-01,2,86.4,659880.0,0.0,783181.52,1443061.52,885452.3,38398.06,867672.69,1791523.05,225572.3,34.18,38398.06,,84491.17,10.79,348461.53,24.15,348461.53,24.15
9,2024-02-01,2,84.1,642313.75,0.0,770654.69,1412968.44,852600.03,32923.91,722018.07,1607542.01,210286.28,32.74,32923.91,,-48636.62,-6.31,194573.57,13.77,543035.1,19.01
9,2024-03-01,2,82.4,629330.0,0.0,672844.4,1302174.4,856897.54,40373.34,648151.01,1545421.89,227567.54,36.16,40373.34,,-24693.39,-3.67,243247.49,18.68,786282.59,18.91
9,2024-04-01,2,81.7,623983.75,0.0,681621.37,1305605.12,818870.89,34257.79,610482.99,1463611.67,194887.14,31.23,34257.79,,-71138.38,-10.44,158006.55,12.1,944289.14,17.28
9,2024-05-01,2,82.2,627802.5,0.0,659071.91,1286874.41,812316.29,30818.72,615066.91,1458201.92,184513.79,29.39,30818.72,,-44005.0,-6.68,171327.51,13.31,1115616.65,16.53
9,2024-06-01,2,83.7,639258.75,0.0,683064.11,1322322.86,817097.76,35375.14,660306.75,1512779.65,177839.01,27.82,35375.14,,-22757.36,-3.33,190456.79,14.4,1306073.44,16.18
9,2024-07-01,2,85.7,654533.75,0.0,720587.37,1375121.12,797152.47,28170.32,771271.78,1596594.57,142618.72,21.79,28170.32,,50684.41,7.03,221473.45,16.11,1527546.89,16.17
9,2024-08-01,2,87.7,669808.75,0.0,774928.76,1444737.51,772864.67,37546.56,854438.55,1664849.78,103055.92,15.39,37546.56,,79509.79,10.26,220112.27,15.24,1747659.16,16.04
9,2024-09-01,2,89.1,680501.25,0.0,682534.85,1363036.1,783050.93,26087.28,745275.47,1554413.68,102549.68,15.07,26087.28,,62740.62,9.19,191377.58,14.04,1939036.74,15.82
9,2024-10-01,2,89.6,684320.0,0.0,704426.04,1388746.04,784387.22,35163.08,768604.25,1588154.55,100067.22,14.62,35163.08,,64178.21,9.11,199408.51,14.36,2138445.25,15.67
9,2024-11-01,2,88.9,678973.75,0.0,827961.09,1506934.84,773853.56,25839.5,796379.27,1596072.33,94879.81,13.97,25839.5,,-31581.82,-3.81,89137.49,5.92,2227582.74,14.7
9,2024-12-01,2,87.2,665990.0,0.0,816009.2,1481999.2,749875.04,33159.08,847526.75,1630560.87,83885.04,12.6,33159.08,,31517.55,3.86,148561.67,10.02,2376144.41,14.29
9,2025-01-01,2,85.0,649187.5,0.0,822298.57,1471486.07,769735.83,30282.71,768204.62,1568223.16,120548.33,18.57,30282.71,,-54093.95,-6.58,96737.09,6.57,96737.09,6.57
9,2025-02-01,2,82.7,631621.25,0.0,772779.06,1404400.31,778695.98,33623.95,796352.83,1608672.76,147074.73,23.29,33623.95,,23573.77,3.05,204272.45,14.55,301009.54,10.47
9,2025-03-01,2,81.0,618637.5,0.0,655723.99,1274361.49,747463.91,35549.48,578313.23,1361326.62,128826.41,20.82,35549.48,,-77410.76,-11.81,86965.13,6.82,387974.67,9.35
9,2025-04-01,2,80.4,614055.0,0.0,628826.19,1242881.19,726126.83,32555.46,579003.53,1337685.82,112071.83,18.25,32555.46,,-49822.66,-7.92,94804.63,7.63,482779.3,8.95
9,2025-05-01,2,80.8,617110.0,0.0,656562.17,1273672.17,752532.76,25751.1,626261.97,1404545.83,135422.76,21.94,25751.1,,-30300.2,-4.61,130873.66,10.28,613652.96,9.2
9,2025-06-01,2,82.2,627802.5,0.0,681492.5,1309295.0,752651.7,34486.54,659946.47,1447084.71,124849.2,19.89,34486.54,,-21546.03,-3.16,137789.71,10.52,751442.67,9.42
9,2025-07-01,2,84.2,643077.5,0.0,747573.1,1390650.6,722318.75,32437.58,788266.43,1543022.76,79241.25,12.32,32437.58,,40693.33,5.44,152372.16,10.96,903814.83,9.65
9,2025-08-01,2,86.2,658352.5,0.0,767630.72,1425983.22,731321.04,26002.67,682272.58,1439596.29,72968.54,11.08,26002.67,,-85358.14,-11.12,13613.07,0.95,917427.9,8.5
9,2025-09-01,2,87.6,669045.0,0.0,691178.96,1360223.96,742290.14,32406.36,735414.08,1510110.58,73245.14,10.95,32406.36,,44235.12,6.4,149886.62,11.02,1067314.52,8.78
9,2025-10-01,2,88.1,672863.75,0.0,693916.54,1366780.29,741607.24,31818.87,643609.55,1417035.66,68743.49,10.22,31818.87,,-50306.99,-7.25,50255.37,3.68,1117569.89,8.27
9,2025-11-01,2,87.4,667517.5,0.0,776360.21,1443877.71,742984.09,28654.23,819942.98,1591581.3,75466.59,11.31,28654.23,,43582.77,5.61,147703.59,10.23,1265273.48,8.46
9,2025-12-01,2,85.7,654533.75,0.0,798767.27,1453301.02,732954.13,24852.48,717632.76,1475439.37,78420.38,11.98,24852.48,,-81134.51,-10.16,22138.35,1.52,1287411.83,7.84
9,2026-01-01,2,83.5,637731.25,0.0,782485.5,1420216.75,733314.17,29744.16,813865.04,1576923.37,95582.92,14.99,29744.16,,31379.54,4.01,156706.62,11.03,156706.62,11.03
9,2026-02-01,2,81.3,620928.75,0.0,785691.96,1406620.71,743890.59,34876.02,750653.65,1529420.26,122961.84,19.8,34876.02,,-35038.31,-4.46,122799.55,8.73,279506.17,9.89
9,2026-03-01,2,79.7,608708.75,0.0,637196.94,1245905.69,743547.13,29950.46,691596.68,1465094.27,134838.38,22.15,29950.46,,54399.74,8.54,219188.58,17.59,498694.75,12.24
9,2026-04-01,2,79.0,603362.5,0.0,606949.18,1210311.68,742023.94,30308.45,561312.77,1333645.16,138661.44,22.98,30308.45,,-45636.41,-7.52,123333.48,10.19,622028.23,11.77
9,2026-05-01,2,79.4,606417.5,0.0,616632.9,1223050.4,724032.5,34270.58,673015.38,1431318.46,117615.0,19.4,34270.58,,56382.48,9.14,208268.06,17.03,830296.29,12.76
9,2026-06-01,2,80.8,617110.0,0.0,649958.4,1267068.4,731743.68,32961.94,691180.96,1455886.58,114633.68,18.58,32961.94,,41222.56,6.34,188818.18,14.9,1019114.47,13.11
9,2026-07-01,2,82.8,632385.0,0.0,744218.46,1376603.46,750843.26,34173.7,712719.5,1497736.46,118458.26,18.73,34173.7,,-31498.96,-4.23,121133.0,8.8,1140247.47,12.46
9,2026-08-01,2,84.7,646896.25,0.0,730475.46,1377371.71,779924.44,33077.09,672752.26,1485753.79,133028.19,20.56,33077.09,,-57723.2,-7.9,108382.08,7.87,1248629.55,11.86
10,2023-09-01,2,77.7,560605.5,0.0,83235.98,643841.48,538213.08,21657.97,92162.98,652034.03,-22392.42,-3.99,21657.97,,8927.0,10.72,8192.55,1.27,8192.55,1.27
10,2023-10-01,2,78.1,563491.5,0.0,85251.04,648742.54,542988.8,25723.42,76611.2,645323.42,-20502.7,-3.64,25723.42,,-8639.84,-10.13,-3419.12,-0.53,4773.43,0.37
10,2023-11-01,2,77.5,559162.5,0.0,82962.21,642124.71,545180.49,17516.95,90380.45,653077.89,-13982.01,-2.5,17516.95,,7418.24,8.94,10953.18,1.71,15726.61,0.81
10,2023-12-01,2,76.1,549061.5,0.0,86146.7,635208.2,534077.15,17790.23,95640.46,647507.84,-14984.35,-2.73,17790.23,,9493.76,11.02,12299.64,1.94,28026.25,1.09
10,2024-01-01,2,74.1,534631.5,0.0,76227.97,610859.47,530768.6,18013.64,68231.23,617013.47,-3862.9,-0.72,18013.64,,-7996.74,-10.49,6154.0,1.01,6154.0,1.01
10,2024-02-01,2,72.2,520923.0,0.0,81311.74,602234.74,516998.3,23544.97,91035.3,631578.57,-3924.7,-0.75,23544.97,,9723.56,11.96,29343.83,4.87,35497.83,2.93
10,2024-03-01,2,70.7,510100.5,0.0,78112.02,588212.52,529795.55,17195.24,69915.37,616906.16,19695.05,3.86,17195.24,,-8196.65,-10.49,28693.64,4.88,64191.47,3.56
10,2024-04-01,2,70.1,505771.5,0.0,79500.01,585271.51,510868.23,20422.65,76586.16,607877.04,5096.73,1.01,20422.65,,-2913.85,-3.67,22605.53,3.86,86797.0,3.64
10,2024-05-01,2,70.5,508657.5,0.0,76975.87,585633.37,506914.45,24132.19,70726.58,601773.22,-1743.05,-0.34,24132.19,,-6249.29,-8.12,16139.85,2.76,102936.85,3.46
10,2024-06-01,2,71.7,517315.5,0.0,78555.9,595871.4,512199.23,16764.87,85196.74,614160.84,-5116.27,-0.99,16764.87,,6640.84,8.45,18289.44,3.07,121226.29,3.4
10,2024-07-01,2,73.5,530302.5,0.0,76175.81,606478.31,510757.78,21555.52,72338.35,604651.65,-19544.72,-3.69,21555.52,,-3837.46,-5.04,-1826.66,-0.3,119399.63,2.86
10,2024-08-01,2,75.2,542568.0,0.0,82622.19,625190.19,517502.91,22465.61,79195.04,619163.56,-25065.09,-4.62,22465.61,,-3427.15,-4.15,-6026.63,-0.96,113373.0,2.36
10,2024-09-01,2,76.4,551226.0,0.0,85231.88,636457.88,502057.23,24313.57,89346.36,615717.16,-49168.77,-8.92,24313.57,,4114.48,4.83,-20740.72,-3.26,92632.28,1.7
10,2024-10-01,2,76.8,554112.0,0.0,83297.58,637409.58,517386.78,18752.79,76818.35,612957.92,-36725.22,-6.63,18752.79,,-6479.23,-7.78,-24451.66,-3.84,68180.62,1.12
10,2024-11-01,2,76.2,549783.0,0.0,85229.76,635012.76,545265.31,22711.44,80709.1,648685.85,-4517.69,-0.82,22711.44,,-4520.66,-5.3,13673.09,2.15,81853.71,1.22
10,2024-12-01,2,74.8,539682.0,0.0,77123.7,616805.7,547002.46,25507.21,74756.02,647265.69,7320.46,1.36,25507.21,,-2367.68,-3.07,30459.99,4.94,112313.7,1.53
10,2025-01-01,2,72.9,525973.5,0.0,80125.26,606098.76,531636.09,20717.41,73063.49,625416.99,5662.59,1.08,20717.41,,-7061.77,-8.81,19318.23,3.19,19318.23,3.19
10,2025-02-01,2,70.9,511543.5,0.0,74714.23,586257.73,526607.29,19461.23,77055.7,623124.22,15063.79,2.94,19461.23,,2341.47,3.13,36866.49,6.29,56184.72,4.71
10,2025-03-01,2,69.5,501442.5,0.0,73014.17,574456.67,520239.16,19421.68,79295.56,618956.4,18796.66,3.75,19421.68,,6281.39,8.6,44499.73,7.75,100684.45,5.7
10,2025-04-01,2,68.9,497113.5,0.0,76727.71,573841.21,519021.51,22276.66,83213.81,624511.98,21908.01,4.41,22276.66,,6486.1,8.45,50670.77,8.83,151355.22,6.47
10,2025-05-01,2,69.3,499999.5,0.0,77248.03,577247.53,533473.82,24661.85,73298.18,631433.85,33474.32,6.69,24661.85,,-3949.85,-5.11,54186.32,9.39,205541.54,7.04
10,2025-06-01,2,70.5,508657.5,0.0,75935.35,584592.85,540956.94,18940.17,83377.75,643274.86,32299.44,6.35,18940.17,,7442.4,9.8,58682.01,10.04,264223.55,7.54
10,2025-07-01,2,72.2,520923.0,0.0,75207.1,596130.1,533195.11,24738.91,83757.39,641691.41,12272.11,2.36,24738.91,,8550.29,11.37,45561.31,7.64,309784.86,7.56
10,2025-08-01,2,73.9,533188.5,0.0,83228.88,616417.38,533178.29,18968.7,74372.89,626519.88,-10.21,0.0,18968.7,,-8855.99,-10.64,10102.5,1.64,319887.36,6.78
10,2025-09-01,2,75.1,541846.5,0.0,80147.55,621994.05,528562.69,25025.96,85207.56,638796.21,-13283.81,-2.45,25025.96,,5060.01,6.31,16802.16,2.7,336689.52,6.31
10,2025-10-01,2,75.5,544732.5,0.0,78983.24,623715.74,539347.79,20191.79,84109.77,643649.35,-5384.71,-0.99,20191.79,,5126.53,6.49,19933.61,3.2,356623.13,5.98
10,2025-11-01,2,74.9,540403.5,0.0,81055.97,621459.47,524776.89,24985.64,89606.25,639368.78,-15626.61,-2.89,24985.64,,8550.28,10.55,17909.31,2.88,374532.44,5.69
10,2025-12-01,2,73.5,530302.5,0.0,75903.3,606205.8,532925.83,19671.66,81560.85,634158.34,2623.33,0.49,19671.66,,5657.55,7.45,27952.54,4.61,402484.98,5.6
10,2026-01-01,2,71.6,516594.0,0.0,81336.71,597930.71,519197.31,24337.23,87923.4,631457.94,2603.31,0.5,24337.23,,6586.69,8.1,33527.23,5.61,33527.23,5.61
10,2026-02-01,2,69.7,502885.5,0.0,73706.79,576592.29,508229.89,20000.14,69695.44,597925.47,5344.39,1.06,20000.14,,-4011.35,-5.44,21333.18,3.7,54860.41,4.67
10,2026-03-01,2,68.3,492784.5,0.0,75705.59,568490.09,512675.7,21877.5,70957.6,605510.8,19891.2,4.04,21877.5,,-4747.99,-6.27,37020.71,6.51,91881.12,5.27
10,2026-04-01,2,67.7,488455.5,0.0,70832.68,559288.18,495814.34,19360.79,67013.95,582189.08,7358.84,1.51,19360.79,,-3818.73,-5.39,22900.9,4.09,114782.02,4.99
10,2026-05-01,2,68.1,491341.5,0.0,73138.66,564480.16,508249.78,19615.59,75646.33,603511.7,16908.28,3.44,19615.59,,2507.67,3.43,39031.54,6.91,153813.56,5.37
10,2026-06-01,2,69.3,499999.5,0.0,77747.3,577746.8,501768.31,17620.05,71019.6,590407.96,1768.81,0.35,17620.05,,-6727.7,-8.65,12661.16,2.19,166474.72,4.83
10,2026-07-01,2,71.0,512265.0,0.0,73084.35,585349.35,497962.01,16510.38,75544.07,590016.46,-14302.99,-2.79,16510.38,,2459.72,3.37,4667.11,0.8,171141.83,4.25
10,2026-08-01,2,72.7,524530.5,0.0,75712.22,600242.72,523503.37,24380.47,69367.12,617250.96,-1027.13,-0.2,24380.47,,-6345.1,-8.38,17008.24,2.83,188150.07,4.06
11,2023-09-01,2,67.4,525720.0,0.0,130537.43,656257.43,555611.98,20475.95,141347.33,717435.26,29891.98,5.69,20475.95,,10809.9,8.28,61177.83,9.32,61177.83,9.32
11,2023-10-01,2,67.8,528840.0,0.0,138456.63,667296.63,580023.58,20919.99,151631.95,752575.52,51183.58,9.68,20919.99,,13175.32,9.52,85278.89,12.78,146456.72,11.07
11,2023-11-01,2,67.2,524160.0,0.0,124880.26,649040.26,567950.85,20273.02,139546.66,727770.53,43790.85,8.35,20273.02,,14666.4,11.74,78730.27,12.13,225186.99,11.42
11,2023-12-01,2,66.0,514800.0,0.0,131931.75,646731.75,584977.32,26200.98,141177.59,752355.89,70177.32,13.63,26200.98,,9245.84,7.01,105624.14,16.33,330811.13,12.63
11,2024-01-01,2,64.3,501540.0,0.0,121855.61,623395.61,582028.47,23665.17,125666.06,731359.7,80488.47,16.05,23665.17,,3810.45,3.13,107964.09,17.32,107964.09,17.32
11,2024-02-01,2,62.6,488280.0,0.0,127157.5,615437.5,572921.59,24425.3,134104.02,731450.91,84641.59,17.33,24425.3,,6946.52,5.46,116013.41,18.85,223977.5,18.08
11,2024-03-01,2,61.3,478140.0,0.0,123865.47,602005.47,571052.73,18920.8,130541.02,720514.55,92912.73,19.43,18920.8,,6675.55,5.39,118509.08,19.69,342486.58,18.6
11,2024-04-01,2,60.8,474240.0,0.0,123129.06,597369.06,571606.77,26170.81,132124.72,729902.3,97366.77,20.53,26170.81,,8995.66,7.31,132533.24,22.19,475019.82,19.48
11,2024-05-01,2,61.2,477360.0,0.0,117013.29,594373.29,584775.28,24827.3,111526.16,721128.74,107415.28,22.5,24827.3,,-5487.13,-4.69,126755.45,21.33,601775.27,19.84
11,2024-06-01,2,62.2,485160.0,0.0,118681.39,603841.39,581382.16,25064.83,123406.77,729853.76,96222.16,19.83,25064.83,,4725.38,3.98,126012.37,20.87,727787.64,20.01
11,2024-07-01,2,63.7,496860.0,0.0,129167.48,626027.48,598367.55,24890.45,122324.2,745582.2,101507.55,20.43,24890.45,,-6843.28,-5.3,119554.72,19.1,847342.36,19.88
11,2024-08-01,2,65.2,508560.0,0.0,133312.16,641872.16,593796.89,28368.78,147393.18,769558.85,85236.89,16.76,28368.78,,14081.02,10.56,127686.69,19.89,975029.05,19.88
11,2024-09-01,2,66.3,517140.0,0.0,124323.68,641463.68,619102.02,22300.68,134062.05,775464.75,101962.02,19.72,22300.68,,9738.37,7.83,134001.07,20.89,1109030.12,20.0
11,2024-10-01,2,66.6,519480.0,0.0,130995.55,650475.55,632063.97,28018.31,136997.49,797079.77,112583.97,21.67,28018.31,,6001.94,4.58,146604.22,22.54,1255634.34,20.26
11,2024-11-01,2,66.1,515580.0,0.0,130643.64,646223.64,617949.33,24833.73,120218.02,763001.08,102369.33,19.86,24833.73,,-10425.62,-7.98,116777.44,18.07,1372411.78,20.06
11,2024-12-01,2,64.9,506220.0,0.0,125015.55,631235.55,624220.98,25883.02,112171.33,762275.33,118000.98,23.31,25883.02,,-12844.22,-10.27,131039.78,20.76,1503451.56,20.12
11,2025-01-01,2,63.2,492960.0,0.0,125940.76,618900.76,606772.47,25707.17,114731.34,747210.98,113812.47,23.09,25707.17,,-11209.42,-8.9,128310.22,20.73,128310.22,20.73
11,2025-02-01,2,61.5,479700.0,0.0,117801.21,597501.21,594459.1,21409.63,129214.8,745083.53,114759.1,23.92,21409.63,,11413.59,9.69,147582.32,24.7,275892.54,22.68
11,2025-03-01,2,60.3,470340.0,0.0,119236.85,589576.85,603121.73,20496.77,123569.05,747187.55,132781.73,28.23,20496.77,,4332.2,3.63,157610.7,26.73,433503.24,24.0
11,2025-04-01,2,59.8,466440.0,0.0,121677.34,588117.34,582934.94,25202.31,133090.82,741228.07,116494.94,24.98,25202.31,,11413.48,9.38,153110.73,26.03,586613.97,24.5
11,2025-05-01,2,60.1,468780.0,0.0,117793.62,586573.62,583221.97,21545.4,126017.24,730784.61,114441.97,24.41,21545.4,,8223.62,6.98,144210.99,24.59,730824.96,24.52
11,2025-06-01,2,61.2,477360.0,0.0,117900.83,595260.83,571885.03,22086.46,123357.15,717328.64,94525.03,19.8,22086.46,,5456.32,4.63,122067.81,20.51,852892.77,23.85
11,2025-07-01,2,62.7,489060.0,0.0,123295.86,612355.86,585858.34,26459.98,127975.72,740294.04,96798.34,19.79,26459.98,,4679.86,3.8,127938.18,20.89,980830.95,23.42
11,2025-08-01,2,64.1,499980.0,0.0,121621.96,621601.96,593274.21,19999.16,117093.45,730366.82,93294.21,18.66,19999.16,,-4528.51,-3.72,108764.86,17.5,1089595.81,22.65
11,2025-09-01,2,65.2,508560.0,0.0,122705.89,631265.89,605571.6,28343.23,130913.52,764828.35,97011.6,19.08,28343.23,,8207.63,6.69,133562.46,21.16,1223158.27,22.48
11,2025-10-01,2,65.5,510900.0,0.0,130592.55,641492.55,588799.1,27715.72,119859.68,736374.5,77899.1,15.25,27715.72,,-10732.87,-8.22,94881.95,14.79,1318040.22,21.67
11,2025-11-01,2,65.0,507000.0,0.0,128516.98,635516.98,604041.35,20597.89,115521.99,740161.23,97041.35,19.14,20597.89,,-12994.99,-10.11,104644.25,16.47,1422684.47,21.18
11,2025-12-01,2,63.8,497640.0,0.0,118755.8,616395.8,587111.25,20244.13,110839.39,718194.77,89471.25,17.98,20244.13,,-7916.41,-6.67,101798.97,16.52,1524483.44,20.78
11,2026-01-01,2,62.1,484380.0,0.0,127044.13,611424.13,572013.25,20873.6,138252.56,731139.41,87633.25,18.09,20873.6,,11208.43,8.82,119715.28,19.58,119715.28,19.58
11,2026-02-01,2,60.5,471900.0,0.0,113560.77,585460.77,556863.13,19726.72,103467.88,680057.73,84963.13,18.0,19726.72,,-10092.89,-8.89,94596.96,16.16,214312.24,17.91
11,2026-03-01,2,59.3,462540.0,0.0,112613.14,575153.14,549887.04,26610.23,100518.45,677015.72,87347.04,18.88,26610.23,,-12094.69,-10.74,101862.58,17.71,316174.82,17.84
11,2026-04-01,2,58.8,458640.0,0.0,119973.29,578613.29,556971.19,22086.45,110165.98,689223.62,98331.19,21.44,22086.45,,-9807.31,-8.17,110610.33,19.12,426785.15,18.16
11,2026-05-01,2,59.1,460980.0,0.0,109852.5,570832.5,565749.72,19331.49,115396.77,700477.98,104769.72,22.73,19331.49,,5544.27,5.05,129645.48,22.71,556430.63,19.05
11,2026-06-01,2,60.1,468780.0,0.0,113330.61,582110.61,564711.16,20198.06,104884.96,689794.18,95931.16,20.46,20198.06,,-8445.65,-7.45,107683.57,18.5,664114.2,18.96
11,2026-07-01,2,61.6,480480.0,0.0,116842.56,597322.56,573436.39,24053.26,124496.14,721985.79,92956.39,19.35,24053.26,,7653.58,6.55,124663.23,20.87,788777.43,19.23
11,2026-08-01,2,63.0,491400.0,0.0,125657.69,617057.69,599844.02,28336.48,131145.37,759325.87,108444.02,22.07,28336.48,,5487.68,4.37,142268.18,23.06,931045.61,19.73
12,2023-09-01,2,106.4,1213873.27,0.0,146654.24,1360527.51,1127446.19,39045.14,157733.2,1324224.53,-86427.08,-7.12,39045.14,,11078.96,7.55,-36302.98,-2.67,-36302.98,-2.67
12,2023-10-01,2,106.9,1219577.56,0.0,145301.55,1364879.11,1116692.07,47819.04,161397.6,1325908.71,-102885.49,-8.44,47819.04,,16096.05,11.08,-38970.4,-2.86,-75273.38,-2.76
12,2023-11-01,2,106.1,1210450.69,0.0,141699.72,1352150.41,1138493.45,51395.72,154231.07,1344120.24,-71957.24,-5.94,51395.72,,12531.35,8.84,-8030.17,-0.59,-83303.55,-2.04
12,2023-12-01,2,104.1,1187633.52,0.0,139108.65,1326742.17,1101095.2,39934.25,148139.08,1289168.53,-86538.32,-7.29,39934.25,,9030.43,6.49,-37573.64,-2.83,-120877.19,-2.24
12,2024-01-01,2,101.4,1156830.35,0.0,141956.95,1298787.3,1071767.3,48268.94,154269.81,1274306.05,-85063.05,-7.35,48268.94,,12312.86,8.67,-24481.25,-1.88,-24481.25,-1.88
12,2024-02-01,2,98.7,1126027.18,0.0,133206.75,1259233.93,1106336.77,49008.29,149035.5,1304380.56,-19690.41,-1.75,49008.29,,15828.75,11.88,45146.63,3.59,20665.38,0.81
12,2024-03-01,2,96.8,1104350.87,0.0,131350.66,1235701.53,1091628.53,49455.18,126724.55,1267808.26,-12722.34,-1.15,49455.18,,-4626.11,-3.52,32106.73,2.6,52772.11,1.39
12,2024-04-01,2,95.9,1094083.14,0.0,133851.12,1227934.26,1074907.41,39776.84,142811.22,1257495.47,-19175.73,-1.75,39776.84,,8960.1,6.69,29561.21,2.41,82333.32,1.64
12,2024-05-01,2,96.5,1100928.29,0.0,129938.23,1230866.52,1053627.35,47576.43,122228.04,1223431.82,-47300.94,-4.3,47576.43,,-7710.19,-5.93,-7434.7,-0.6,74898.62,1.2
12,2024-06-01,2,98.2,1120322.88,0.0,132592.06,1252914.94,1045693.34,48284.91,141685.19,1235663.44,-74629.54,-6.66,48284.91,,9093.13,6.86,-17251.5,-1.38,57647.12,0.77
12,2024-07-01,2,100.6,1147703.48,0.0,143471.7,1291175.18,1059293.02,41826.45,159128.56,1260248.03,-88410.46,-7.7,41826.45,,15656.86,10.91,-30927.15,-2.4,26719.97,0.3
12,2024-08-01,2,102.9,1173943.23,0.0,147132.31,1321075.54,1100846.79,47882.33,141361.7,1290090.82,-73096.44,-6.23,47882.33,,-5770.61,-3.92,-30984.72,-2.35,-4264.75,-0.04
12,2024-09-01,2,104.6,1193337.82,0.0,140143.45,1333481.27,1168994.4,41741.23,126499.94,1337235.57,-24343.42,-2.04,41741.23,,-13643.51,-9.74,3754.3,0.28,-510.45,0.0
12,2024-10-01,2,105.1,1199042.11,0.0,137145.28,1336187.39,1205787.36,48160.72,129459.35,1383407.43,6745.25,0.56,48160.72,,-7685.93,-5.6,47220.04,3.53,46709.59,0.37
12,2024-11-01,2,104.3,1189915.24,0.0,137567.27,1327482.51,1173599.81,43505.73,142628.62,1359734.16,-16315.43,-1.37,43505.73,,5061.35,3.68,32251.65,2.43,78961.24,0.56
12,2024-12-01,2,102.3,1167098.07,0.0,140563.53,1307661.6,1189594.67,50004.19,151851.58,1391450.44,22496.6,1.93,50004.19,,11288.05,8.03,83788.84,6.41,162750.08,1.06
12,2025-01-01,2,99.7,1137435.76,0.0,141721.7,1279157.46,1157992.91,44363.11,134920.91,1337276.93,20557.15,1.81,44363.11,,-6800.79,-4.8,58119.47,4.54,58119.47,4.54
12,2025-02-01,2,97.1,1107773.44,0.0,133968.51,1241741.95,1127419.38,41258.91,125042.9,1293721.19,19645.94,1.77,41258.91,,-8925.61,-6.66,51979.24,4.19,110098.71,4.37
12,2025-03-01,2,95.1,1084956.27,0.0,129989.91,1214946.18,1113314.38,46815.03,141838.92,1301968.33,28358.11,2.61,46815.03,,11849.01,9.12,87022.15,7.16,197120.86,5.28
12,2025-04-01,2,94.3,1075829.41,0.0,127367.99,1203197.4,1060882.38,49825.37,138152.88,1248860.63,-14947.03,-1.39,49825.37,,10784.89,8.47,45663.23,3.8,242784.09,4.92
12,2025-05-01,2,94.8,1081533.7,0.0,134484.86,1216018.56,1079928.62,37187.15,145369.25,1262485.02,-1605.08,-0.15,37187.15,,10884.39,8.09,46466.46,3.82,289250.55,4.7
12,2025-06-01,2,96.5,1100928.29,0.0,125832.74,1226761.03,1067601.99,42771.12,132450.36,1242823.47,-33326.3,-3.03,42771.12,,6617.62,5.26,16062.44,1.31,305312.99,4.14
12,2025-07-01,2,98.9,1128308.89,0.0,135342.41,1263651.3,1100969.88,37207.14,143453.35,1281630.37,-27339.01,-2.42,37207.14,,8110.94,5.99,17979.07,1.42,323292.06,3.74
12,2025-08-01,2,101.2,1154548.63,0.0,138424.9,1292973.53,1102801.26,49428.32,149374.09,1301603.67,-51747.37,-4.48,49428.32,,10949.19,7.91,8630.14,0.67,331922.2,3.34
12,2025-09-01,2,102.8,1172802.37,0.0,145491.74,1318294.11,1150143.48,44912.13,152399.12,1347454.73,-22658.89,-1.93,44912.13,,6907.38,4.75,29160.62,2.21,361082.82,3.21
12,2025-10-01,2,103.4,1179647.52,0.0,139952.48,1319600.0,1106035.7,41552.25,124030.03,1271617.98,-73611.82,-6.24,41552.25,,-15922.45,-11.38,-47982.02,-3.64,313100.8,2.49
12,2025-11-01,2,102.5,1169379.79,0.0,136761.1,1306140.89,1086554.46,44984.95,127763.34,1259302.75,-82825.33,-7.08,44984.95,,-8997.76,-6.58,-46838.14,-3.59,266262.66,1.92
12,2025-12-01,2,100.6,1147703.48,0.0,136468.27,1284171.75,1067852.34,42863.36,151471.83,1262187.53,-79851.14,-6.96,42863.36,,15003.56,10.99,-21984.22,-1.71,244278.44,1.61
12,2026-01-01,2,98.0,1118041.17,0.0,137939.76,1255980.93,1063181.97,38654.42,151212.54,1253048.93,-54859.2,-4.91,38654.42,,13272.78,9.62,-2932.0,-0.23,-2932.0,-0.23
12,2026-02-01,2,95.4,1088378.85,0.0,130967.05,1219345.9,1056792.16,40924.94,117276.63,1214993.73,-31586.69,-2.9,40924.94,,-13690.42,-10.45,-4352.17,-0.36,-7284.17,-0.29
12,2026-03-01,2,93.5,1066702.54,0.0,121963.99,1188666.53,1071408.92,49108.59,129998.17,1250515.68,4706.38,0.44,49108.59,,8034.18,6.59,61849.15,5.2,54564.98,1.49
12,2026-04-01,2,92.7,1057575.68,0.0,129063.56,1186639.24,1066627.14,45947.23,135485.91,1248060.28,9051.46,0.86,45947.23,,6422.35,4.98,61421.04,5.18,115986.02,2.39
12,2026-05-01,2,93.2,1063279.97,0.0,130513.34,1193793.31,1005542.43,33753.63,134989.51,1174285.57,-57737.54,-5.43,33753.63,,4476.17,3.43,-19507.74,-1.63,96478.28,1.6
12,2026-06-01,2,94.9,1082674.56,0.0,132936.78,1215611.34,983829.19,42813.82,145917.57,1172560.58,-98845.37,-9.13,42813.82,,12980.79,9.76,-43050.76,-3.54,53427.52,0.74
12,2026-07-01,2,97.2,1108914.3,0.0,131511.17,1240425.47,1031898.91,39693.2,138492.14,1210084.25,-77015.39,-6.95,39693.2,,6980.97,5.31,-30341.22,-2.45,23086.3,0.27
12,2026-08-01,2,99.4,1134013.18,0.0,132657.62,1266670.8,1018960.56,45024.37,121879.5,1185864.43,-115052.62,-10.15,45024.37,,-10778.12,-8.12,-80806.37,-6.38,-57720.07,-0.59
13,2023-09-01,3,394.4,1217282.73,0.0,704229.99,1921512.72,1159683.04,59311.59,755326.62,1974321.25,-57599.69,-4.73,59311.59,,51096.63,7.26,52808.53,2.75,52808.53,2.75
13,2023-10-01,3,405.3,1250924.68,0.0,751444.2,2002368.88,1229127.29,51460.95,774449.9,2055038.14,-21797.39,-1.74,51460.95,,23005.7,3.06,52669.26,2.63,105477.79,2.69
13,2023-11-01,3,411.0,1268517.25,0.0,758516.19,2027033.44,1258238.98,67532.29,672379.55,1998150.82,-10278.27,-0.81,67532.29,,-86136.64,-11.36,-28882.62,-1.42,76595.17,1.29
13,2023-12-01,3,409.7,1264504.91,0.0,793036.26,2057541.17,1265449.76,70229.36,886708.77,2222387.89,944.85,0.07,70229.36,,93672.51,11.81,164846.72,8.01,241441.89,3.01
13,2024-01-01,3,401.5,1239196.29,0.0,772147.64,2011343.93,1236833.37,61770.0,844519.28,2143122.65,-2362.92,-0.19,61770.0,,72371.64,9.37,131778.72,6.55,131778.72,6.55
13,2024-02-01,3,388.3,1198455.59,0.0,751452.28,1949907.87,1212377.52,62080.28,666672.66,1941130.46,13921.93,1.16,62080.28,,-84779.62,-11.28,-8777.41,-0.45,123001.31,3.11
13,2024-03-01,3,373.3,1152159.34,0.0,703916.36,1856075.7,1170063.85,64633.28,651312.5,1886009.63,17904.51,1.55,64633.28,,-52603.86,-7.47,29933.93,1.61,152935.24,2.63
13,2024-04-01,3,360.2,1111727.28,0.0,653418.61,1765145.89,1145753.14,50648.27,598115.9,1794517.31,34025.86,3.06,50648.27,,-55302.71,-8.46,29371.42,1.66,182306.66,2.4
13,2024-05-01,3,352.2,1087035.95,0.0,633282.5,1720318.45,1135497.34,58785.21,578615.37,1772897.92,48461.39,4.46,58785.21,,-54667.13,-8.63,52579.47,3.06,234886.13,2.52
13,2024-06-01,3,351.1,1083640.89,0.0,660978.99,1744619.88,1110982.44,51112.02,713379.67,1875474.13,27341.55,2.52,51112.02,,52400.68,7.93,130854.25,7.5,365740.38,3.31
13,2024-07-01,3,356.8,1101233.47,0.0,635287.77,1736521.24,1090620.72,46251.46,570208.51,1707080.69,-10612.75,-0.96,46251.46,,-65079.26,-10.24,-29440.55,-1.7,336299.83,2.63
13,2024-08-01,3,367.4,1133949.48,0.0,663450.37,1797399.85,1125981.86,45623.36,595935.79,1767541.01,-7967.62,-0.7,45623.36,,-67514.58,-10.18,-29858.84,-1.66,306440.99,2.1
13,2024-09-01,3,379.7,1171912.41,0.0,692576.53,1864488.94,1155094.67,47957.31,769867.15,1972919.13,-16817.74,-1.44,47957.31,,77290.62,11.16,108430.19,5.82,414871.18,2.52
13,2024-10-01,3,390.2,1204319.78,0.0,710852.59,1915172.37,1180999.93,68387.43,677944.93,1927332.29,-23319.85,-1.94,68387.43,,-32907.66,-4.63,12159.92,0.63,427031.1,2.33
13,2024-11-01,3,395.6,1220986.43,0.0,744118.7,1965105.13,1197162.68,52946.5,809101.12,2059210.3,-23823.75,-1.95,52946.5,,64982.42,8.73,94105.17,4.79,521136.27,2.56
13,2024-12-01,3,394.3,1216974.09,0.0,758378.75,1975352.84,1230306.39,64700.56,724538.55,2019545.5,13332.3,1.1,64700.56,,-33840.2,-4.46,44192.66,2.24,565328.93,2.53
13,2025-01-01,3,386.4,1192591.4,0.0,709664.94,1902256.34,1208768.61,53367.1,678156.78,1940292.49,16177.21,1.36,53367.1,,-31508.16,-4.44,38036.15,2.0,38036.15,2.0
13,2025-02-01,3,373.6,1153085.27,0.0,698190.74,1851276.01,1164719.03,46825.57,773148.5,1984693.1,11633.76,1.01,46825.57,,74957.76,10.74,133417.09,7.21,171453.24,4.57
13,2025-03-01,3,359.1,1108332.23,0.0,641610.27,1749942.5,1163023.79,56559.78,689747.32,1909330.89,54691.56,4.93,56559.78,,48137.05,7.5,159388.39,9.11,330841.63,6.01
13,2025-04-01,3,346.5,1069443.38,0.0,666179.55,1735622.93,1125381.32,49669.04,590170.06,1765220.42,55937.94,5.23,49669.04,,-76009.49,-11.41,29597.49,1.71,360439.12,4.98
13,2025-05-01,3,338.8,1045677.97,0.0,653703.27,1699381.24,1125057.2,60906.97,730441.97,1916406.14,79379.23,7.59,60906.97,,76738.7,11.74,217024.9,12.77,577464.02,6.46
13,2025-06-01,3,337.7,1042282.91,0.0,596654.27,1638937.18,1117146.85,188558.26,644214.7,1949919.81,74863.94,7.18,188558.26,,47560.43,7.97,310982.63,18.97,888446.65,8.4
13,2025-07-01,3,343.1,1058949.56,0.0,614291.83,1673241.39,1100237.98,170722.46,544326.46,1815286.9,41288.42,3.9,170722.46,,-69965.37,-11.39,142045.51,8.49,1030492.16,8.41
13,2025-08-01,3,353.2,1090122.37,0.0,626476.87,1716599.24,1060382.02,205924.91,604070.61,1870377.54,-29740.35,-2.73,205924.91,,-22406.26,-3.58,153778.3,8.96,1184270.46,8.48
13,2025-09-01,3,365.1,1126850.73,0.0,658412.87,1785263.6,1111026.85,212930.16,721607.65,2045564.66,-15823.88,-1.4,212930.16,,63194.78,9.6,260301.06,14.58,1444571.52,9.17
13,2025-10-01,3,375.0,1157406.25,0.0,661129.85,1818536.1,1170185.05,61963.43,591390.88,1823539.36,12778.8,1.1,61963.43,,-69738.97,-10.55,5003.26,0.28,1449574.78,8.25
13,2025-11-01,3,380.2,1173455.62,0.0,716124.64,1889580.26,1154265.05,48100.0,740638.0,1943003.05,-19190.57,-1.64,48100.0,,24513.36,3.42,53422.79,2.83,1502997.57,7.72
13,2025-12-01,3,379.0,1169751.92,0.0,674104.76,1843856.68,1117968.81,48292.77,630340.31,1796601.89,-51783.11,-4.43,48292.77,,-43764.45,-6.49,-47254.79,-2.56,1455742.78,6.83
13,2026-01-01,3,371.3,1145986.51,0.0,673361.42,1819347.93,1107425.27,62049.84,731475.17,1900950.28,-38561.24,-3.36,62049.84,,58113.75,8.63,81602.35,4.49,81602.35,4.49
13,2026-02-01,3,358.9,1107714.94,0.0,689359.5,1797074.44,1092388.82,48064.14,738065.48,1878518.44,-15326.12,-1.38,48064.14,,48705.98,7.07,81444.0,4.53,163046.35,4.51
13,2026-03-01,3,345.0,1064813.75,0.0,659823.42,1724637.17,1094683.99,50514.3,600818.81,1746017.1,29870.24,2.81,50514.3,,-59004.61,-8.94,21379.93,1.24,184426.28,3.45
13,2026-04-01,3,332.8,1027159.47,0.0,627372.16,1654531.63,1031243.59,42928.73,676992.01,1751164.33,4084.12,0.4,42928.73,,49619.85,7.91,96632.7,5.84,281058.98,4.02
13,2026-05-01,3,325.4,1004319.98,0.0,592598.55,1596918.53,1040138.97,47855.81,615538.53,1703533.31,35818.99,3.57,47855.81,,22939.98,3.87,106614.78,6.68,387673.76,4.51
13,2026-06-01,3,324.2,1000616.28,0.0,597386.85,1598003.13,1009648.5,57087.82,571795.72,1638532.04,9032.22,0.9,57087.82,,-25591.13,-4.28,40528.91,2.54,428202.67,4.2
13,2026-07-01,3,329.4,1016665.65,0.0,627358.96,1644024.61,980218.85,45345.92,668489.75,1694054.52,-36446.8,-3.58,45345.92,,41130.79,6.56,50029.91,3.04,478232.58,4.04
13,2026-08-01,3,339.1,1046603.89,0.0,628843.34,1675447.23,1012331.88,42423.72,670428.16,1725183.76,-34272.01,-3.27,42423.72,,41584.82,6.61,49736.53,2.97,527969.11,3.91
14,2023-09-01,3,222.7,673545.02,0.0,294513.19,968058.21,603801.06,27447.39,324501.51,955749.96,-69743.96,-10.35,27447.39,,29988.32,10.18,-12308.25,-1.27,-12308.25,-1.27
14,2023-10-01,3,228.9,692296.61,0.0,319243.23,1011539.84,653385.75,29416.52,356983.05,1039785.32,-38910.86,-5.62,29416.52,,37739.82,11.82,28245.48,2.79,15937.23,0.81
14,2023-11-01,3,232.1,701974.85,0.0,302876.5,1004851.35,663737.85,36615.56,284853.13,985206.54,-38237.0,-5.45,36615.56,,-18023.37,-5.95,-19644.81,-1.95,-3707.58,-0.12
14,2023-12-01,3,231.4,699857.73,0.0,310183.8,1010041.53,646690.08,25671.0,276167.23,948528.31,-53167.65,-7.6,25671.0,,-34016.57,-10.97,-61513.22,-6.09,-65220.8,-1.63
14,2024-01-01,3,226.7,685642.82,0.0,313352.82,998995.64,621799.55,32930.58,298541.25,953271.38,-63843.27,-9.31,32930.58,,-14811.57,-4.73,-45724.26,-4.58,-45724.26,-4.58
14,2024-02-01,3,219.3,663261.89,0.0,295693.81,958955.7,604727.03,30876.31,283788.93,919392.27,-58534.86,-8.83,30876.31,,-11904.88,-4.03,-39563.43,-4.13,-85287.69,-4.36
14,2024-03-01,3,210.8,637554.06,0.0,287921.95,925476.01,596676.72,23808.64,308083.41,928568.77,-40877.34,-6.41,23808.64,,20161.46,7.0,3092.76,0.33,-82194.93,-2.85
14,2024-04-01,3,203.4,615173.13,0.0,271769.49,886942.62,609902.99,23727.57,285238.15,918868.71,-5270.14,-0.86,23727.57,,13468.66,4.96,31926.09,3.6,-50268.84,-1.33
14,2024-05-01,3,198.9,601563.11,0.0,258889.7,860452.81,586526.82,28746.22,275772.69,891045.73,-15036.29,-2.5,28746.22,,16882.99,6.52,30592.92,3.56,-19675.92,-0.42
14,2024-06-01,3,198.3,599748.44,0.0,263374.59,863123.03,559611.11,24579.74,247898.46,832089.31,-40137.33,-6.69,24579.74,,-15476.13,-5.88,-31033.72,-3.6,-50709.64,-0.92
14,2024-07-01,3,201.5,609426.68,0.0,274177.67,883604.35,544944.73,28088.45,263446.7,836479.88,-64481.95,-10.58,28088.45,,-10730.97,-3.91,-47124.47,-5.33,-97834.11,-1.53
14,2024-08-01,3,207.5,627573.38,0.0,287016.68,914590.06,553288.25,25142.98,318824.2,897255.43,-74285.13,-11.84,25142.98,,31807.52,11.08,-17334.63,-1.9,-115168.74,-1.58
14,2024-09-01,3,214.4,648442.08,0.0,306043.12,954485.2,554162.52,32260.77,285707.01,872130.3,-94279.56,-14.54,32260.77,,-20336.11,-6.64,-82354.9,-8.63,-197523.64,-2.4
14,2024-10-01,3,220.3,666286.34,0.0,290541.06,956827.4,570593.97,27662.89,300042.89,898299.75,-95692.37,-14.36,27662.89,,9501.83,3.27,-58527.65,-6.12,-256051.29,-2.78
14,2024-11-01,3,223.4,675662.13,0.0,292035.36,967697.49,584868.92,23556.13,263182.72,871607.77,-90793.21,-13.44,23556.13,,-28852.64,-9.88,-96089.72,-9.93,-352141.01,-3.46
14,2024-12-01,3,222.7,673545.02,0.0,294445.19,967990.21,569073.99,23160.42,310239.57,902473.98,-104471.03,-15.51,23160.42,,15794.38,5.36,-65516.23,-6.77,-417657.24,-3.75
14,2025-01-01,3,218.2,659934.99,0.0,309864.42,969799.41,578806.65,28089.83,325988.77,932885.25,-81128.34,-12.29,28089.83,,16124.35,5.2,-36914.16,-3.81,-36914.16,-3.81
14,2025-02-01,3,211.0,638158.95,0.0,300171.02,938329.97,559202.16,23139.64,274817.52,857159.32,-78956.79,-12.37,23139.64,,-25353.5,-8.45,-81170.65,-8.65,-118084.81,-6.19
14,2025-03-01,3,202.8,613358.46,0.0,281742.3,895100.76,549855.52,22926.08,248629.46,821411.06,-63502.94,-10.35,22926.08,,-33112.84,-11.75,-73689.7,-8.23,-191774.51,-6.84
14,2025-04-01,3,195.7,591884.87,0.0,260277.71,852162.58,556122.85,23035.46,251518.47,830676.78,-35762.02,-6.04,23035.46,,-8759.24,-3.37,-21485.8,-2.52,-213260.31,-5.83
14,2025-05-01,3,191.3,578577.29,0.0,251681.3,830258.59,536938.41,21401.83,262200.09,820540.33,-41638.88,-7.2,21401.83,,10518.79,4.18,-9718.26,-1.17,-222978.57,-4.97
14,2025-06-01,3,190.7,576762.62,0.0,248555.63,825318.25,526680.81,100570.1,273632.04,900882.95,-50081.81,-8.68,100570.1,,25076.41,10.09,75564.7,9.16,-147413.87,-2.78
14,2025-07-01,3,193.8,586138.41,0.0,274650.49,860788.9,506449.12,75641.73,256931.59,839022.44,-79689.29,-13.6,75641.73,,-17718.9,-6.45,-21766.46,-2.53,-169180.33,-2.74
14,2025-08-01,3,199.5,603377.78,0.0,279103.7,882481.48,524507.91,94425.43,299952.94,918886.28,-78869.87,-13.07,94425.43,,20849.24,7.47,36404.8,4.13,-132775.53,-1.88
14,2025-09-01,3,206.2,623641.59,0.0,283625.28,907266.87,513256.31,102762.96,251100.05,867119.32,-110385.28,-17.7,102762.96,,-32525.23,-11.47,-40147.55,-4.43,-172923.08,-2.17
14,2025-10-01,3,211.8,640578.51,0.0,282889.45,923467.96,544985.91,23769.27,262105.72,830860.9,-95592.6,-14.92,23769.27,,-20783.73,-7.35,-92607.06,-10.03,-265530.14,-2.99
14,2025-11-01,3,214.7,649349.42,0.0,298428.56,947777.98,536818.86,25806.3,332555.57,895180.73,-112530.56,-17.33,25806.3,,34127.01,11.44,-52597.25,-5.55,-318127.39,-3.24
14,2025-12-01,3,214.0,647232.3,0.0,299356.72,946589.02,537888.04,24773.22,311004.11,873665.37,-109344.26,-16.89,24773.22,,11647.39,3.89,-72923.65,-7.7,-391051.04,-3.63
14,2026-01-01,3,209.7,634227.17,0.0,283947.95,918175.12,547500.63,28160.99,261396.44,837058.06,-86726.54,-13.67,28160.99,,-22551.51,-7.94,-81117.06,-8.83,-81117.06,-8.83
14,2026-02-01,3,202.7,613056.02,0.0,281521.63,894577.65,523439.42,26650.52,270679.29,820769.23,-89616.6,-14.62,26650.52,,-10842.34,-3.85,-73808.42,-8.25,-154925.48,-8.55
14,2026-03-01,3,194.8,589162.86,0.0,273633.78,862796.64,515834.84,21179.26,293168.01,830182.11,-73328.02,-12.45,21179.26,,19534.23,7.14,-32614.53,-3.78,-187540.01,-7.01
14,2026-04-01,3,188.0,568596.6,0.0,252105.14,820701.74,499535.87,26761.03,222476.85,748773.75,-69060.73,-12.15,26761.03,,-29628.29,-11.75,-71927.99,-8.76,-259468.0,-7.42
14,2026-05-01,3,183.7,555591.47,0.0,254064.94,809656.41,498247.04,25458.85,271665.02,795370.91,-57344.43,-10.32,25458.85,,17600.08,6.93,-14285.5,-1.76,-273753.5,-6.36
14,2026-06-01,3,183.1,553776.8,0.0,243268.11,797044.91,490200.13,22594.32,219448.69,732243.14,-63576.67,-11.48,22594.32,,-23819.42,-9.79,-64801.77,-8.13,-338555.27,-6.63
14,2026-07-01,3,186.0,562547.7,0.0,249854.21,812401.91,483201.09,25308.09,259660.22,768169.4,-79346.61,-14.1,25308.09,,9806.01,3.92,-44232.51,-5.44,-382787.78,-6.47
14,2026-08-01,3,191.5,579182.18,0.0,258261.4,837443.58,510009.85,26184.89,272292.1,808486.84,-69172.33,-11.94,26184.89,,14030.7,5.43,-28956.74,-3.46,-411744.52,-6.1
15,2023-09-01,3,72.9,306225.56,0.0,332375.29,638600.85,326892.18,16888.99,315902.65,659683.82,20666.62,6.75,16888.99,,-16472.64,-4.96,21082.97,3.3,21082.97,3.3
15,2023-10-01,3,74.9,314626.81,0.0,342836.97,657463.78,326812.51,16961.35,376866.03,720639.89,12185.7,3.87,16961.35,,34029.06,9.93,63176.11,9.61,84259.08,6.5
15,2023-11-01,3,76.0,319247.5,0.0,371029.42,690276.92,329972.55,13570.94,390335.36,733878.85,10725.05,3.36,13570.94,,19305.94,5.2,43601.93,6.32,127861.01,6.44
15,2023-12-01,3,75.7,317987.31,0.0,390242.22,708229.53,324410.31,15512.08,351176.35,691098.74,6423.0,2.02,15512.08,,-39065.87,-10.01,-17130.79,-2.42,110730.22,4.11
15,2024-01-01,3,74.2,311686.38,0.0,380117.98,691804.36,333624.4,18159.19,395363.33,747146.92,21938.02,7.04,18159.19,,15245.35,4.01,55342.56,8.0,55342.56,8.0
15,2024-02-01,3,71.8,301604.88,0.0,352586.0,654190.88,323096.64,14674.8,388548.52,726319.96,21491.76,7.13,14674.8,,35962.52,10.2,72129.08,11.03,127471.64,9.47
15,2024-03-01,3,69.0,289843.12,0.0,318981.04,608824.16,313435.52,14888.31,344691.8,673015.63,23592.4,8.14,14888.31,,25710.76,8.06,64191.47,10.54,191663.11,9.8
15,2024-04-01,3,66.6,279761.62,0.0,303187.33,582948.95,317019.07,12742.76,290504.99,620266.82,37257.45,13.32,12742.76,,-12682.34,-4.18,37317.87,6.4,228980.98,9.02
15,2024-05-01,3,65.1,273460.69,0.0,296777.21,570237.9,316278.48,16707.58,265749.57,598735.63,42817.79,15.66,16707.58,,-31027.64,-10.45,28497.73,5.0,257478.71,8.28
15,2024-06-01,3,64.9,272620.56,0.0,285835.09,558455.65,302383.74,15121.62,311575.98,629081.34,29763.18,10.92,15121.62,,25740.89,9.01,70625.69,12.65,328104.4,8.95
15,2024-07-01,3,65.9,276821.19,0.0,325138.07,601959.26,302238.68,15041.76,308164.86,625445.3,25417.49,9.18,15041.76,,-16973.21,-5.22,23486.04,3.9,351590.44,8.24
15,2024-08-01,3,67.9,285222.44,0.0,323762.38,608984.82,305823.54,12804.51,349974.07,668602.12,20601.1,7.22,12804.51,,26211.69,8.1,59617.3,9.79,411207.74,8.43
15,2024-09-01,3,70.2,294883.88,0.0,297113.49,591997.37,332915.09,17445.59,285532.22,635892.9,38031.21,12.9,17445.59,,-11581.27,-3.9,43895.53,7.41,455103.27,8.32
15,2024-10-01,3,72.1,302865.06,0.0,329078.8,631943.86,339930.86,15642.69,367884.34,723457.89,37065.8,12.24,15642.69,,38805.54,11.79,91514.03,14.48,546617.3,8.96
15,2024-11-01,3,73.1,307065.69,0.0,382437.44,689503.13,351818.26,17546.26,421222.98,790587.5,44752.57,14.57,17546.26,,38785.54,10.14,101084.37,14.66,647701.67,9.54
15,2024-12-01,3,72.9,306225.56,0.0,373626.25,679851.81,345400.73,16199.62,342702.03,704302.38,39175.17,12.79,16199.62,,-30924.22,-8.28,24450.57,3.6,672152.24,9.0
15,2025-01-01,3,71.4,299924.62,0.0,365406.81,665331.43,341880.84,19723.73,350688.43,712293.0,41956.22,13.99,19723.73,,-14718.38,-4.03,46961.57,7.06,46961.57,7.06
15,2025-02-01,3,69.1,290263.19,0.0,350200.4,640463.59,328903.7,14274.18,367233.97,710411.85,38640.51,13.31,14274.18,,17033.57,4.86,69948.26,10.92,116909.83,8.95
15,2025-03-01,3,66.4,278921.5,0.0,300660.06,579581.56,322966.72,15714.69,321121.28,659802.69,44045.22,15.79,15714.69,,20461.22,6.81,80221.13,13.84,197130.96,10.46
15,2025-04-01,3,64.0,268840.0,0.0,277555.01,546395.01,319781.4,14349.36,263259.26,597390.02,50941.4,18.95,14349.36,,-14295.75,-5.15,50995.01,9.33,248125.97,10.2
15,2025-05-01,3,62.6,262959.12,0.0,288964.31,551923.43,314227.25,17051.77,254323.08,585602.1,51268.13,19.5,17051.77,,-34641.23,-11.99,33678.67,6.1,281804.64,9.44
15,2025-06-01,3,62.4,262119.0,0.0,284180.84,546299.84,315144.34,48484.31,254423.69,618052.34,53025.34,20.23,48484.31,,-29757.15,-10.47,71752.5,13.13,353557.14,10.02
15,2025-07-01,3,63.4,266319.62,0.0,301859.96,568179.58,308888.97,49078.99,330782.54,688750.5,42569.35,15.98,49078.99,,28922.58,9.58,120570.92,21.22,474128.06,11.57
15,2025-08-01,3,65.3,274300.81,0.0,327034.69,601335.5,319942.38,61550.7,304307.82,685800.9,45641.57,16.64,61550.7,,-22726.87,-6.95,84465.4,14.05,558593.46,11.89
15,2025-09-01,3,67.5,283542.19,0.0,303560.84,587103.03,340907.98,47837.29,329360.9,718106.17,57365.79,20.23,47837.29,,25800.06,8.5,131003.14,22.31,689596.6,13.04
15,2025-10-01,3,69.3,291103.31,0.0,314067.06,605170.37,339134.52,16513.76,349706.79,705355.07,48031.21,16.5,16513.76,,35639.73,11.35,100184.7,16.55,789781.3,13.4
15,2025-11-01,3,70.3,295303.94,0.0,366572.71,661876.65,358878.48,20121.37,395979.71,774979.56,63574.54,21.53,20121.37,,29407.0,8.02,113102.91,17.09,902884.21,13.78
15,2025-12-01,3,70.0,294043.75,0.0,339823.85,633867.6,350321.36,14240.77,317264.59,681826.72,56277.61,19.14,14240.77,,-22559.26,-6.64,47959.12,7.57,950843.33,13.23
15,2026-01-01,3,68.6,288162.88,0.0,338555.3,626718.18,354700.19,19597.71,372276.93,746574.83,66537.31,23.09,19597.71,,33721.63,9.96,119856.65,19.12,119856.65,19.12
15,2026-02-01,3,66.3,278501.44,0.0,344354.86,622856.3,346550.99,19049.09,378994.45,744594.53,68049.55,24.43,19049.09,,34639.59,10.06,121738.23,19.55,241594.88,19.33
15,2026-03-01,3,63.8,267999.88,0.0,284371.41,552371.29,349232.19,16394.47,308968.6,674595.26,81232.31,30.31,16394.47,,24597.19,8.65,122223.97,22.13,363818.85,20.19
15,2026-04-01,3,61.5,258338.44,0.0,274273.4,532611.84,333925.76,15532.68,288877.19,638335.63,75587.32,29.26,15532.68,,14603.79,5.32,105723.79,19.85,469542.64,20.11
15,2026-05-01,3,60.1,252457.56,0.0,267909.63,520367.19,328510.52,15183.43,287997.58,631691.53,76052.96,30.13,15183.43,,20087.95,7.5,111324.34,21.39,580866.98,20.35
15,2026-06-01,3,59.9,251617.44,0.0,264308.84,515926.28,315097.76,16632.0,243025.94,574755.7,63480.32,25.23,16632.0,,-21282.9,-8.05,58829.42,11.4,639696.4,18.98
15,2026-07-01,3,60.9,255818.06,0.0,289843.8,545661.86,310862.47,15762.57,299854.72,626479.76,55044.41,21.52,15762.57,,10010.92,3.45,80817.9,14.81,720514.3,18.4
15,2026-08-01,3,62.7,263379.19,0.0,296781.3,560160.49,314329.87,12380.44,278774.87,605485.18,50950.68,19.34,12380.44,,-18006.43,-6.07,45324.69,8.09,765838.99,17.11
16,2023-09-01,3,59.1,234523.58,0.0,33721.89,268245.47,269478.1,14747.56,36626.4,320852.06,34954.52,14.9,14747.56,,2904.51,8.61,52606.59,19.61,52606.59,19.61
16,2023-10-01,3,60.8,241269.6,0.0,36350.15,277619.75,274073.62,13041.12,32482.9,319597.64,32804.02,13.6,13041.12,,-3867.25,-10.64,41977.89,15.12,94584.48,17.33
16,2023-11-01,3,61.6,244444.2,0.0,35173.66,279617.86,278952.35,12886.76,33819.21,325658.32,34508.15,14.12,12886.76,,-1354.45,-3.85,46040.46,16.47,140624.94,17.04
16,2023-12-01,3,61.4,243650.55,0.0,36995.13,280645.68,276166.48,15100.13,39647.32,330913.93,32515.93,13.35,15100.13,,2652.19,7.17,50268.25,17.91,190893.19,17.26
16,2024-01-01,3,60.2,238888.65,0.0,35075.4,273964.05,274215.05,14114.72,31516.62,319846.39,35326.4,14.79,14114.72,,-3558.78,-10.15,45882.34,16.75,45882.34,16.75
16,2024-02-01,3,58.2,230952.15,0.0,34253.42,265205.57,261972.38,15163.7,32002.92,309139.0,31020.23,13.43,15163.7,,-2250.5,-6.57,43933.43,16.57,89815.77,16.66
16,2024-03-01,3,56.0,222222.0,0.0,34821.23,257043.23,267897.74,10638.71,36080.16,314616.61,45675.74,20.55,10638.71,,1258.93,3.62,57573.38,22.4,147389.15,18.51
16,2024-04-01,3,54.0,214285.5,0.0,30968.23,245253.73,267998.81,12867.06,28211.91,309077.78,53713.31,25.07,12867.06,,-2756.32,-8.9,63824.05,26.02,211213.2,20.28
16,2024-05-01,3,52.8,209523.6,0.0,30371.01,239894.61,262931.11,13817.48,27208.3,303956.89,53407.51,25.49,13817.48,,-3162.71,-10.41,64062.28,26.7,275275.48,21.48
16,2024-06-01,3,52.6,208729.95,0.0,30258.58,238988.53,251732.03,13249.96,32258.37,297240.36,43002.08,20.6,13249.96,,1999.79,6.61,58251.83,24.37,333527.31,21.94
16,2024-07-01,3,53.5,212301.38,0.0,33215.51,245516.89,248732.84,13678.62,30824.2,293235.66,36431.46,17.16,13678.62,,-2391.31,-7.2,47718.77,19.44,381246.08,21.59
16,2024-08-01,3,55.1,218650.58,0.0,32044.57,250695.15,257650.28,14257.81,34632.38,306540.47,38999.7,17.84,14257.81,,2587.81,8.08,55845.32,22.28,437091.4,21.68
16,2024-09-01,3,56.9,225793.42,0.0,32751.09,258544.51,257003.9,10763.31,34059.07,301826.28,31210.48,13.82,10763.31,,1307.98,3.99,43281.77,16.74,480373.17,21.11
16,2024-10-01,3,58.5,232142.62,0.0,34217.11,266359.73,260831.38,11566.27,32681.72,305079.37,28688.76,12.36,11566.27,,-1535.39,-4.49,38719.64,14.54,519092.81,20.42
16,2024-11-01,3,59.3,235317.22,0.0,35332.18,270649.4,248393.18,9619.6,38334.79,296347.57,13075.96,5.56,9619.6,,3002.61,8.5,25698.17,9.5,544790.98,19.37
16,2024-12-01,3,59.1,234523.58,0.0,36834.21,271357.79,249267.1,11531.55,38077.94,298876.59,14743.52,6.29,11531.55,,1243.73,3.38,27518.8,10.14,572309.78,18.56
16,2025-01-01,3,57.9,229761.67,0.0,34905.78,264667.45,247534.0,11428.29,33420.32,292382.61,17772.33,7.74,11428.29,,-1485.46,-4.26,27715.16,10.47,27715.16,10.47
16,2025-02-01,3,56.0,222222.0,0.0,33340.84,255562.84,249750.38,13272.05,31391.66,294414.09,27528.38,12.39,13272.05,,-1949.18,-5.85,38851.25,15.2,66566.41,12.8
16,2025-03-01,3,53.8,213491.85,0.0,31630.91,245122.76,238233.09,10792.74,34297.32,283323.15,24741.24,11.59,10792.74,,2666.41,8.43,38200.39,15.58,104766.8,13.69
16,2025-04-01,3,51.9,205952.17,0.0,32090.2,238042.37,236689.69,12320.59,30883.65,279893.93,30737.52,14.92,12320.59,,-1206.55,-3.76,41851.56,17.58,146618.36,14.61
16,2025-05-01,3,50.8,201587.1,0.0,29519.8,231106.9,227638.95,10286.15,26573.89,264498.99,26051.85,12.92,10286.15,,-2945.91,-9.98,33392.09,14.45,180010.45,14.58
16,2025-06-01,3,50.6,200793.45,0.0,30315.92,231109.37,222228.39,36729.64,27107.63,286065.66,21434.94,10.68,36729.64,,-3208.29,-10.58,54956.29,23.78,234966.74,16.03
16,2025-07-01,3,51.4,203968.05,0.0,29332.53,233300.58,225525.4,37804.92,27316.02,290646.34,21557.35,10.57,37804.92,,-2016.51,-6.87,57345.76,24.58,292312.5,17.21
16,2025-08-01,3,53.0,210317.25,0.0,30238.61,240555.86,227841.81,39401.87,32589.02,299832.7,17524.56,8.33,39401.87,,2350.41,7.77,59276.84,24.64,351589.34,18.13
16,2025-09-01,3,54.7,217063.28,0.0,33501.06,250564.34,228077.21,38893.4,31650.14,298620.75,11013.93,5.07,38893.4,,-1850.92,-5.52,48056.41,19.18,399645.75,18.25
16,2025-10-01,3,56.2,223015.65,0.0,33695.57,256711.22,221940.3,10238.6,35905.08,268083.98,-1075.35,-0.48,10238.6,,2209.51,6.56,11372.76,4.43,411018.51,16.8
16,2025-11-01,3,57.0,226190.25,0.0,34299.71,260489.96,237878.25,10651.98,32132.32,280662.55,11688.0,5.17,10651.98,,-2167.39,-6.32,20172.59,7.74,431191.1,15.93
16,2025-12-01,3,56.8,225396.6,0.0,33792.3,259188.9,235852.71,9374.62,37353.59,282580.92,10456.11,4.64,9374.62,,3561.29,10.54,23392.02,9.03,454583.12,15.32
16,2026-01-01,3,55.7,221031.53,0.0,32010.99,253042.52,235872.65,12586.13,29914.0,278372.78,14841.12,6.71,12586.13,,-2096.99,-6.55,25330.26,10.01,25330.26,10.01
16,2026-02-01,3,53.8,213491.85,0.0,33092.52,246584.37,238379.3,13076.26,34383.36,285838.92,24887.45,11.66,13076.26,,1290.84,3.9,39254.55,15.92,64584.81,12.93
16,2026-03-01,3,51.7,205158.53,0.0,31746.46,236904.99,228447.98,11845.43,29894.88,270188.29,23289.45,11.35,11845.43,,-1851.58,-5.83,33283.3,14.05,97868.11,13.29
16,2026-04-01,3,49.9,198015.67,0.0,29665.63,227681.3,232370.21,12766.62,27478.53,272615.36,34354.54,17.35,12766.62,,-2187.1,-7.37,44934.06,19.74,142802.17,14.81
16,2026-05-01,3,48.8,193650.6,0.0,28488.1,222138.7,235726.57,9374.54,29732.61,274833.72,42075.97,21.73,9374.54,,1244.51,4.37,52695.02,23.72,195497.19,16.48
16,2026-06-01,3,48.6,192856.95,0.0,28879.98,221736.93,229938.56,11289.26,26105.34,267333.16,37081.61,19.23,11289.26,,-2774.64,-9.61,45596.23,20.56,241093.42,17.12
16,2026-07-01,3,49.4,196031.55,0.0,29256.7,225288.25,222994.7,9731.3,32150.99,264876.99,26963.15,13.75,9731.3,,2894.29,9.89,39588.74,17.57,280682.16,17.18
16,2026-08-01,3,50.8,201587.1,0.0,30096.53,231683.63,220834.2,9933.3,32097.01,262864.51,19247.1,9.55,9933.3,,2000.48,6.65,31180.88,13.46,311863.04,16.72
17,2023-09-01,3,51.6,221364.0,0.0,52873.62,274237.62,241663.86,9529.21,49719.15,300912.22,20299.86,9.17,9529.21,,-3154.47,-5.97,26674.6,9.73,26674.6,9.73
17,2023-10-01,3,53.0,227370.0,0.0,54787.51,282157.51,246631.86,12073.38,57618.55,316323.79,19261.86,8.47,12073.38,,2831.04,5.17,34166.28,12.11,60840.88,10.93
17,2023-11-01,3,53.8,230802.0,0.0,56943.98,287745.98,252889.38,12389.22,51546.08,316824.68,22087.38,9.57,12389.22,,-5397.9,-9.48,29078.7,10.11,89919.58,10.65
17,2023-12-01,3,53.6,229944.0,0.0,59248.19,289192.19,249236.95,12508.11,64139.13,325884.19,19292.95,8.39,12508.11,,4890.94,8.26,36692.0,12.69,126611.58,11.17
17,2024-01-01,3,52.5,225225.0,0.0,56763.79,281988.79,254269.02,12049.22,61418.17,327736.41,29044.02,12.9,12049.22,,4654.38,8.2,45747.62,16.22,45747.62,16.22
17,2024-02-01,3,50.8,217932.0,0.0,52146.75,270078.75,248392.63,10512.03,46252.29,305156.95,30460.63,13.98,10512.03,,-5894.46,-11.3,35078.2,12.99,80825.82,14.64
17,2024-03-01,3,48.9,209781.0,0.0,52877.62,262658.62,236977.74,11153.46,46672.81,294804.01,27196.74,12.96,11153.46,,-6204.81,-11.73,32145.39,12.24,112971.21,13.87
17,2024-04-01,3,47.1,202059.0,0.0,50160.43,252219.43,228666.3,12199.33,48375.4,289241.03,26607.3,13.17,12199.33,,-1785.03,-3.56,37021.6,14.68,149992.81,14.06
17,2024-05-01,3,46.1,197769.0,0.0,49745.97,247514.97,226584.25,9388.34,54535.48,290508.07,28815.25,14.57,9388.34,,4789.51,9.63,42993.1,17.37,192985.91,14.68
17,2024-06-01,3,46.0,197340.0,0.0,51167.26,248507.26,223572.58,12961.69,56647.3,293181.57,26232.58,13.29,12961.69,,5480.04,10.71,44674.31,17.98,237660.22,15.21
17,2024-07-01,3,46.7,200343.0,0.0,51007.52,251350.52,226605.58,12484.81,56031.09,295121.48,26262.58,13.11,12484.81,,5023.57,9.85,43770.96,17.41,281431.18,15.51
17,2024-08-01,3,48.1,206349.0,0.0,51054.06,257403.06,233134.92,12855.08,52731.01,298721.01,26785.92,12.98,12855.08,,1676.95,3.28,41317.95,16.05,322749.13,15.58
17,2024-09-01,3,49.7,213213.0,0.0,55755.02,268968.02,240860.15,12457.41,58672.18,311989.74,27647.15,12.97,12457.41,,2917.16,5.23,43021.72,16.0,365770.85,15.63
17,2024-10-01,3,51.1,219219.0,0.0,54158.47,273377.47,238185.54,12228.52,56936.59,307350.65,18966.54,8.65,12228.52,,2778.12,5.13,33973.18,12.43,399744.03,15.29
17,2024-11-01,3,51.8,222222.0,0.0,54723.04,276945.04,238543.85,12077.6,57515.11,308136.56,16321.85,7.34,12077.6,,2792.07,5.1,31191.52,11.26,430935.55,14.91
17,2024-12-01,3,51.6,221364.0,0.0,57681.41,279045.41,242639.13,10500.74,60321.53,313461.4,21275.13,9.61,10500.74,,2640.12,4.58,34415.99,12.33,465351.54,14.68
17,2025-01-01,3,50.6,217074.0,0.0,53243.82,270317.82,238719.94,13247.86,50542.99,302510.79,21645.94,9.97,13247.86,,-2700.83,-5.07,32192.97,11.91,32192.97,11.91
17,2025-02-01,3,48.9,209781.0,0.0,53656.1,263437.1,235344.74,13277.83,51253.01,299875.58,25563.74,12.19,13277.83,,-2403.09,-4.48,36438.48,13.83,68631.45,12.86
17,2025-03-01,3,47.0,201630.0,0.0,52689.65,254319.65,231549.34,9287.13,47445.44,288281.91,29919.34,14.84,9287.13,,-5244.21,-9.95,33962.26,13.35,102593.71,13.02
17,2025-04-01,3,45.4,194766.0,0.0,49489.14,244255.14,230738.36,10810.42,54231.31,295780.09,35972.36,18.47,10810.42,,4742.17,9.58,51524.95,21.09,154118.66,14.93
17,2025-05-01,3,44.3,190047.0,0.0,46851.48,236898.48,225555.87,12594.31,42130.26,280280.44,35508.87,18.68,12594.31,,-4721.22,-10.08,43381.96,18.31,197500.62,15.56
17,2025-06-01,3,44.2,189618.0,0.0,47229.6,236847.6,224656.24,39490.33,45165.5,309312.07,35038.24,18.48,39490.33,,-2064.1,-4.37,72464.47,30.6,269965.09,17.93
17,2025-07-01,3,44.9,192621.0,0.0,48098.74,240719.74,231156.21,41623.56,50694.65,323474.42,38535.21,20.01,41623.56,,2595.91,5.4,82754.68,34.38,352719.77,20.19
17,2025-08-01,3,46.2,198198.0,0.0,51506.67,249704.67,220024.99,42212.1,54878.62,317115.71,21826.99,11.01,42212.1,,3371.95,6.55,67411.04,27.0,420130.81,21.04
17,2025-09-01,3,47.8,205062.0,0.0,50792.96,255854.96,220800.37,38823.17,53071.3,312694.84,15738.37,7.67,38823.17,,2278.34,4.49,56839.88,22.22,476970.69,21.18
17,2025-10-01,3,49.1,210639.0,0.0,51197.66,261836.66,231820.14,12317.08,48064.8,292202.02,21181.14,10.06,12317.08,,-3132.86,-6.12,30365.36,11.6,507336.05,20.18
17,2025-11-01,3,49.8,213642.0,0.0,55059.21,268701.21,240176.04,13367.79,49080.28,302624.11,26534.04,12.42,13367.79,,-5978.93,-10.86,33922.9,12.62,541258.95,19.45
17,2025-12-01,3,49.6,212784.0,0.0,54844.51,267628.51,243588.86,13165.07,52007.38,308761.31,30804.86,14.48,13165.07,,-2837.13,-5.17,41132.8,15.37,582391.75,19.09
17,2026-01-01,3,48.6,208494.0,0.0,53646.96,262140.96,244149.79,10435.23,49017.21,303602.23,35655.79,17.1,10435.23,,-4629.75,-8.63,41461.27,15.82,41461.27,15.82
17,2026-02-01,3,47.0,201630.0,0.0,51972.12,253602.12,230143.18,13337.49,48255.96,291736.63,28513.18,14.14,13337.49,,-3716.16,-7.15,38134.51,15.04,79595.78,15.43
17,2026-03-01,3,45.2,193908.0,0.0,48459.43,242367.43,228174.65,11499.9,43190.88,282865.43,34266.65,17.67,11499.9,,-5268.55,-10.87,40498.0,16.71,120093.78,15.84
17,2026-04-01,3,43.6,187044.0,0.0,47088.84,234132.84,229911.12,11940.84,43017.99,284869.95,42867.12,22.92,11940.84,,-4070.85,-8.65,50737.11,21.67,170830.89,17.22
17,2026-05-01,3,42.6,182754.0,0.0,43852.06,226606.06,233583.94,9729.75,46006.74,289320.43,50829.94,27.81,9729.75,,2154.68,4.91,62714.37,27.68,233545.26,19.16
17,2026-06-01,3,42.4,181896.0,0.0,45376.11,227272.11,228409.08,13193.92,50090.43,291693.43,46513.08,25.57,13193.92,,4714.32,10.39,64421.32,28.35,297966.58,20.6
17,2026-07-01,3,43.1,184899.0,0.0,46573.6,231472.6,223513.91,12185.82,44758.91,280458.64,38614.91,20.88,12185.82,,-1814.69,-3.9,48986.04,21.16,346952.62,20.68
17,2026-08-01,3,44.4,190476.0,0.0,45821.9,236297.9,231283.77,13263.44,44354.02,288901.23,40807.77,21.42,13263.44,,-1467.88,-3.2,52603.33,22.26,399555.95,20.88
18,2023-09-01,3,71.5,448642.54,0.0,55908.52,504551.06,395930.34,19540.9,50287.47,465758.71,-52712.2,-11.75,19540.9,,-5621.05,-10.05,-38792.35,-7.69,-38792.35,-7.69
18,2023-10-01,3,73.5,461191.98,0.0,53596.02,514788.0,410236.66,19666.15,48145.36,478048.17,-50955.32,-11.05,19666.15,,-5450.66,-10.17,-36739.83,-7.14,-75532.18,-7.41
18,2023-11-01,3,74.5,467466.7,0.0,54685.21,522151.91,414950.66,19965.0,52166.06,487081.72,-52516.04,-11.23,19965.0,,-2519.15,-4.61,-35070.19,-6.72,-110602.37,-7.18
18,2023-12-01,3,74.3,466211.76,0.0,58026.18,524237.94,418655.66,20124.51,64856.69,503636.86,-47556.1,-10.2,20124.51,,6830.51,11.77,-20601.08,-3.93,-131203.45,-6.35
18,2024-01-01,3,72.8,456799.68,0.0,52294.02,509093.7,421706.23,17902.41,48884.0,488492.64,-35093.45,-7.68,17902.41,,-3410.02,-6.52,-20601.06,-4.05,-20601.06,-4.05
18,2024-02-01,3,70.4,441740.35,0.0,54650.87,496391.22,421049.66,17892.41,57668.51,496610.58,-20690.69,-4.68,17892.41,,3017.64,5.52,219.36,0.04,-20381.7,-2.03
18,2024-03-01,3,67.7,424798.6,0.0,50736.59,475535.19,410999.85,19544.01,54207.88,484751.74,-13798.75,-3.25,19544.01,,3471.29,6.84,9216.55,1.94,-11165.15,-0.75
18,2024-04-01,3,65.3,409739.27,0.0,50700.68,460439.95,396482.9,22870.7,56297.97,475651.57,-13256.37,-3.24,22870.7,,5597.29,11.04,15211.62,3.3,4046.47,0.21
18,2024-05-01,3,63.9,400954.66,0.0,48112.63,449067.29,401272.69,21862.78,49816.32,472951.79,318.03,0.08,21862.78,,1703.69,3.54,23884.5,5.32,27930.97,1.17
18,2024-06-01,3,63.7,399699.72,0.0,50170.48,449870.2,382683.91,18889.6,45124.0,446697.51,-17015.81,-4.26,18889.6,,-5046.48,-10.06,-3172.69,-0.71,24758.28,0.87
18,2024-07-01,3,64.7,405974.44,0.0,49989.06,455963.5,380430.23,18116.41,46732.34,445278.98,-25544.21,-6.29,18116.41,,-3256.72,-6.51,-10684.52,-2.34,14073.76,0.43
18,2024-08-01,3,66.6,417896.41,0.0,51126.14,469022.55,395920.36,19179.9,49498.9,464599.16,-21976.05,-5.26,19179.9,,-1627.24,-3.18,-4423.39,-0.94,9650.37,0.26
18,2024-09-01,3,68.9,432328.27,0.0,49699.02,482027.29,400833.98,19943.92,46628.84,467406.74,-31494.29,-7.28,19943.92,,-3070.18,-6.18,-14620.55,-3.03,-4970.18,-0.12
18,2024-10-01,3,70.8,444250.23,0.0,53301.49,497551.72,410125.04,18318.0,47804.48,476247.52,-34125.19,-7.68,18318.0,,-5497.01,-10.31,-21304.2,-4.28,-26274.38,-0.55
18,2024-11-01,3,71.8,450524.96,0.0,54212.38,504737.34,401363.05,21391.97,51988.65,474743.67,-49161.91,-10.91,21391.97,,-2223.73,-4.1,-29993.67,-5.94,-56268.05,-1.07
18,2024-12-01,3,71.5,448642.54,0.0,55289.38,503931.92,411067.52,22106.69,50731.72,483905.93,-37575.02,-8.38,22106.69,,-4557.66,-8.24,-20025.99,-3.97,-76294.04,-1.33
18,2025-01-01,3,70.1,439857.93,0.0,51820.48,491678.41,395326.52,22564.81,46938.16,464829.49,-44531.41,-10.12,22564.81,,-4882.32,-9.42,-26848.92,-5.46,-26848.92,-5.46
18,2025-02-01,3,67.8,425426.07,0.0,51399.68,476825.75,395021.01,15793.99,46840.74,457655.74,-30405.06,-7.15,15793.99,,-4558.94,-8.87,-19170.01,-4.02,-46018.93,-4.75
18,2025-03-01,3,65.1,408484.33,0.0,50463.01,458947.34,362466.21,14913.62,47861.42,425241.25,-46018.12,-11.27,14913.62,,-2601.59,-5.16,-33706.09,-7.34,-79725.02,-5.59
18,2025-04-01,3,62.9,394679.94,0.0,46934.84,441614.78,361787.02,16751.69,41360.68,419899.39,-32892.92,-8.33,16751.69,,-5574.16,-11.88,-21715.39,-4.92,-101440.41,-5.43
18,2025-05-01,3,61.5,385895.33,0.0,44250.83,430146.16,374060.34,20010.76,42578.58,436649.68,-11834.99,-3.07,20010.76,,-1672.25,-3.78,6503.52,1.51,-94936.89,-4.13
18,2025-06-01,3,61.3,384640.39,0.0,46299.97,430940.36,372315.61,69696.77,50473.42,492485.8,-12324.78,-3.2,69696.77,,4173.45,9.01,61545.44,14.28,-33391.45,-1.22
18,2025-07-01,3,62.2,390287.64,0.0,44624.9,434912.54,365208.12,51430.84,49603.91,466242.87,-25079.52,-6.43,51430.84,,4979.01,11.16,31330.33,7.2,-2061.12,-0.07
18,2025-08-01,3,64.1,402209.61,0.0,50672.94,452882.55,368979.77,71105.27,53728.44,493813.48,-33229.84,-8.26,71105.27,,3055.5,6.03,40930.93,9.04,38869.81,1.07
18,2025-09-01,3,66.2,415386.52,0.0,49723.87,465110.39,394486.9,57290.96,44872.32,496650.18,-20899.62,-5.03,57290.96,,-4851.55,-9.76,31539.79,6.78,70409.6,1.72
18,2025-10-01,3,68.0,426681.02,0.0,49593.05,476274.07,426225.41,21767.48,53225.19,501218.08,-455.61,-0.11,21767.48,,3632.14,7.32,24944.01,5.24,95353.61,2.09
18,2025-11-01,3,69.0,432955.74,0.0,53662.32,486618.06,435882.25,25454.94,59802.13,521139.32,2926.51,0.68,25454.94,,6139.81,11.44,34521.26,7.09,129874.87,2.57
18,2025-12-01,3,68.7,431073.32,0.0,49429.15,480502.47,450771.49,22735.66,54865.27,528372.42,19698.17,4.57,22735.66,,5436.12,11.0,47869.95,9.96,177744.82,3.22
18,2026-01-01,3,67.3,422288.71,0.0,48936.08,471224.79,440286.62,24788.45,45781.48,510856.55,17997.91,4.26,24788.45,,-3154.6,-6.45,39631.76,8.41,39631.76,8.41
18,2026-02-01,3,65.1,408484.33,0.0,49838.43,458322.76,429131.4,19405.6,51647.85,500184.85,20647.07,5.05,19405.6,,1809.42,3.63,41862.09,9.13,81493.85,8.77
18,2026-03-01,3,62.6,392797.52,0.0,45150.89,437948.41,421115.31,17903.61,48961.29,487980.21,28317.79,7.21,17903.61,,3810.4,8.44,50031.8,11.42,131525.65,9.62
18,2026-04-01,3,60.4,378993.14,0.0,45133.89,424127.03,427244.68,19426.35,48862.35,495533.38,48251.54,12.73,19426.35,,3728.46,8.26,71406.35,16.84,202932.0,11.33
18,2026-05-01,3,59.0,370208.53,0.0,44486.49,414695.02,415620.2,23572.36,47230.67,486423.23,45411.67,12.27,23572.36,,2744.18,6.17,71728.21,17.3,274660.21,12.45
18,2026-06-01,3,58.8,368953.59,0.0,44639.87,413593.46,416480.68,23445.35,48989.62,488915.65,47527.09,12.88,23445.35,,4349.75,9.74,75322.19,18.21,349982.4,13.36
18,2026-07-01,3,59.8,375228.31,0.0,47268.57,422496.88,411836.16,19741.89,44940.41,476518.46,36607.85,9.76,19741.89,,-2328.16,-4.93,54021.58,12.79,404003.98,13.28
18,2026-08-01,3,61.5,385895.33,0.0,47831.31,433726.64,409094.67,17060.54,52432.03,478587.24,23199.34,6.01,17060.54,,4600.72,9.62,44860.6,10.34,448864.58,12.91
19,2023-09-01,4,202.4,795060.93,0.0,476406.02,1271466.95,754553.93,31341.9,506819.1,1292714.93,-40507.0,-5.09,31341.9,,30413.08,6.38,21247.98,1.67,21247.98,1.67
19,2023-10-01,4,203.3,798596.28,0.0,495335.96,1293932.24,745539.13,34171.55,462799.03,1242509.71,-53057.15,-6.64,34171.55,,-32536.93,-6.57,-51422.53,-3.97,-30174.55,-1.18
19,2023-11-01,4,202.8,796632.2,0.0,499265.52,1295897.72,742529.16,30931.67,530861.6,1304322.43,-54103.04,-6.79,30931.67,,31596.08,6.33,8424.71,0.65,-21749.84,-0.56
19,2023-12-01,4,200.7,788383.05,0.0,483871.52,1272254.57,749157.85,35442.68,445518.18,1230118.71,-39225.2,-4.98,35442.68,,-38353.34,-7.93,-42135.86,-3.31,-63885.7,-1.24
19,2024-01-01,4,197.3,775027.28,0.0,449966.04,1224993.32,741702.3,32960.47,412673.46,1187336.23,-33324.98,-4.3,32960.47,,-37292.58,-8.29,-37657.09,-3.07,-37657.09,-3.07
19,2024-02-01,4,193.1,758528.98,0.0,453725.24,1212254.22,717623.41,33720.81,416486.86,1167831.08,-40905.57,-5.39,33720.81,,-37238.38,-8.21,-44423.14,-3.66,-82080.23,-3.37
19,2024-03-01,4,189.0,742423.5,0.0,438931.87,1181355.37,727677.5,27862.94,482955.81,1238496.25,-14746.0,-1.99,27862.94,,44023.94,10.03,57140.88,4.84,-24939.35,-0.69
19,2024-04-01,4,185.6,729067.73,0.0,456431.07,1185498.8,708121.64,28660.56,403138.52,1139920.72,-20946.09,-2.87,28660.56,,-53292.55,-11.68,-45578.08,-3.84,-70517.43,-1.47
19,2024-05-01,4,183.6,721211.4,0.0,420506.57,1141717.97,712912.93,24919.32,402765.59,1140597.84,-8298.47,-1.15,24919.32,,-17740.98,-4.22,-1120.13,-0.1,-71637.56,-1.2
19,2024-06-01,4,183.1,719247.32,0.0,442736.52,1161983.84,692009.42,26157.82,461685.58,1179852.82,-27237.9,-3.79,26157.82,,18949.06,4.28,17868.98,1.54,-53768.58,-0.76
19,2024-07-01,4,184.0,722782.67,0.0,451839.26,1174621.93,684529.36,30431.89,503617.21,1218578.46,-38253.31,-5.29,30431.89,,51777.95,11.46,43956.53,3.74,-9812.05,-0.12
19,2024-08-01,4,185.5,728674.92,0.0,431274.06,1159948.98,691227.22,27647.0,396376.98,1115251.2,-37447.7,-5.14,27647.0,,-34897.08,-8.09,-44697.78,-3.85,-54509.83,-0.58
19,2024-09-01,4,187.0,734567.17,0.0,443118.69,1177685.86,692943.69,31023.34,467786.45,1191753.48,-41623.48,-5.67,31023.34,,24667.76,5.57,14067.62,1.19,-40442.21,-0.38
19,2024-10-01,4,187.7,737316.88,0.0,456345.98,1193662.86,715395.17,30671.39,473062.84,1219129.4,-21921.71,-2.97,30671.39,,16716.86,3.66,25466.54,2.13,-14975.67,-0.13
19,2024-11-01,4,187.2,735352.8,0.0,426550.98,1161903.78,694477.83,31740.29,468798.05,1195016.17,-40874.97,-5.56,31740.29,,42247.07,9.9,33112.39,2.85,18136.72,0.14
19,2024-12-01,4,185.1,727103.65,0.0,446478.39,1173582.04,697756.85,31231.3,423948.55,1152936.7,-29346.8,-4.04,31231.3,,-22529.84,-5.05,-20645.34,-1.76,-2508.62,-0.02
19,2025-01-01,4,181.9,714533.52,0.0,412842.74,1127376.26,690983.18,25991.1,365343.72,1082318.0,-23550.34,-3.3,25991.1,,-47499.02,-11.51,-45058.26,-4.0,-45058.26,-4.0
19,2025-02-01,4,177.9,698820.85,0.0,429412.23,1128233.08,668852.81,23026.22,466961.88,1158840.91,-29968.04,-4.29,23026.22,,37549.65,8.74,30607.83,2.71,-14450.43,-0.64
19,2025-03-01,4,174.0,683501.0,0.0,414715.14,1098216.14,680373.34,27109.41,448744.54,1156227.29,-3127.66,-0.46,27109.41,,34029.4,8.21,58011.15,5.28,43560.72,1.3
19,2025-04-01,4,170.8,670930.87,0.0,400699.78,1071630.65,632690.73,23743.84,428839.8,1085274.37,-38240.14,-5.7,23743.84,,28140.02,7.02,13643.72,1.27,57204.44,1.29
19,2025-05-01,4,168.9,663467.35,0.0,393216.35,1056683.7,600011.33,22489.23,434895.92,1057396.48,-63456.02,-9.56,22489.23,,41679.57,10.6,712.78,0.07,57917.22,1.06
19,2025-06-01,4,168.3,661110.45,0.0,387728.18,1048838.63,600560.71,25197.56,360372.58,986130.85,-60549.74,-9.16,25197.56,,-27355.6,-7.06,-62707.78,-5.98,-4790.56,-0.07
19,2025-07-01,4,169.0,663860.17,0.0,380425.07,1044285.24,608141.14,21862.61,364843.95,994847.7,-55719.03,-8.39,21862.61,,-15581.12,-4.1,-49437.54,-4.73,-54228.1,-0.72
19,2025-08-01,4,170.3,668966.78,0.0,383448.34,1052415.12,605424.78,23252.25,347821.79,976498.82,-63542.0,-9.5,23252.25,,-35626.55,-9.29,-75916.3,-7.21,-130144.4,-1.51
19,2025-09-01,4,171.6,674073.4,0.0,411926.58,1085999.98,605642.5,27203.36,382670.89,1015516.75,-68430.9,-10.15,27203.36,,-29255.69,-7.1,-70483.23,-6.49,-200627.63,-2.07
19,2025-10-01,4,172.1,676037.48,0.0,412288.12,1088325.6,602488.1,27801.43,455041.21,1085330.74,-73549.38,-10.88,27801.43,,42753.09,10.37,-2994.86,-0.28,-203622.49,-1.89
19,2025-11-01,4,171.5,673680.58,0.0,411681.37,1085361.95,605488.73,25858.93,397660.56,1029008.22,-68191.85,-10.12,25858.93,,-14020.81,-3.41,-56353.73,-5.19,-259976.22,-2.19
19,2025-12-01,4,169.5,665824.25,0.0,386586.83,1052411.08,596818.52,29026.58,357932.46,983777.56,-69005.73,-10.36,29026.58,,-28654.37,-7.41,-68633.52,-6.52,-328609.74,-2.54
19,2026-01-01,4,166.4,653646.93,0.0,395029.28,1048676.21,611352.51,21951.87,432512.45,1065816.83,-42294.42,-6.47,21951.87,,37483.17,9.49,17140.62,1.63,17140.62,1.63
19,2026-02-01,4,162.7,639112.72,0.0,394081.64,1033194.36,607197.88,22453.96,365776.05,995427.89,-31914.84,-4.99,22453.96,,-28305.59,-7.18,-37766.47,-3.66,-20625.85,-0.99
19,2026-03-01,4,159.0,624578.5,0.0,389003.41,1013581.91,580221.35,26865.83,376227.16,983314.34,-44357.15,-7.1,26865.83,,-12776.25,-3.28,-30267.57,-2.99,-50893.42,-1.64
19,2026-04-01,4,156.0,612794.0,0.0,366199.34,978993.34,586823.92,19014.84,379236.48,985075.24,-25970.08,-4.24,19014.84,,13037.14,3.56,6081.9,0.62,-44811.52,-1.1
19,2026-05-01,4,154.1,605330.48,0.0,362066.09,967396.57,561577.83,19521.15,322394.69,903493.67,-43752.65,-7.23,19521.15,,-39671.4,-10.96,-63902.9,-6.61,-108714.42,-2.16
19,2026-06-01,4,153.5,602973.58,0.0,344484.78,947458.36,574262.06,26699.08,312292.75,913253.89,-28711.52,-4.76,26699.08,,-32192.03,-9.34,-34204.47,-3.61,-142918.89,-2.39
19,2026-07-01,4,154.0,604937.67,0.0,360329.1,965266.77,560154.68,20087.58,387351.68,967593.94,-44782.99,-7.4,20087.58,,27022.58,7.5,2327.17,0.24,-140591.72,-2.02
19,2026-08-01,4,155.1,609258.65,0.0,383766.86,993025.51,570777.95,18847.55,365023.12,954648.62,-38480.7,-6.32,18847.55,,-18743.74,-4.88,-38376.89,-3.86,-178968.61,-2.25
20,2023-09-01,4,105.3,405331.29,0.0,185767.16,591098.45,481108.44,18390.14,164088.67,663587.25,75777.15,18.7,18390.14,,-21678.49,-11.67,72488.8,12.26,72488.8,12.26
20,2023-10-01,4,105.8,407255.94,0.0,175227.6,582483.54,492726.1,22784.45,159946.06,675456.61,85470.16,20.99,22784.45,,-15281.54,-8.72,92973.07,15.96,165461.87,14.1
20,2023-11-01,4,105.5,406101.15,0.0,191800.31,597901.46,485687.06,18303.01,197640.39,701630.46,79585.91,19.6,18303.01,,5840.08,3.04,103729.0,17.35,269190.87,15.2
20,2023-12-01,4,104.4,401866.92,0.0,173029.5,574896.42,471053.79,20840.4,182980.82,674875.01,69186.87,17.22,20840.4,,9951.32,5.75,99978.59,17.39,369169.46,15.73
20,2024-01-01,4,102.6,394938.18,0.0,180519.81,575457.99,463486.26,21491.27,188370.5,673348.03,68548.08,17.36,21491.27,,7850.69,4.35,97890.04,17.01,97890.04,17.01
20,2024-02-01,4,100.5,386854.65,0.0,181105.31,567959.96,460645.8,21103.53,174933.42,656682.75,73791.15,19.07,21103.53,,-6171.89,-3.41,88722.79,15.62,186612.83,16.32
20,2024-03-01,4,98.3,378386.19,0.0,162620.22,541006.41,456058.51,19105.92,179111.83,654276.26,77672.32,20.53,19105.92,,16491.61,10.14,113269.85,20.94,299882.68,17.8
20,2024-04-01,4,96.6,371842.38,0.0,161284.97,533127.35,454472.47,21115.66,170937.55,646525.68,82630.09,22.22,21115.66,,9652.58,5.98,113398.33,21.27,413281.01,18.64
20,2024-05-01,4,95.5,367608.15,0.0,158450.23,526058.38,435367.36,16973.36,139996.73,592337.45,67759.21,18.43,16973.36,,-18453.5,-11.65,66279.07,12.6,479560.08,17.48
20,2024-06-01,4,95.3,366838.29,0.0,166267.8,533106.09,427623.6,18446.15,151850.92,597920.67,60785.31,16.57,18446.15,,-14416.88,-8.67,64814.58,12.16,544374.66,16.61
20,2024-07-01,4,95.7,368378.01,0.0,173205.27,541583.28,432180.26,18740.55,166136.18,617056.99,63802.25,17.32,18740.55,,-7069.09,-4.08,75473.71,13.94,619848.37,16.23
20,2024-08-01,4,96.5,371457.45,0.0,165530.67,536988.12,438833.01,16094.14,179191.48,634118.63,67375.56,18.14,16094.14,,13660.81,8.25,97130.51,18.09,716978.88,16.46
20,2024-09-01,4,97.3,374536.89,0.0,166435.52,540972.41,440265.81,18641.66,176080.28,634987.75,65728.92,17.55,18641.66,,9644.76,5.79,94015.34,17.38,810994.22,16.56
20,2024-10-01,4,97.7,376076.61,0.0,164920.73,540997.34,427070.53,16119.8,155488.1,598678.43,50993.92,13.56,16119.8,,-9432.63,-5.72,57681.09,10.66,868675.31,15.98
20,2024-11-01,4,97.4,374921.82,0.0,168416.13,543337.95,464084.95,16039.41,158644.44,638768.8,89163.13,23.78,16039.41,,-9771.69,-5.8,95430.85,17.56,964106.16,16.12
20,2024-12-01,4,96.3,370687.59,0.0,166158.9,536846.49,439955.45,16532.2,156392.99,612880.64,69267.86,18.69,16532.2,,-9765.91,-5.88,76034.15,14.16,1040140.31,15.96
20,2025-01-01,4,94.6,364143.78,0.0,170266.42,534410.2,430302.32,20082.72,161357.48,611742.52,66158.54,18.17,20082.72,,-8908.94,-5.23,77332.32,14.47,77332.32,14.47
20,2025-02-01,4,92.6,356445.18,0.0,166528.3,522973.48,443046.38,16415.69,147115.26,606577.33,86601.2,24.3,16415.69,,-19413.04,-11.66,83603.85,15.99,160936.17,15.22
20,2025-03-01,4,90.5,348361.65,0.0,154477.65,502839.3,431847.61,14857.18,139645.79,586350.58,83485.96,23.97,14857.18,,-14831.86,-9.6,83511.28,16.61,244447.45,15.67
20,2025-04-01,4,88.9,342202.77,0.0,157810.49,500013.26,428113.88,19262.23,150018.69,597394.8,85911.11,25.11,19262.23,,-7791.8,-4.94,97381.54,19.48,341828.99,16.59
20,2025-05-01,4,87.9,338353.47,0.0,151852.03,490205.5,414920.2,17257.7,143772.8,575950.7,76566.73,22.63,17257.7,,-8079.23,-5.32,85745.2,17.49,427574.19,16.76
20,2025-06-01,4,87.6,337198.68,0.0,150094.27,487292.95,404597.74,17651.26,157226.66,579475.66,67399.06,19.99,17651.26,,7132.39,4.75,92182.71,18.92,519756.9,17.11
20,2025-07-01,4,87.9,338353.47,0.0,155429.29,493782.76,387806.51,14543.58,139468.45,541818.54,49453.04,14.62,14543.58,,-15960.84,-10.27,48035.78,9.73,567792.68,16.08
20,2025-08-01,4,88.6,341047.98,0.0,156325.23,497373.21,399393.64,13580.14,149635.59,562609.37,58345.66,17.11,13580.14,,-6689.64,-4.28,65236.16,13.12,633028.84,15.71
20,2025-09-01,4,89.3,343742.49,0.0,162183.38,505925.87,389784.81,15908.79,151616.1,557309.7,46042.32,13.39,15908.79,,-10567.28,-6.52,51383.83,10.16,684412.67,15.09
20,2025-10-01,4,89.6,344897.28,0.0,150465.31,495362.59,402256.92,13891.92,134074.36,550223.2,57359.64,16.63,13891.92,,-16390.95,-10.89,54860.61,11.07,739273.28,14.7
20,2025-11-01,4,89.2,343357.56,0.0,159592.7,502950.26,407390.17,14952.62,150668.95,573011.74,64032.61,18.65,14952.62,,-8923.75,-5.59,70061.48,13.93,809334.76,14.63
20,2025-12-01,4,88.2,339508.26,0.0,152638.98,492147.24,405797.14,16220.72,136587.29,558605.15,66288.88,19.52,16220.72,,-16051.69,-10.52,66457.91,13.5,875792.67,14.54
20,2026-01-01,4,86.6,333349.38,0.0,144054.42,477403.8,388788.67,13589.51,134315.53,536693.71,55439.29,16.63,13589.51,,-9738.89,-6.76,59289.91,12.42,59289.91,12.42
20,2026-02-01,4,84.7,326035.71,0.0,142836.32,468872.03,395153.26,13484.3,154947.25,563584.81,69117.55,21.2,13484.3,,12110.93,8.48,94712.78,20.2,154002.69,16.27
20,2026-03-01,4,82.7,318337.11,0.0,145369.35,463706.46,367252.09,15785.64,162778.74,545816.47,48914.98,15.37,15785.64,,17409.39,11.98,82110.01,17.71,236112.7,16.75
20,2026-04-01,4,81.2,312563.16,0.0,134411.35,446974.51,354685.09,13757.82,125876.82,494319.73,42121.93,13.48,13757.82,,-8534.53,-6.35,47345.22,10.59,283457.92,15.26
20,2026-05-01,4,80.2,308713.86,0.0,132892.54,441606.4,343204.32,13256.91,125605.64,482066.87,34490.46,11.17,13256.91,,-7286.9,-5.48,40460.47,9.16,323918.39,14.09
20,2026-06-01,4,79.9,307559.07,0.0,137749.72,445308.79,342541.33,14466.5,129303.6,486311.43,34982.26,11.37,14466.5,,-8446.12,-6.13,41002.64,9.21,364921.03,13.3
20,2026-07-01,4,80.1,308328.93,0.0,141907.23,450236.16,346071.3,14449.56,135420.08,495940.94,37742.37,12.24,14449.56,,-6487.15,-4.57,45704.78,10.15,410625.81,12.86
20,2026-08-01,4,80.7,310638.51,0.0,145856.57,456495.08,329874.04,14472.63,151048.02,495394.69,19235.53,6.19,14472.63,,5191.45,3.56,38899.61,8.52,449525.42,12.31
21,2023-09-01,4,68.6,366752.75,0.0,367347.57,734100.32,355660.35,16430.63,221019.77,593110.75,-11092.4,-3.02,16430.63,,-146327.8,-39.83,-140989.57,-19.21,-140989.57,-19.21
21,2023-10-01,4,68.9,368356.63,0.0,403151.9,771508.53,371201.06,15102.08,231449.95,617753.09,2844.43,0.77,15102.08,,-171701.95,-42.59,-153755.44,-19.93,-294745.01,-19.58
21,2023-11-01,4,68.7,367287.38,0.0,454331.09,821618.47,364869.81,15101.65,228272.02,608243.48,-2417.57,-0.66,15101.65,,-226059.07,-49.76,-213374.99,-25.97,-508120.0,-21.83
21,2023-12-01,4,68.0,363545.0,0.0,435130.15,798675.15,369040.68,17307.07,257435.84,643783.59,5495.68,1.51,17307.07,,-177694.31,-40.84,-154891.56,-19.39,-663011.56,-21.21
21,2024-01-01,4,66.9,357664.13,0.0,432747.14,790411.27,363711.17,15675.89,218103.66,597490.72,6047.04,1.69,15675.89,,-214643.48,-49.6,-192920.55,-24.41,-192920.55,-24.41
21,2024-02-01,4,65.4,349644.75,0.0,434302.45,783947.2,355793.65,14353.35,252197.04,622344.04,6148.9,1.76,14353.35,,-182105.41,-41.93,-161603.16,-20.61,-354523.71,-22.52
21,2024-03-01,4,64.0,342160.0,0.0,365051.65,707211.65,365683.28,14717.61,196943.56,577344.45,23523.28,6.87,14717.61,,-168108.09,-46.05,-129867.2,-18.36,-484390.91,-21.23
21,2024-04-01,4,62.9,336279.12,0.0,353146.1,689425.22,358575.08,16220.78,203589.01,578384.87,22295.96,6.63,16220.78,,-149557.09,-42.35,-111040.35,-16.11,-595431.26,-20.04
21,2024-05-01,4,62.2,332536.75,0.0,342667.8,675204.55,365133.29,12684.9,201558.67,579376.86,32596.54,9.8,12684.9,,-141109.13,-41.18,-95827.69,-14.19,-691258.95,-18.96
21,2024-06-01,4,62.1,332002.12,0.0,364026.35,696028.47,349030.01,13678.26,180643.32,543351.59,17027.89,5.13,13678.26,,-183383.03,-50.38,-152676.88,-21.94,-843935.83,-19.44
21,2024-07-01,4,62.4,333606.0,0.0,375109.6,708715.6,345242.15,13799.01,216233.42,575274.58,11636.15,3.49,13799.01,,-158876.18,-42.35,-133441.02,-18.83,-977376.85,-19.35
21,2024-08-01,4,62.9,336279.12,0.0,382666.35,718945.47,327979.58,13546.5,203831.37,545357.45,-8299.54,-2.47,13546.5,,-178834.98,-46.73,-173588.02,-24.14,-1150964.87,-19.95
21,2024-09-01,4,63.4,338952.25,0.0,350043.75,688996.0,327490.64,12471.43,189060.81,529022.88,-11461.61,-3.38,12471.43,,-160982.94,-45.99,-159973.12,-23.22,-1310937.99,-20.3
21,2024-10-01,4,63.6,340021.5,0.0,357176.57,697198.07,324420.78,14929.42,206242.34,545592.54,-15600.72,-4.59,14929.42,,-150934.23,-42.26,-151605.53,-21.74,-1462543.52,-20.44
21,2024-11-01,4,63.4,338952.25,0.0,404380.05,743332.3,332420.97,16152.02,205420.01,553993.0,-6531.28,-1.93,16152.02,,-198960.04,-49.2,-189339.3,-25.47,-1651882.82,-20.91
21,2024-12-01,4,62.7,335209.88,0.0,409302.18,744512.06,326617.7,15390.27,231942.44,573950.41,-8592.18,-2.56,15390.27,,-177359.74,-43.33,-170561.65,-22.91,-1822444.47,-21.08
21,2025-01-01,4,61.6,329329.0,0.0,378869.18,708198.18,328712.64,14889.36,199824.48,543426.48,-616.36,-0.19,14889.36,,-179044.7,-47.26,-164771.7,-23.27,-164771.7,-23.27
21,2025-02-01,4,60.3,322378.88,0.0,377344.73,699723.61,319907.11,12755.43,230838.49,563501.03,-2471.77,-0.77,12755.43,,-146506.24,-38.83,-136222.58,-19.47,-300994.28,-21.38
21,2025-03-01,4,59.0,315428.75,0.0,315563.56,630992.31,326218.84,12207.86,172615.27,511041.97,10790.09,3.42,12207.86,,-142948.29,-45.3,-119950.34,-19.01,-420944.62,-20.65
21,2025-04-01,4,57.9,309547.88,0.0,309555.69,619103.57,315360.17,14056.1,158684.4,488100.67,5812.29,1.88,14056.1,,-150871.29,-48.74,-131002.9,-21.16,-551947.52,-20.77
21,2025-05-01,4,57.2,305805.5,0.0,309049.52,614855.02,312929.62,14302.24,153780.27,481012.13,7124.12,2.33,14302.24,,-155269.25,-50.24,-133842.89,-21.77,-685790.41,-20.95
21,2025-06-01,4,57.1,305270.88,0.0,330773.1,636043.98,316384.85,13732.22,164727.91,494844.98,11113.97,3.64,13732.22,,-166045.19,-50.2,-141199.0,-22.2,-826989.41,-21.16
21,2025-07-01,4,57.3,306340.12,0.0,347227.55,653567.67,309714.51,14057.83,192462.43,516234.77,3374.39,1.1,14057.83,,-154765.12,-44.57,-137332.9,-21.01,-964322.31,-21.14
21,2025-08-01,4,57.7,308478.62,0.0,354425.46,662904.08,321375.53,15075.92,191909.83,528361.28,12896.91,4.18,15075.92,,-162515.63,-45.85,-134542.8,-20.3,-1098865.11,-21.03
21,2025-09-01,4,58.2,311151.75,0.0,318962.78,630114.53,324829.63,12294.22,165544.13,502667.98,13677.88,4.4,12294.22,,-153418.65,-48.1,-127446.55,-20.23,-1226311.66,-20.94
21,2025-10-01,4,58.3,311686.38,0.0,327109.52,638795.9,324045.81,10618.85,200978.72,535643.38,12359.43,3.97,10618.85,,-126130.8,-38.56,-103152.52,-16.15,-1329464.18,-20.47
21,2025-11-01,4,58.1,310617.12,0.0,376215.74,686832.86,306732.31,12932.46,213014.89,532679.66,-3884.81,-1.25,12932.46,,-163200.85,-43.38,-154153.2,-22.44,-1483617.38,-20.66
21,2025-12-01,4,57.5,307409.38,0.0,377380.37,684789.75,296475.05,12956.93,203718.88,513150.86,-10934.33,-3.56,12956.93,,-173661.49,-46.02,-171638.89,-25.06,-1655256.27,-21.04
21,2026-01-01,4,56.4,301528.5,0.0,374229.49,675757.99,298710.36,11640.92,224175.48,534526.76,-2818.14,-0.93,11640.92,,-150054.01,-40.1,-141231.23,-20.9,-141231.23,-20.9
21,2026-02-01,4,55.1,294578.38,0.0,363889.77,658468.15,305669.79,11470.2,188010.83,505150.82,11091.41,3.77,11470.2,,-175878.94,-48.33,-153317.33,-23.28,-294548.56,-22.08
21,2026-03-01,4,53.9,288162.88,0.0,313788.42,601951.3,298177.87,11142.99,167985.73,477306.59,10014.99,3.48,11142.99,,-145802.69,-46.47,-124644.71,-20.71,-419193.27,-21.65
21,2026-04-01,4,52.9,282816.62,0.0,282902.85,565719.47,304589.34,9984.5,156420.54,470994.38,21772.72,7.7,9984.5,,-126482.31,-44.71,-94725.09,-16.74,-513918.36,-20.54
21,2026-05-01,4,52.2,279074.25,0.0,280922.3,559996.55,286656.45,12137.07,152667.5,451461.02,7582.2,2.72,12137.07,,-128254.8,-45.65,-108535.53,-19.38,-622453.89,-20.33
21,2026-06-01,4,52.0,278005.0,0.0,285819.41,563824.41,275055.67,9136.83,137925.97,422118.47,-2949.33,-1.06,9136.83,,-147893.44,-51.74,-141705.94,-25.13,-764159.83,-21.08
21,2026-07-01,4,52.2,279074.25,0.0,326282.14,605356.39,277731.44,9741.99,185578.85,473052.28,-1342.81,-0.48,9741.99,,-140703.29,-43.12,-132304.11,-21.86,-896463.94,-21.19
21,2026-08-01,4,52.6,281212.75,0.0,331863.42,613076.17,285797.48,11085.25,178159.59,475042.32,4584.73,1.63,11085.25,,-153703.83,-46.32,-138033.85,-22.51,-1034497.79,-21.36
22,2023-09-01,4,56.1,283333.05,0.0,43872.02,327205.07,273715.67,10207.18,40152.68,324075.53,-9617.38,-3.39,10207.18,,-3719.34,-8.48,-3129.54,-0.96,-3129.54,-0.96
22,2023-10-01,4,56.3,284343.15,0.0,41747.36,326090.51,276498.02,13207.87,37676.14,327382.03,-7845.13,-2.76,13207.87,,-4071.22,-9.75,1291.52,0.4,-1838.02,-0.28
22,2023-11-01,4,56.2,283838.1,0.0,40971.28,324809.38,279560.46,10647.77,37661.03,327869.26,-4277.64,-1.51,10647.77,,-3310.25,-8.08,3059.88,0.94,1221.86,0.12
22,2023-12-01,4,55.6,280807.8,0.0,42027.31,322835.11,270219.75,10453.53,37692.49,318365.77,-10588.05,-3.77,10453.53,,-4334.82,-10.31,-4469.34,-1.38,-3247.48,-0.25
22,2024-01-01,4,54.7,276262.35,0.0,41110.99,317373.34,264796.03,11725.33,37233.74,313755.1,-11466.32,-4.15,11725.33,,-3877.25,-9.43,-3618.24,-1.14,-3618.24,-1.14
22,2024-02-01,4,53.5,270201.75,0.0,39113.3,309315.05,265214.06,9495.64,43293.89,318003.59,-4987.69,-1.85,9495.64,,4180.59,10.69,8688.54,2.81,5070.3,0.81
22,2024-03-01,4,52.3,264141.15,0.0,40362.93,304504.08,268589.14,9128.46,43961.89,321679.49,4447.99,1.68,9128.46,,3598.96,8.92,17175.41,5.64,22245.71,2.39
22,2024-04-01,4,51.4,259595.7,0.0,39591.72,299187.42,263718.54,11684.85,38222.07,313625.46,4122.84,1.59,11684.85,,-1369.65,-3.46,14438.04,4.83,36683.75,2.98
22,2024-05-01,4,50.9,257070.45,0.0,37016.14,294086.59,265324.73,10606.74,35525.64,311457.11,8254.28,3.21,10606.74,,-1490.5,-4.03,17370.52,5.91,54054.27,3.55
22,2024-06-01,4,50.7,256060.35,0.0,37377.39,293437.74,266814.12,9037.87,39014.87,314866.86,10753.77,4.2,9037.87,,1637.48,4.38,21429.12,7.3,75483.39,4.15
22,2024-07-01,4,51.0,257575.5,0.0,38824.01,296399.51,265026.83,8954.36,40073.8,314054.99,7451.33,2.89,8954.36,,1249.79,3.22,17655.48,5.96,93138.87,4.41
22,2024-08-01,4,51.4,259595.7,0.0,40821.41,300417.11,265575.09,11208.94,44431.26,321215.29,5979.39,2.3,11208.94,,3609.85,8.84,20798.18,6.92,113937.05,4.72
22,2024-09-01,4,51.8,261615.9,0.0,39167.51,300783.41,267666.18,9077.6,34792.31,311536.09,6050.28,2.31,9077.6,,-4375.2,-11.17,10752.68,3.57,124689.73,4.59
22,2024-10-01,4,52.0,262626.0,0.0,41275.75,303901.75,270357.02,10677.15,44280.6,325314.77,7731.02,2.94,10677.15,,3004.85,7.28,21413.02,7.05,146102.75,4.84
22,2024-11-01,4,51.8,261615.9,0.0,39042.49,300658.39,269366.52,10051.14,40467.3,319884.96,7750.62,2.96,10051.14,,1424.81,3.65,19226.57,6.39,165329.32,4.98
22,2024-12-01,4,51.3,259090.65,0.0,40648.38,299739.03,262114.24,9107.14,39421.01,310642.39,3023.59,1.17,9107.14,,-1227.37,-3.02,10903.36,3.64,176232.68,4.87
22,2025-01-01,4,50.4,254545.2,0.0,37710.86,292256.06,261839.65,10351.31,39245.84,311436.8,7294.45,2.87,10351.31,,1534.98,4.07,19180.74,6.56,19180.74,6.56
22,2025-02-01,4,49.3,248989.65,0.0,38076.74,287066.39,253794.41,11134.75,34727.65,299656.81,4804.76,1.93,11134.75,,-3349.09,-8.8,12590.42,4.39,31771.16,5.48
22,2025-03-01,4,48.2,243434.1,0.0,35280.67,278714.77,259744.45,11418.76,37539.7,308702.91,16310.35,6.7,11418.76,,2259.03,6.4,29988.14,10.76,61759.3,7.2
22,2025-04-01,4,47.3,238888.65,0.0,37429.53,276318.18,257374.5,12173.37,41143.83,310691.7,18485.85,7.74,12173.37,,3714.3,9.92,34373.52,12.44,96132.82,8.47
22,2025-05-01,4,46.8,236363.4,0.0,34171.02,270534.42,256554.36,8578.03,30930.57,296062.96,20190.96,8.54,8578.03,,-3240.45,-9.48,25528.54,9.44,121661.36,8.66
22,2025-06-01,4,46.6,235353.3,0.0,36888.41,272241.71,246154.65,9549.99,38855.96,294560.6,10801.35,4.59,9549.99,,1967.55,5.33,22318.89,8.2,143980.25,8.58
22,2025-07-01,4,46.8,236363.4,0.0,36010.65,272374.05,241702.29,10517.8,32801.5,285021.59,5338.89,2.26,10517.8,,-3209.15,-8.91,12647.54,4.64,156627.79,8.03
22,2025-08-01,4,47.2,238383.6,0.0,34797.23,273180.83,248917.74,11927.0,37666.32,298511.06,10534.14,4.42,11927.0,,2869.09,8.25,25330.23,9.27,181958.02,8.19
22,2025-09-01,4,47.5,239898.75,0.0,37226.46,277125.21,251174.79,12013.31,38898.62,302086.72,11276.04,4.7,12013.31,,1672.16,4.49,24961.51,9.01,206919.53,8.28
22,2025-10-01,4,47.7,240908.85,0.0,35721.13,276629.98,255360.83,9810.9,32339.03,297510.76,14451.98,6.0,9810.9,,-3382.1,-9.47,20880.78,7.55,227800.31,8.2
22,2025-11-01,4,47.5,239898.75,0.0,36261.16,276159.91,250935.4,10089.01,34606.64,295631.05,11036.65,4.6,10089.01,,-1654.52,-4.56,19471.14,7.05,247271.45,8.1
22,2025-12-01,4,47.0,237373.5,0.0,36594.92,273968.42,250674.15,10986.3,40415.37,302075.82,13300.65,5.6,10986.3,,3820.45,10.44,28107.4,10.26,275378.85,8.28
22,2026-01-01,4,46.1,232828.05,0.0,34200.05,267028.1,241687.5,8925.35,35545.0,286157.85,8859.45,3.81,8925.35,,1344.95,3.93,19129.75,7.16,19129.75,7.16
22,2026-02-01,4,45.1,227777.55,0.0,33536.49,261314.04,249661.37,11418.71,36650.47,297730.55,21883.82,9.61,11418.71,,3113.98,9.29,36416.51,13.94,55546.26,10.51
22,2026-03-01,4,44.1,222727.05,0.0,34497.43,257224.48,244071.03,9509.03,38395.91,291975.97,21343.98,9.58,9509.03,,3898.48,11.3,34751.49,13.51,90297.75,11.49
22,2026-04-01,4,43.2,218181.6,0.0,32323.47,250505.07,243819.28,8329.54,35582.39,287731.21,25637.68,11.75,8329.54,,3258.92,10.08,37226.14,14.86,127523.89,12.31
22,2026-05-01,4,42.7,215656.35,0.0,33600.1,249256.45,249962.95,9689.37,31083.05,290735.37,34306.6,15.91,9689.37,,-2517.05,-7.49,41478.92,16.64,169002.81,13.15
22,2026-06-01,4,42.5,214646.25,0.0,30866.49,245512.74,244050.89,11370.92,33138.61,288560.42,29404.64,13.7,11370.92,,2272.12,7.36,43047.68,17.53,212050.49,13.85
22,2026-07-01,4,42.7,215656.35,0.0,30738.76,246395.11,238739.07,9967.01,28682.57,277388.65,23082.72,10.7,9967.01,,-2056.19,-6.69,30993.54,12.58,243044.03,13.68
22,2026-08-01,4,43.0,217171.5,0.0,32104.24,249275.74,232858.27,9434.02,28820.97,271113.26,15686.77,7.22,9434.02,,-3283.27,-10.23,21837.52,8.76,264881.55,13.07
23,2023-09-01,4,51.7,282282.0,0.0,71704.57,353986.57,298094.9,11979.88,74039.05,384113.83,15812.9,5.6,11979.88,,2334.48,3.26,30127.26,8.51,30127.26,8.51
23,2023-10-01,4,51.9,283374.0,0.0,73170.4,356544.4,292498.63,10194.79,77700.08,380393.5,9124.63,3.22,10194.79,,4529.68,6.19,23849.1,6.69,53976.36,7.6
23,2023-11-01,4,51.8,282828.0,0.0,73328.79,356156.79,290774.9,14187.67,80411.15,385373.72,7946.9,2.81,14187.67,,7082.36,9.66,29216.93,8.2,83193.29,7.8
23,2023-12-01,4,51.3,280098.0,0.0,70181.92,350279.92,301471.38,12226.0,74723.71,388421.09,21373.38,7.63,12226.0,,4541.79,6.47,38141.17,10.89,121334.46,8.56
23,2024-01-01,4,50.4,275184.0,0.0,66083.46,341267.46,299152.05,14091.55,70247.08,383490.68,23968.05,8.71,14091.55,,4163.62,6.3,42223.22,12.37,42223.22,12.37
23,2024-02-01,4,49.3,269178.0,0.0,66195.26,335373.26,292852.63,10538.03,61467.99,364858.65,23674.63,8.8,10538.03,,-4727.27,-7.14,29485.39,8.79,71708.61,10.6
23,2024-03-01,4,48.3,263718.0,0.0,65606.76,329324.76,290580.65,12638.31,61544.8,364763.76,26862.65,10.19,12638.31,,-4061.96,-6.19,35439.0,10.76,107147.61,10.65
23,2024-04-01,4,47.4,258804.0,0.0,65211.23,324015.23,283609.66,13372.49,72006.29,368988.44,24805.66,9.58,13372.49,,6795.06,10.42,44973.21,13.88,152120.82,11.44
23,2024-05-01,4,46.9,256074.0,0.0,61879.2,317953.2,275662.4,12194.95,55874.15,343731.5,19588.4,7.65,12194.95,,-6005.05,-9.7,25778.3,8.11,177899.12,10.8
23,2024-06-01,4,46.8,255528.0,0.0,62721.83,318249.83,273429.02,12441.62,70132.19,356002.83,17901.02,7.01,12441.62,,7410.36,11.81,37753.0,11.86,215652.12,10.97
23,2024-07-01,4,47.0,256620.0,0.0,67312.94,323932.94,276410.37,10949.44,69459.97,356819.78,19790.37,7.71,10949.44,,2147.03,3.19,32886.84,10.15,248538.96,10.85
23,2024-08-01,4,47.4,258804.0,0.0,63610.33,322414.33,289629.12,9880.42,61466.34,360975.88,30825.12,11.91,9880.42,,-2143.99,-3.37,38561.55,11.96,287100.51,10.99
23,2024-09-01,4,47.8,260988.0,0.0,65487.48,326475.48,289841.59,12474.43,73229.12,375545.14,28853.59,11.06,12474.43,,7741.64,11.82,49069.66,15.03,336170.17,11.44
23,2024-10-01,4,47.9,261534.0,0.0,67632.16,329166.16,292142.67,12397.63,60512.46,365052.76,30608.67,11.7,12397.63,,-7119.7,-10.53,35886.6,10.9,372056.77,11.38
23,2024-11-01,4,47.8,260988.0,0.0,68497.11,329485.11,298365.62,10541.14,72298.47,381205.23,37377.62,14.32,10541.14,,3801.36,5.55,51720.12,15.7,423776.89,11.78
23,2024-12-01,4,47.3,258258.0,0.0,67182.82,325440.82,282426.96,12893.06,61923.97,357243.99,24168.96,9.36,12893.06,,-5258.85,-7.83,31803.17,9.77,455580.06,11.61
23,2025-01-01,4,46.5,253890.0,0.0,61393.32,315283.32,279561.63,12640.56,68665.2,360867.39,25671.63,10.11,12640.56,,7271.88,11.84,45584.07,14.46,45584.07,14.46
23,2025-02-01,4,45.4,247884.0,0.0,59867.68,307751.68,275530.98,10174.42,62692.86,348398.26,27646.98,11.15,10174.42,,2825.18,4.72,40646.58,13.21,86230.65,13.84
23,2025-03-01,4,44.4,242424.0,0.0,60512.82,302936.82,270286.82,12288.99,55770.12,338345.93,27862.82,11.49,12288.99,,-4742.7,-7.84,35409.11,11.69,121639.76,13.14
23,2025-04-01,4,43.6,238056.0,0.0,60794.1,298850.1,264261.15,10963.84,68015.27,343240.26,26205.15,11.01,10963.84,,7221.17,11.88,44390.16,14.85,166029.92,13.56
23,2025-05-01,4,43.1,235326.0,0.0,61139.25,296465.25,270841.71,11524.86,54308.17,336674.74,35515.71,15.09,11524.86,,-6831.08,-11.17,40209.49,13.56,206239.41,13.56
23,2025-06-01,4,43.0,234780.0,0.0,58130.2,292910.2,263728.84,9820.08,61720.34,335269.26,28948.84,12.33,9820.08,,3590.14,6.18,42359.06,14.46,248598.47,13.7
23,2025-07-01,4,43.2,235872.0,0.0,61897.62,297769.62,276110.65,9586.05,54505.82,340202.52,40238.65,17.06,9586.05,,-7391.8,-11.94,42432.9,14.25,291031.37,13.78
23,2025-08-01,4,43.5,237510.0,0.0,60508.99,298018.99,277245.82,12728.1,53341.28,343315.2,39735.82,16.73,12728.1,,-7167.71,-11.85,45296.21,15.2,336327.58,13.96
23,2025-09-01,4,43.8,239148.0,0.0,61766.94,300914.94,270591.61,11676.84,65924.37,348192.82,31443.61,13.15,11676.84,,4157.43,6.73,47277.88,15.71,383605.46,14.15
23,2025-10-01,4,44.0,240240.0,0.0,59825.13,300065.13,264192.05,9501.37,63393.09,337086.51,23952.05,9.97,9501.37,,3567.96,5.96,37021.38,12.34,420626.84,13.97
23,2025-11-01,4,43.8,239148.0,0.0,59967.34,299115.34,258893.2,10018.91,55164.01,324076.12,19745.2,8.26,10018.91,,-4803.33,-8.01,24960.78,8.34,445587.62,13.46
23,2025-12-01,4,43.3,236418.0,0.0,59281.2,295699.2,255129.4,8826.3,65213.65,329169.35,18711.4,7.91,8826.3,,5932.45,10.01,33470.15,11.32,479057.77,13.29
23,2026-01-01,4,42.5,232050.0,0.0,59145.1,291195.1,260666.92,10383.83,54390.55,325441.3,28616.92,12.33,10383.83,,-4754.55,-8.04,34246.2,11.76,34246.2,11.76
23,2026-02-01,4,41.6,227136.0,0.0,59010.24,286146.24,244910.58,9685.71,56505.37,311101.66,17774.58,7.83,9685.71,,-2504.87,-4.24,24955.42,8.72,59201.62,10.25
23,2026-03-01,4,40.6,221676.0,0.0,57923.97,279599.97,237759.08,9354.58,61836.91,308950.57,16083.08,7.26,9354.58,,3912.94,6.76,29350.6,10.5,88552.22,10.33
23,2026-04-01,4,39.8,217308.0,0.0,53767.41,271075.41,244518.01,8031.1,57204.38,309753.49,27210.01,12.52,8031.1,,3436.97,6.39,38678.08,14.27,127230.3,11.28
23,2026-05-01,4,39.4,215124.0,0.0,51118.72,266242.72,246823.06,8856.92,53134.54,308814.52,31699.06,14.74,8856.92,,2015.82,3.94,42571.8,15.99,169802.1,12.18
23,2026-06-01,4,39.2,214032.0,0.0,54430.84,268462.84,239329.53,11543.17,51458.57,302331.27,25297.53,11.82,11543.17,,-2972.27,-5.46,33868.43,12.62,203670.53,12.25
23,2026-07-01,4,39.3,214578.0,0.0,52442.98,267020.98,248439.05,10775.06,56650.25,315864.36,33861.05,15.78,10775.06,,4207.27,8.02,48843.38,18.29,252513.91,13.09
23,2026-08-01,4,39.6,216216.0,0.0,55661.69,271877.69,258472.82,12013.19,57393.62,327879.63,42256.82,19.54,12013.19,,1731.93,3.11,56001.94,20.6,308515.85,14.01
24,2023-09-01,4,71.5,570999.6,0.0,66049.61,637049.21,440326.97,16338.0,59463.68,516128.65,-130672.63,-22.88,16338.0,,-6585.93,-9.97,-120920.56,-18.98,-120920.56,-18.98
24,2023-10-01,4,71.8,573395.4,0.0,66634.92,640030.32,465967.26,17748.48,74505.36,558221.1,-107428.14,-18.74,17748.48,,7870.44,11.81,-81809.22,-12.78,-202729.78,-15.87
24,2023-11-01,4,71.6,571798.2,0.0,68945.18,640743.38,458345.08,17713.43,66361.36,542419.87,-113453.12,-19.84,17713.43,,-2583.82,-3.75,-98323.51,-15.35,-301053.29,-15.7
24,2023-12-01,4,70.8,565409.39,0.0,65423.71,630833.1,448466.4,19133.0,59077.9,526677.3,-116942.99,-20.68,19133.0,,-6345.81,-9.7,-104155.8,-16.51,-405209.09,-15.9
24,2024-01-01,4,69.6,555826.18,0.0,67981.46,623807.64,440258.6,17725.57,72713.65,530697.82,-115567.58,-20.79,17725.57,,4732.19,6.96,-93109.82,-14.93,-93109.82,-14.93
24,2024-02-01,4,68.2,544645.77,0.0,64811.06,609456.83,427312.49,16245.98,57373.1,500931.57,-117333.28,-21.54,16245.98,,-7437.96,-11.48,-108525.26,-17.81,-201635.08,-16.35
24,2024-03-01,4,66.7,532666.76,0.0,65198.14,597864.9,422502.07,19237.68,62812.52,504552.27,-110164.69,-20.68,19237.68,,-2385.62,-3.66,-93312.63,-15.61,-294947.71,-16.11
24,2024-04-01,4,65.5,523083.55,0.0,61292.95,584376.5,414317.89,14241.41,55096.41,483655.71,-108765.66,-20.79,14241.41,,-6196.54,-10.11,-100720.79,-17.24,-395668.5,-16.38
24,2024-05-01,4,64.8,517493.34,0.0,60778.33,578271.67,413333.32,16298.61,67049.85,496681.78,-104160.02,-20.13,16298.61,,6271.52,10.32,-81589.89,-14.11,-477258.39,-15.94
24,2024-06-01,4,64.6,515896.14,0.0,64934.72,580830.86,424929.57,16656.52,61226.47,502812.56,-90966.57,-17.63,16656.52,,-3708.25,-5.71,-78018.3,-13.43,-555276.69,-15.53
24,2024-07-01,4,64.9,518291.94,0.0,63918.19,582210.13,406299.54,15554.31,56475.77,478329.62,-111992.4,-21.61,15554.31,,-7442.42,-11.64,-103880.51,-17.84,-659157.2,-15.86
24,2024-08-01,4,65.5,523083.55,0.0,64852.61,587936.16,400474.64,19155.91,58807.03,478437.58,-122608.91,-23.44,19155.91,,-6045.58,-9.32,-109498.58,-18.62,-768655.78,-16.2
24,2024-09-01,4,66.0,527076.55,0.0,65475.62,592552.17,391509.57,16554.02,60755.82,468819.41,-135566.98,-25.72,16554.02,,-4719.8,-7.21,-123732.76,-20.88,-892388.54,-16.72
24,2024-10-01,4,66.3,529472.35,0.0,64853.22,594325.57,394378.12,13990.0,72447.39,480815.51,-135094.23,-25.51,13990.0,,7594.17,11.71,-113510.06,-19.1,-1005898.6,-16.96
24,2024-11-01,4,66.1,527875.15,0.0,62311.36,590186.51,409373.58,14290.64,59310.05,482974.27,-118501.57,-22.45,14290.64,,-3001.31,-4.82,-107212.24,-18.17,-1113110.84,-17.07
24,2024-12-01,4,65.3,521486.34,0.0,61828.45,583314.79,406270.18,14906.73,64310.56,485487.47,-115216.16,-22.09,14906.73,,2482.11,4.01,-97827.32,-16.77,-1210938.16,-17.04
24,2025-01-01,4,64.2,512701.74,0.0,59122.73,571824.47,398860.53,14306.79,61035.68,474203.0,-113841.21,-22.2,14306.79,,1912.95,3.24,-97621.47,-17.07,-97621.47,-17.07
24,2025-02-01,4,62.8,501521.32,0.0,58102.23,559623.55,397545.22,13080.41,55091.93,465717.56,-103976.1,-20.73,13080.41,,-3010.3,-5.18,-93905.99,-16.78,-191527.46,-16.93
24,2025-03-01,4,61.4,490340.91,0.0,59788.54,550129.45,390617.24,12792.12,66901.31,470310.67,-99723.67,-20.34,12792.12,,7112.77,11.9,-79818.78,-14.51,-271346.24,-16.14
24,2025-04-01,4,60.3,481556.3,0.0,56235.21,537791.51,379741.14,17129.36,59275.04,456145.54,-101815.16,-21.14,17129.36,,3039.83,5.41,-81645.97,-15.18,-352992.21,-15.91
24,2025-05-01,4,59.6,475966.1,0.0,55362.28,531328.38,368790.16,17211.14,59970.72,445972.02,-107175.94,-22.52,17211.14,,4608.44,8.32,-85356.36,-16.06,-438348.57,-15.94
24,2025-06-01,4,59.4,474368.9,0.0,56760.91,531129.81,363319.09,15307.08,60874.49,439500.66,-111049.81,-23.41,15307.08,,4113.58,7.25,-91629.15,-17.25,-529977.72,-16.15
24,2025-07-01,4,59.7,476764.7,0.0,57411.23,534175.93,367702.32,14380.13,54233.01,436315.46,-109062.38,-22.88,14380.13,,-3178.22,-5.54,-97860.47,-18.32,-627838.19,-16.45
24,2025-08-01,4,60.1,479959.1,0.0,56152.7,536111.8,378995.49,16596.56,52339.35,447931.4,-100963.61,-21.04,16596.56,,-3813.35,-6.79,-88180.4,-16.45,-716018.59,-16.45
24,2025-09-01,4,60.6,483952.11,0.0,57978.63,541930.74,386669.86,17127.04,52491.42,456288.32,-97282.25,-20.1,17127.04,,-5487.21,-9.46,-85642.42,-15.8,-801661.01,-16.38
24,2025-10-01,4,60.8,485549.31,0.0,60127.64,545676.95,385146.88,16459.63,55843.96,457450.47,-100402.43,-20.68,16459.63,,-4283.68,-7.12,-88226.48,-16.17,-889887.49,-16.36
24,2025-11-01,4,60.5,483153.5,0.0,60026.33,543179.83,401374.99,17574.86,64396.47,483346.32,-81778.51,-16.93,17574.86,,4370.14,7.28,-59833.51,-11.02,-949721.0,-15.87
24,2025-12-01,4,59.8,477563.3,0.0,54922.83,532486.13,399123.85,14861.98,48747.18,462733.01,-78439.45,-16.42,14861.98,,-6175.65,-11.24,-69753.12,-13.1,-1019474.12,-15.65
24,2026-01-01,4,58.7,468778.69,0.0,56275.28,525053.97,394185.57,13150.73,60841.69,468177.99,-74593.12,-15.91,13150.73,,4566.41,8.11,-56875.98,-10.83,-56875.98,-10.83
24,2026-02-01,4,57.4,458396.88,0.0,52772.4,511169.28,385261.17,18090.35,51051.73,454403.25,-73135.71,-15.95,18090.35,,-1720.67,-3.26,-56766.03,-11.11,-113642.01,-10.97
24,2026-03-01,4,56.1,448015.07,0.0,55461.8,503476.87,383219.31,13448.58,52453.13,449121.02,-64795.76,-14.46,13448.58,,-3008.67,-5.42,-54355.85,-10.8,-167997.86,-10.91
24,2026-04-01,4,55.1,440029.06,0.0,53226.31,493255.37,385767.3,14566.31,55440.04,455773.65,-54261.76,-12.33,14566.31,,2213.73,4.16,-37481.72,-7.6,-205479.58,-10.11
24,2026-05-01,4,54.4,434438.85,0.0,54269.94,488708.79,398294.75,17179.04,58781.48,474255.27,-36144.1,-8.32,17179.04,,4511.54,8.31,-14453.52,-2.96,-219933.1,-8.72
24,2026-06-01,4,54.2,432841.65,0.0,52149.57,484991.22,380154.98,17094.34,55834.64,453083.96,-52686.67,-12.17,17094.34,,3685.07,7.07,-31907.26,-6.58,-251840.36,-8.38
24,2026-07-01,4,54.4,434438.85,0.0,52437.48,486876.33,377410.54,13287.57,54572.61,445270.72,-57028.31,-13.13,13287.57,,2135.13,4.07,-41605.61,-8.55,-293445.97,-8.4
24,2026-08-01,4,54.8,437633.26,0.0,55063.68,492696.94,368511.05,12801.33,60221.08,441533.46,-69122.21,-15.79,12801.33,,5157.4,9.37,-51163.48,-10.38,-344609.45,-8.64
