fiscal_month,site_id,cost_center_id,role_id,shift,headcount,fte
2023-09-01,1,1,1,A,65,63.8
2023-09-01,1,1,1,B,75,74.4
2023-09-01,1,1,1,C,58,57.6
2023-09-01,1,1,1,Days,20,19.9
2023-09-01,1,1,2,A,22,22.0
2023-09-01,1,1,2,B,29,28.4
2023-09-01,1,1,2,C,21,20.9
2023-09-01,1,1,2,Days,4,4.0
2023-09-01,1,1,3,A,25,24.5
2023-09-01,1,1,3,B,34,33.4
2023-09-01,1,1,3,C,22,21.6
2023-09-01,1,1,3,Days,10,9.9
2023-09-01,1,1,4,B,7,6.8
2023-09-01,1,1,4,C,1,1.0
2023-09-01,1,1,4,Days,1,1.0
2023-09-01,1,2,5,A,45,44.3
2023-09-01,1,2,5,B,38,38.0
2023-09-01,1,2,5,C,30,29.6
2023-09-01,1,2,5,Days,6,5.8
2023-09-01,1,2,6,A,23,22.7
2023-09-01,1,2,6,B,24,23.9
2023-09-01,1,2,6,C,11,10.8
2023-09-01,1,2,6,Days,3,3.0
2023-09-01,1,2,7,A,6,6.0
2023-09-01,1,2,7,B,4,4.0
2023-09-01,1,2,7,C,2,2.0
2023-09-01,1,2,7,Days,2,2.0
2023-09-01,1,3,8,A,9,8.8
2023-09-01,1,3,8,Days,45,44.8
2023-09-01,1,3,9,A,5,4.9
2023-09-01,1,3,9,Days,24,23.5
2023-09-01,1,4,10,A,1,1.0
2023-09-01,1,4,10,Days,40,39.3
2023-09-01,1,4,11,A,1,1.0
2023-09-01,1,4,11,Days,39,38.7
2023-09-01,1,5,12,A,1,1.0
2023-09-01,1,5,12,Days,46,45.5
2023-09-01,1,5,13,A,1,1.0
2023-09-01,1,5,13,Days,39,38.9
2023-09-01,1,5,14,A,1,1.0
2023-09-01,1,5,14,Days,6,5.8
2023-09-01,1,6,15,Days,41,40.5
2023-09-01,1,6,16,A,4,3.8
2023-09-01,1,6,16,Days,50,49.6
2023-09-01,1,6,17,Days,12,12.0
2023-09-01,2,7,1,A,46,45.7
2023-09-01,2,7,1,B,60,59.4
2023-09-01,2,7,1,C,49,48.1
2023-09-01,2,7,1,Days,11,11.0
2023-09-01,2,7,2,A,17,16.7
2023-09-01,2,7,2,B,22,21.8
2023-09-01,2,7,2,C,14,14.0
2023-09-01,2,7,2,Days,6,6.0
2023-09-01,2,7,3,A,24,23.6
2023-09-01,2,7,3,B,36,35.5
2023-09-01,2,7,3,C,20,19.6
2023-09-01,2,7,3,Days,3,2.8
2023-09-01,2,7,4,A,3,3.0
2023-09-01,2,7,4,B,2,1.8
2023-09-01,2,7,4,C,1,1.0
2023-09-01,2,8,5,A,44,43.7
2023-09-01,2,8,5,B,32,31.7
2023-09-01,2,8,5,C,28,27.8
2023-09-01,2,8,5,Days,9,9.0
2023-09-01,2,8,6,A,22,21.5
2023-09-01,2,8,6,B,13,13.0
2023-09-01,2,8,6,C,14,14.0
2023-09-01,2,8,6,Days,3,3.0
2023-09-01,2,8,7,A,7,7.0
2023-09-01,2,8,7,B,4,4.0
2023-09-01,2,8,7,C,3,3.0
2023-09-01,2,9,8,A,14,14.0
2023-09-01,2,9,8,Days,57,56.5
2023-09-01,2,9,9,A,13,13.0
2023-09-01,2,9,9,Days,33,32.8
2023-09-01,2,10,10,Days,47,46.6
2023-09-01,2,10,11,A,2,2.0
2023-09-01,2,10,11,Days,26,25.9
2023-09-01,2,11,12,A,1,1.0
2023-09-01,2,11,12,Days,34,33.2
2023-09-01,2,11,13,Days,29,28.1
2023-09-01,2,11,14,Days,8,7.7
2023-09-01,2,12,15,A,1,1.0
2023-09-01,2,12,15,Days,47,46.5
2023-09-01,2,12,16,Days,38,37.5
2023-09-01,2,12,17,A,1,0.9
2023-09-01,2,12,17,Days,12,12.0
2023-09-01,3,13,1,A,69,68.0
2023-09-01,3,13,1,B,73,72.2
2023-09-01,3,13,1,C,52,51.5
2023-09-01,3,13,1,Days,21,20.8
2023-09-01,3,13,2,A,31,30.4
2023-09-01,3,13,2,B,24,23.6
2023-09-01,3,13,2,C,14,13.9
2023-09-01,3,13,2,Days,6,6.0
2023-09-01,3,13,3,A,30,29.8
2023-09-01,3,13,3,B,24,23.7
2023-09-01,3,13,3,C,17,16.6
2023-09-01,3,13,3,Days,8,8.0
2023-09-01,3,13,4,A,4,4.0
2023-09-01,3,13,4,B,6,6.0
2023-09-01,3,13,4,C,3,3.0
2023-09-01,3,14,5,A,40,39.5
2023-09-01,3,14,5,B,38,37.7
2023-09-01,3,14,5,C,23,22.8
2023-09-01,3,14,5,Days,11,11.0
2023-09-01,3,14,6,A,29,28.5
2023-09-01,3,14,6,B,17,16.9
2023-09-01,3,14,6,C,15,14.9
2023-09-01,3,14,6,Days,8,7.9
2023-09-01,3,14,7,A,9,9.0
2023-09-01,3,14,7,B,5,4.9
2023-09-01,3,14,7,C,4,4.0
2023-09-01,3,15,8,A,9,8.7
2023-09-01,3,15,8,Days,43,42.6
2023-09-01,3,15,9,A,5,4.8
2023-09-01,3,15,9,Days,21,21.0
2023-09-01,3,16,10,Days,34,33.4
2023-09-01,3,16,11,Days,31,30.7
2023-09-01,3,17,12,A,2,2.0
2023-09-01,3,17,12,Days,30,29.5
2023-09-01,3,17,13,A,1,1.0
2023-09-01,3,17,13,Days,20,19.7
2023-09-01,3,17,14,A,1,1.0
2023-09-01,3,17,14,Days,3,2.9
2023-09-01,3,18,15,A,1,1.0
2023-09-01,3,18,15,Days,21,20.6
2023-09-01,3,18,16,A,2,2.0
2023-09-01,3,18,16,Days,32,31.4
2023-09-01,3,18,17,A,1,1.0
2023-09-01,3,18,17,Days,7,6.9
2023-09-01,4,19,1,A,38,37.8
2023-09-01,4,19,1,B,32,31.6
2023-09-01,4,19,1,C,32,31.5
2023-09-01,4,19,1,Days,4,4.0
2023-09-01,4,19,2,A,12,11.9
2023-09-01,4,19,2,B,13,12.9
2023-09-01,4,19,2,C,9,8.8
2023-09-01,4,19,2,Days,1,1.0
2023-09-01,4,19,3,A,13,12.9
2023-09-01,4,19,3,B,18,18.0
2023-09-01,4,19,3,C,5,5.0
2023-09-01,4,19,3,Days,7,6.8
2023-09-01,4,19,4,A,3,3.0
2023-09-01,4,19,4,B,2,2.0
2023-09-01,4,19,4,C,1,1.0
2023-09-01,4,20,5,A,18,18.0
2023-09-01,4,20,5,B,26,25.8
2023-09-01,4,20,5,C,11,10.9
2023-09-01,4,20,5,Days,11,10.9
2023-09-01,4,20,6,A,13,13.0
2023-09-01,4,20,6,B,11,10.9
2023-09-01,4,20,6,C,15,14.8
2023-09-01,4,20,6,Days,4,4.0
2023-09-01,4,20,7,A,5,5.0
2023-09-01,4,20,7,B,5,4.9
2023-09-01,4,20,7,C,1,1.0
2023-09-01,4,21,8,A,5,5.0
2023-09-01,4,21,8,Days,38,37.4
2023-09-01,4,21,9,A,8,8.0
2023-09-01,4,21,9,Days,17,16.9
2023-09-01,4,22,10,A,1,1.0
2023-09-01,4,22,10,Days,39,38.2
2023-09-01,4,22,11,A,1,1.0
2023-09-01,4,22,11,Days,20,19.8
2023-09-01,4,23,12,Days,22,21.4
2023-09-01,4,23,13,A,2,2.0
2023-09-01,4,23,13,Days,22,21.9
2023-09-01,4,23,14,Days,7,6.9
2023-09-01,4,24,15,A,1,1.0
2023-09-01,4,24,15,Days,19,19.0
2023-09-01,4,24,16,A,2,2.0
2023-09-01,4,24,16,Days,27,26.8
2023-09-01,4,24,17,Days,7,7.0
2023-10-01,1,1,1,A,66,64.8
2023-10-01,1,1,1,B,75,74.4
2023-10-01,1,1,1,C,60,59.6
2023-10-01,1,1,1,Days,20,19.9
2023-10-01,1,1,2,A,23,23.0
2023-10-01,1,1,2,B,30,29.4
2023-10-01,1,1,2,C,22,21.9
2023-10-01,1,1,2,Days,4,4.0
2023-10-01,1,1,3,A,25,24.5
2023-10-01,1,1,3,B,34,33.4
2023-10-01,1,1,3,C,23,22.6
2023-10-01,1,1,3,Days,10,9.9
2023-10-01,1,1,4,B,7,6.8
2023-10-01,1,1,4,C,1,1.0
2023-10-01,1,1,4,Days,1,1.0
2023-10-01,1,2,5,A,48,47.3
2023-10-01,1,2,5,B,38,38.0
2023-10-01,1,2,5,C,30,29.6
2023-10-01,1,2,5,Days,6,5.8
2023-10-01,1,2,6,A,23,22.7
2023-10-01,1,2,6,B,24,23.9
2023-10-01,1,2,6,C,11,10.8
2023-10-01,1,2,6,Days,3,3.0
2023-10-01,1,2,7,A,7,7.0
2023-10-01,1,2,7,B,4,4.0
2023-10-01,1,2,7,C,2,2.0
2023-10-01,1,2,7,Days,2,2.0
2023-10-01,1,3,8,A,9,8.8
2023-10-01,1,3,8,Days,45,44.8
2023-10-01,1,3,9,A,5,4.9
2023-10-01,1,3,9,Days,24,23.5
2023-10-01,1,4,10,A,1,1.0
2023-10-01,1,4,10,Days,39,38.3
2023-10-01,1,4,11,A,1,1.0
2023-10-01,1,4,11,Days,39,38.7
2023-10-01,1,5,12,A,1,1.0
2023-10-01,1,5,12,Days,46,45.5
2023-10-01,1,5,13,A,1,1.0
2023-10-01,1,5,13,Days,39,38.9
2023-10-01,1,5,14,A,1,1.0
2023-10-01,1,5,14,Days,6,5.8
2023-10-01,1,6,15,Days,41,40.5
2023-10-01,1,6,16,A,4,3.8
2023-10-01,1,6,16,Days,50,49.6
2023-10-01,1,6,17,Days,12,12.0
2023-10-01,2,7,1,A,46,45.7
2023-10-01,2,7,1,B,59,58.5
2023-10-01,2,7,1,C,49,48.1
2023-10-01,2,7,1,Days,11,11.0
2023-10-01,2,7,2,A,17,16.7
2023-10-01,2,7,2,B,22,21.8
2023-10-01,2,7,2,C,15,15.0
2023-10-01,2,7,2,Days,6,6.0
2023-10-01,2,7,3,A,23,22.6
2023-10-01,2,7,3,B,37,36.3
2023-10-01,2,7,3,C,20,19.6
2023-10-01,2,7,3,Days,3,2.8
2023-10-01,2,7,4,A,3,3.0
2023-10-01,2,7,4,B,2,1.8
2023-10-01,2,7,4,C,1,1.0
2023-10-01,2,8,5,A,44,43.7
2023-10-01,2,8,5,B,33,32.7
2023-10-01,2,8,5,C,29,28.7
2023-10-01,2,8,5,Days,9,9.0
2023-10-01,2,8,6,A,21,20.5
2023-10-01,2,8,6,B,13,13.0
2023-10-01,2,8,6,C,15,15.0
2023-10-01,2,8,6,Days,3,3.0
2023-10-01,2,8,7,A,7,7.0
2023-10-01,2,8,7,B,4,4.0
2023-10-01,2,8,7,C,3,3.0
2023-10-01,2,9,8,A,14,14.0
2023-10-01,2,9,8,Days,57,56.5
2023-10-01,2,9,9,A,13,13.0
2023-10-01,2,9,9,Days,32,31.8
2023-10-01,2,10,10,Days,46,45.6
2023-10-01,2,10,11,A,2,2.0
2023-10-01,2,10,11,Days,29,28.7
2023-10-01,2,11,12,A,1,1.0
2023-10-01,2,11,12,Days,34,33.2
2023-10-01,2,11,13,Days,29,28.1
2023-10-01,2,11,14,Days,9,8.7
2023-10-01,2,12,15,A,1,1.0
2023-10-01,2,12,15,Days,47,46.5
2023-10-01,2,12,16,Days,38,37.5
2023-10-01,2,12,17,A,1,0.9
2023-10-01,2,12,17,Days,12,12.0
2023-10-01,3,13,1,A,73,71.9
2023-10-01,3,13,1,B,76,75.2
2023-10-01,3,13,1,C,55,54.5
2023-10-01,3,13,1,Days,21,20.8
2023-10-01,3,13,2,A,31,30.4
2023-10-01,3,13,2,B,22,21.6
2023-10-01,3,13,2,C,16,15.9
2023-10-01,3,13,2,Days,7,7.0
2023-10-01,3,13,3,A,31,30.8
2023-10-01,3,13,3,B,25,24.7
2023-10-01,3,13,3,C,18,17.6
2023-10-01,3,13,3,Days,8,8.0
2023-10-01,3,13,4,A,4,4.0
2023-10-01,3,13,4,B,6,6.0
2023-10-01,3,13,4,C,3,3.0
2023-10-01,3,14,5,A,41,40.4
2023-10-01,3,14,5,B,39,38.7
2023-10-01,3,14,5,C,24,23.8
2023-10-01,3,14,5,Days,11,11.0
2023-10-01,3,14,6,A,27,26.5
2023-10-01,3,14,6,B,18,17.7
2023-10-01,3,14,6,C,16,15.9
2023-10-01,3,14,6,Days,8,7.9
2023-10-01,3,14,7,A,10,10.0
2023-10-01,3,14,7,B,5,4.9
2023-10-01,3,14,7,C,6,6.0
2023-10-01,3,15,8,A,9,8.7
2023-10-01,3,15,8,Days,42,41.6
2023-10-01,3,15,9,A,5,4.8
2023-10-01,3,15,9,Days,21,21.0
2023-10-01,3,16,10,Days,33,32.4
2023-10-01,3,16,11,Days,33,32.6
2023-10-01,3,17,12,A,2,2.0
2023-10-01,3,17,12,Days,30,29.5
2023-10-01,3,17,13,A,1,1.0
2023-10-01,3,17,13,Days,22,21.7
2023-10-01,3,17,14,A,1,1.0
2023-10-01,3,17,14,Days,3,2.9
2023-10-01,3,18,15,A,1,1.0
2023-10-01,3,18,15,Days,22,21.6
2023-10-01,3,18,16,A,2,2.0
2023-10-01,3,18,16,Days,32,31.4
2023-10-01,3,18,17,A,1,1.0
2023-10-01,3,18,17,Days,7,6.9
2023-10-01,4,19,1,A,38,37.8
2023-10-01,4,19,1,B,33,32.6
2023-10-01,4,19,1,C,31,30.5
2023-10-01,4,19,1,Days,4,4.0
2023-10-01,4,19,2,A,12,11.9
2023-10-01,4,19,2,B,12,11.9
2023-10-01,4,19,2,C,9,8.8
2023-10-01,4,19,2,Days,1,1.0
2023-10-01,4,19,3,A,13,12.9
2023-10-01,4,19,3,B,19,19.0
2023-10-01,4,19,3,C,4,4.0
2023-10-01,4,19,3,Days,6,5.8
2023-10-01,4,19,4,A,3,3.0
2023-10-01,4,19,4,B,2,2.0
2023-10-01,4,19,4,C,1,1.0
2023-10-01,4,20,5,A,19,19.0
2023-10-01,4,20,5,B,26,25.8
2023-10-01,4,20,5,C,12,11.9
2023-10-01,4,20,5,Days,10,9.9
2023-10-01,4,20,6,A,13,13.0
2023-10-01,4,20,6,B,12,11.9
2023-10-01,4,20,6,C,15,14.8
2023-10-01,4,20,6,Days,4,4.0
2023-10-01,4,20,7,A,5,5.0
2023-10-01,4,20,7,B,5,4.9
2023-10-01,4,20,7,C,2,2.0
2023-10-01,4,21,8,A,5,5.0
2023-10-01,4,21,8,Days,39,38.4
2023-10-01,4,21,9,A,8,8.0
2023-10-01,4,21,9,Days,17,16.9
2023-10-01,4,22,10,A,1,1.0
2023-10-01,4,22,10,Days,40,39.2
2023-10-01,4,22,11,A,1,1.0
2023-10-01,4,22,11,Days,20,19.8
2023-10-01,4,23,12,Days,22,21.4
2023-10-01,4,23,13,A,2,2.0
2023-10-01,4,23,13,Days,22,21.9
2023-10-01,4,23,14,Days,7,6.9
2023-10-01,4,24,15,A,1,1.0
2023-10-01,4,24,15,Days,19,19.0
2023-10-01,4,24,16,A,2,2.0
2023-10-01,4,24,16,Days,26,25.9
2023-10-01,4,24,17,A,1,1.0
2023-10-01,4,24,17,Days,7,7.0
2023-11-01,1,1,1,A,66,65.0
2023-11-01,1,1,1,B,75,74.4
2023-11-01,1,1,1,C,58,57.6
2023-11-01,1,1,1,Days,20,19.9
2023-11-01,1,1,2,A,24,24.0
2023-11-01,1,1,2,B,30,29.4
2023-11-01,1,1,2,C,22,21.9
2023-11-01,1,1,2,Days,4,4.0
2023-11-01,1,1,3,A,25,24.5
2023-11-01,1,1,3,B,35,34.4
2023-11-01,1,1,3,C,23,22.6
2023-11-01,1,1,3,Days,10,9.9
2023-11-01,1,1,4,B,7,6.8
2023-11-01,1,1,4,C,1,1.0
2023-11-01,1,1,4,Days,1,1.0
2023-11-01,1,2,5,A,50,49.3
2023-11-01,1,2,5,B,37,37.0
2023-11-01,1,2,5,C,30,29.6
2023-11-01,1,2,5,Days,6,5.8
2023-11-01,1,2,6,A,22,21.7
2023-11-01,1,2,6,B,23,23.0
2023-11-01,1,2,6,C,11,10.8
2023-11-01,1,2,6,Days,3,3.0
2023-11-01,1,2,7,A,7,7.0
2023-11-01,1,2,7,B,4,4.0
2023-11-01,1,2,7,C,2,2.0
2023-11-01,1,2,7,Days,2,2.0
2023-11-01,1,3,8,A,10,9.8
2023-11-01,1,3,8,Days,44,43.8
2023-11-01,1,3,9,A,5,4.9
2023-11-01,1,3,9,Days,24,23.5
2023-11-01,1,4,10,A,1,1.0
2023-11-01,1,4,10,Days,38,37.3
2023-11-01,1,4,11,A,1,1.0
2023-11-01,1,4,11,Days,39,38.7
2023-11-01,1,5,12,A,1,1.0
2023-11-01,1,5,12,Days,46,45.5
2023-11-01,1,5,13,A,1,1.0
2023-11-01,1,5,13,Days,39,38.9
2023-11-01,1,5,14,A,1,1.0
2023-11-01,1,5,14,Days,6,5.8
2023-11-01,1,6,15,Days,42,41.5
2023-11-01,1,6,16,A,4,3.8
2023-11-01,1,6,16,Days,49,48.7
2023-11-01,1,6,17,Days,12,12.0
2023-11-01,2,7,1,A,46,45.7
2023-11-01,2,7,1,B,57,56.5
2023-11-01,2,7,1,C,47,46.3
2023-11-01,2,7,1,Days,11,11.0
2023-11-01,2,7,2,A,17,16.7
2023-11-01,2,7,2,B,22,21.8
2023-11-01,2,7,2,C,15,15.0
2023-11-01,2,7,2,Days,6,6.0
2023-11-01,2,7,3,A,23,22.6
2023-11-01,2,7,3,B,37,36.3
2023-11-01,2,7,3,C,20,19.6
2023-11-01,2,7,3,Days,3,2.8
2023-11-01,2,7,4,A,3,3.0
2023-11-01,2,7,4,B,2,1.8
2023-11-01,2,7,4,C,1,1.0
2023-11-01,2,8,5,A,44,43.7
2023-11-01,2,8,5,B,33,32.7
2023-11-01,2,8,5,C,27,26.7
2023-11-01,2,8,5,Days,9,9.0
2023-11-01,2,8,6,A,21,20.5
2023-11-01,2,8,6,B,13,13.0
2023-11-01,2,8,6,C,15,15.0
2023-11-01,2,8,6,Days,3,3.0
2023-11-01,2,8,7,A,7,7.0
2023-11-01,2,8,7,B,4,4.0
2023-11-01,2,8,7,C,3,3.0
2023-11-01,2,9,8,A,13,13.0
2023-11-01,2,9,8,Days,57,56.5
2023-11-01,2,9,9,A,13,13.0
2023-11-01,2,9,9,Days,31,31.0
2023-11-01,2,10,10,Days,46,45.6
2023-11-01,2,10,11,A,2,2.0
2023-11-01,2,10,11,Days,29,28.7
2023-11-01,2,11,12,A,1,1.0
2023-11-01,2,11,12,Days,34,33.2
2023-11-01,2,11,13,Days,30,29.0
2023-11-01,2,11,14,Days,9,8.7
2023-11-01,2,12,15,A,1,1.0
2023-11-01,2,12,15,Days,47,46.5
2023-11-01,2,12,16,Days,38,37.5
2023-11-01,2,12,17,A,1,0.9
2023-11-01,2,12,17,Days,12,12.0
2023-11-01,3,13,1,A,74,72.9
2023-11-01,3,13,1,B,80,79.2
2023-11-01,3,13,1,C,59,58.5
2023-11-01,3,13,1,Days,21,20.8
2023-11-01,3,13,2,A,31,30.4
2023-11-01,3,13,2,B,23,22.5
2023-11-01,3,13,2,C,16,15.9
2023-11-01,3,13,2,Days,7,7.0
2023-11-01,3,13,3,A,29,28.8
2023-11-01,3,13,3,B,25,24.7
2023-11-01,3,13,3,C,18,17.6
2023-11-01,3,13,3,Days,8,8.0
2023-11-01,3,13,4,A,4,4.0
2023-11-01,3,13,4,B,6,6.0
2023-11-01,3,13,4,C,3,3.0
2023-11-01,3,14,5,A,40,39.4
2023-11-01,3,14,5,B,41,40.6
2023-11-01,3,14,5,C,24,23.8
2023-11-01,3,14,5,Days,11,11.0
2023-11-01,3,14,6,A,27,26.5
2023-11-01,3,14,6,B,19,18.7
2023-11-01,3,14,6,C,15,14.9
2023-11-01,3,14,6,Days,8,7.9
2023-11-01,3,14,7,A,9,9.0
2023-11-01,3,14,7,B,6,5.8
2023-11-01,3,14,7,C,6,6.0
2023-11-01,3,15,8,A,9,8.7
2023-11-01,3,15,8,Days,43,42.6
2023-11-01,3,15,9,A,4,4.0
2023-11-01,3,15,9,Days,21,21.0
2023-11-01,3,16,10,Days,33,32.4
2023-11-01,3,16,11,Days,34,33.6
2023-11-01,3,17,12,A,2,2.0
2023-11-01,3,17,12,Days,31,30.5
2023-11-01,3,17,13,A,1,1.0
2023-11-01,3,17,13,Days,22,21.7
2023-11-01,3,17,14,A,1,1.0
2023-11-01,3,17,14,Days,3,2.9
2023-11-01,3,18,15,A,1,1.0
2023-11-01,3,18,15,Days,22,21.6
2023-11-01,3,18,16,A,2,2.0
2023-11-01,3,18,16,Days,33,32.4
2023-11-01,3,18,17,A,1,1.0
2023-11-01,3,18,17,Days,8,7.9
2023-11-01,4,19,1,A,38,37.8
2023-11-01,4,19,1,B,33,32.6
2023-11-01,4,19,1,C,31,30.5
2023-11-01,4,19,1,Days,3,3.0
2023-11-01,4,19,2,A,12,11.9
2023-11-01,4,19,2,B,12,11.9
2023-11-01,4,19,2,C,9,8.8
2023-11-01,4,19,2,Days,1,1.0
2023-11-01,4,19,3,A,13,12.9
2023-11-01,4,19,3,B,18,18.0
2023-11-01,4,19,3,C,4,4.0
2023-11-01,4,19,3,Days,7,6.8
2023-11-01,4,19,4,A,3,3.0
2023-11-01,4,19,4,B,2,2.0
2023-11-01,4,19,4,C,1,1.0
2023-11-01,4,19,4,Days,1,1.0
2023-11-01,4,20,5,A,19,19.0
2023-11-01,4,20,5,B,26,25.8
2023-11-01,4,20,5,C,12,11.9
2023-11-01,4,20,5,Days,10,9.9
2023-11-01,4,20,6,A,13,13.0
2023-11-01,4,20,6,B,12,11.9
2023-11-01,4,20,6,C,15,14.8
2023-11-01,4,20,6,Days,4,4.0
2023-11-01,4,20,7,A,5,5.0
2023-11-01,4,20,7,B,4,3.9
2023-11-01,4,20,7,C,2,2.0
2023-11-01,4,21,8,A,5,5.0
2023-11-01,4,21,8,Days,39,38.4
2023-11-01,4,21,9,A,8,8.0
2023-11-01,4,21,9,Days,17,16.9
2023-11-01,4,22,10,A,1,1.0
2023-11-01,4,22,10,Days,40,39.2
2023-11-01,4,22,11,A,1,1.0
2023-11-01,4,22,11,Days,20,19.8
2023-11-01,4,23,12,Days,22,21.4
2023-11-01,4,23,13,A,2,2.0
2023-11-01,4,23,13,Days,22,21.9
2023-11-01,4,23,14,Days,7,6.9
2023-11-01,4,24,15,A,1,1.0
2023-11-01,4,24,15,Days,19,19.0
2023-11-01,4,24,16,A,2,2.0
2023-11-01,4,24,16,Days,25,24.9
2023-11-01,4,24,17,A,1,1.0
2023-11-01,4,24,17,Days,7,7.0
2023-12-01,1,1,1,A,65,64.0
2023-12-01,1,1,1,B,75,74.4
2023-12-01,1,1,1,C,57,56.6
2023-12-01,1,1,1,Days,20,19.9
2023-12-01,1,1,2,A,23,23.0
2023-12-01,1,1,2,B,30,29.4
2023-12-01,1,1,2,C,21,20.9
2023-12-01,1,1,2,Days,4,4.0
2023-12-01,1,1,3,A,25,24.5
2023-12-01,1,1,3,B,34,33.4
2023-12-01,1,1,3,C,23,22.6
2023-12-01,1,1,3,Days,10,9.9
2023-12-01,1,1,4,B,7,6.8
2023-12-01,1,1,4,C,1,1.0
2023-12-01,1,1,4,Days,1,1.0
2023-12-01,1,2,5,A,50,49.3
2023-12-01,1,2,5,B,37,37.0
2023-12-01,1,2,5,C,29,28.6
2023-12-01,1,2,5,Days,6,5.8
2023-12-01,1,2,6,A,22,21.7
2023-12-01,1,2,6,B,23,23.0
2023-12-01,1,2,6,C,11,10.8
2023-12-01,1,2,6,Days,3,3.0
2023-12-01,1,2,7,A,6,6.0
2023-12-01,1,2,7,B,4,4.0
2023-12-01,1,2,7,C,2,2.0
2023-12-01,1,2,7,Days,2,2.0
2023-12-01,1,3,8,A,10,9.8
2023-12-01,1,3,8,Days,44,43.8
2023-12-01,1,3,9,A,4,3.9
2023-12-01,1,3,9,Days,24,23.5
2023-12-01,1,4,10,A,1,1.0
2023-12-01,1,4,10,Days,38,37.3
2023-12-01,1,4,11,A,1,1.0
2023-12-01,1,4,11,Days,39,38.7
2023-12-01,1,5,12,A,1,1.0
2023-12-01,1,5,12,Days,45,44.5
2023-12-01,1,5,13,A,1,1.0
2023-12-01,1,5,13,Days,39,38.9
2023-12-01,1,5,14,A,1,1.0
2023-12-01,1,5,14,Days,6,5.8
2023-12-01,1,6,15,Days,42,41.5
2023-12-01,1,6,16,A,4,3.8
2023-12-01,1,6,16,Days,49,48.7
2023-12-01,1,6,17,Days,12,12.0
2023-12-01,2,7,1,A,43,42.7
2023-12-01,2,7,1,B,57,56.5
2023-12-01,2,7,1,C,47,46.3
2023-12-01,2,7,1,Days,11,11.0
2023-12-01,2,7,2,A,17,16.7
2023-12-01,2,7,2,B,22,21.8
2023-12-01,2,7,2,C,15,15.0
2023-12-01,2,7,2,Days,6,6.0
2023-12-01,2,7,3,A,22,21.6
2023-12-01,2,7,3,B,36,35.3
2023-12-01,2,7,3,C,20,19.6
2023-12-01,2,7,3,Days,3,2.8
2023-12-01,2,7,4,A,3,3.0
2023-12-01,2,7,4,B,2,1.8
2023-12-01,2,7,4,C,1,1.0
2023-12-01,2,8,5,A,44,43.7
2023-12-01,2,8,5,B,32,31.7
2023-12-01,2,8,5,C,27,26.7
2023-12-01,2,8,5,Days,9,9.0
2023-12-01,2,8,6,A,21,20.5
2023-12-01,2,8,6,B,13,13.0
2023-12-01,2,8,6,C,15,15.0
2023-12-01,2,8,6,Days,3,3.0
2023-12-01,2,8,7,A,7,7.0
2023-12-01,2,8,7,B,4,4.0
2023-12-01,2,8,7,C,3,3.0
2023-12-01,2,9,8,A,12,12.0
2023-12-01,2,9,8,Days,57,56.5
2023-12-01,2,9,9,A,13,13.0
2023-12-01,2,9,9,Days,31,31.0
2023-12-01,2,10,10,Days,44,43.6
2023-12-01,2,10,11,A,2,2.0
2023-12-01,2,10,11,Days,29,28.7
2023-12-01,2,11,12,A,1,1.0
2023-12-01,2,11,12,Days,34,33.2
2023-12-01,2,11,13,Days,30,29.0
2023-12-01,2,11,14,Days,9,8.7
2023-12-01,2,12,15,A,1,1.0
2023-12-01,2,12,15,Days,46,45.5
2023-12-01,2,12,16,Days,37,36.5
2023-12-01,2,12,17,A,1,0.9
2023-12-01,2,12,17,Days,12,12.0
2023-12-01,3,13,1,A,72,70.9
2023-12-01,3,13,1,B,80,79.2
2023-12-01,3,13,1,C,56,55.5
2023-12-01,3,13,1,Days,20,19.8
2023-12-01,3,13,2,A,31,30.4
2023-12-01,3,13,2,B,24,23.5
2023-12-01,3,13,2,C,16,15.9
2023-12-01,3,13,2,Days,6,6.0
2023-12-01,3,13,3,A,31,30.8
2023-12-01,3,13,3,B,27,26.7
2023-12-01,3,13,3,C,17,16.7
2023-12-01,3,13,3,Days,8,8.0
2023-12-01,3,13,4,A,4,4.0
2023-12-01,3,13,4,B,6,6.0
2023-12-01,3,13,4,C,3,3.0
2023-12-01,3,14,5,A,39,38.5
2023-12-01,3,14,5,B,40,39.6
2023-12-01,3,14,5,C,24,23.8
2023-12-01,3,14,5,Days,11,11.0
2023-12-01,3,14,6,A,26,25.5
2023-12-01,3,14,6,B,19,18.7
2023-12-01,3,14,6,C,16,15.9
2023-12-01,3,14,6,Days,8,7.9
2023-12-01,3,14,7,A,8,8.0
2023-12-01,3,14,7,B,6,5.8
2023-12-01,3,14,7,C,6,6.0
2023-12-01,3,15,8,A,9,8.7
2023-12-01,3,15,8,Days,45,44.6
2023-12-01,3,15,9,A,4,4.0
2023-12-01,3,15,9,Days,22,22.0
2023-12-01,3,16,10,Days,32,31.4
2023-12-01,3,16,11,Days,34,33.6
2023-12-01,3,17,12,A,2,2.0
2023-12-01,3,17,12,Days,31,30.5
2023-12-01,3,17,13,A,1,1.0
2023-12-01,3,17,13,Days,23,22.7
2023-12-01,3,17,14,A,1,1.0
2023-12-01,3,17,14,Days,3,2.9
2023-12-01,3,18,15,A,1,1.0
2023-12-01,3,18,15,Days,22,21.6
2023-12-01,3,18,16,A,2,2.0
2023-12-01,3,18,16,Days,33,32.4
2023-12-01,3,18,17,A,1,1.0
2023-12-01,3,18,17,Days,8,7.9
2023-12-01,4,19,1,A,38,37.8
2023-12-01,4,19,1,B,32,31.8
2023-12-01,4,19,1,C,30,29.5
2023-12-01,4,19,1,Days,3,3.0
2023-12-01,4,19,2,A,12,11.9
2023-12-01,4,19,2,B,12,11.9
2023-12-01,4,19,2,C,9,8.8
2023-12-01,4,19,2,Days,1,1.0
2023-12-01,4,19,3,A,12,11.9
2023-12-01,4,19,3,B,18,18.0
2023-12-01,4,19,3,C,4,4.0
2023-12-01,4,19,3,Days,7,6.8
2023-12-01,4,19,4,A,3,3.0
2023-12-01,4,19,4,B,2,2.0
2023-12-01,4,19,4,C,1,1.0
2023-12-01,4,19,4,Days,1,1.0
2023-12-01,4,20,5,A,19,19.0
2023-12-01,4,20,5,B,26,25.8
2023-12-01,4,20,5,C,11,10.9
2023-12-01,4,20,5,Days,10,9.9
2023-12-01,4,20,6,A,13,13.0
2023-12-01,4,20,6,B,12,11.9
2023-12-01,4,20,6,C,15,14.8
2023-12-01,4,20,6,Days,4,4.0
2023-12-01,4,20,7,A,5,5.0
2023-12-01,4,20,7,B,4,3.9
2023-12-01,4,20,7,C,2,2.0
2023-12-01,4,21,8,A,5,5.0
2023-12-01,4,21,8,Days,39,38.4
2023-12-01,4,21,9,A,8,8.0
2023-12-01,4,21,9,Days,17,16.9
2023-12-01,4,22,10,A,1,1.0
2023-12-01,4,22,10,Days,40,39.2
2023-12-01,4,22,11,A,1,1.0
2023-12-01,4,22,11,Days,19,18.8
2023-12-01,4,23,12,Days,22,21.4
2023-12-01,4,23,13,A,2,2.0
2023-12-01,4,23,13,Days,22,21.9
2023-12-01,4,23,14,Days,7,6.9
2023-12-01,4,24,15,A,1,1.0
2023-12-01,4,24,15,Days,18,18.0
2023-12-01,4,24,16,A,2,2.0
2023-12-01,4,24,16,Days,25,24.9
2023-12-01,4,24,17,A,1,1.0
2023-12-01,4,24,17,Days,7,7.0
2024-01-01,1,1,1,A,64,63.0
2024-01-01,1,1,1,B,73,72.4
2024-01-01,1,1,1,C,57,56.6
2024-01-01,1,1,1,Days,20,19.9
2024-01-01,1,1,2,A,23,23.0
2024-01-01,1,1,2,B,30,29.4
2024-01-01,1,1,2,C,20,19.9
2024-01-01,1,1,2,Days,4,4.0
2024-01-01,1,1,3,A,24,23.5
2024-01-01,1,1,3,B,34,33.4
2024-01-01,1,1,3,C,23,22.6
2024-01-01,1,1,3,Days,10,9.9
2024-01-01,1,1,4,B,7,6.8
2024-01-01,1,1,4,C,1,1.0
2024-01-01,1,1,4,Days,1,1.0
2024-01-01,1,2,5,A,49,48.3
2024-01-01,1,2,5,B,37,37.0
2024-01-01,1,2,5,C,29,28.6
2024-01-01,1,2,5,Days,6,5.8
2024-01-01,1,2,6,A,22,21.7
2024-01-01,1,2,6,B,23,23.0
2024-01-01,1,2,6,C,11,10.8
2024-01-01,1,2,6,Days,3,3.0
2024-01-01,1,2,7,A,6,6.0
2024-01-01,1,2,7,B,4,4.0
2024-01-01,1,2,7,C,2,2.0
2024-01-01,1,2,7,Days,2,2.0
2024-01-01,1,3,8,A,10,9.8
2024-01-01,1,3,8,Days,44,43.8
2024-01-01,1,3,9,A,4,3.9
2024-01-01,1,3,9,Days,23,22.5
2024-01-01,1,4,10,A,1,1.0
2024-01-01,1,4,10,Days,38,37.3
2024-01-01,1,4,11,A,1,1.0
2024-01-01,1,4,11,Days,39,38.7
2024-01-01,1,5,12,A,1,1.0
2024-01-01,1,5,12,Days,45,44.5
2024-01-01,1,5,13,A,1,1.0
2024-01-01,1,5,13,Days,37,36.9
2024-01-01,1,5,14,A,1,1.0
2024-01-01,1,5,14,Days,6,5.8
2024-01-01,1,6,15,Days,42,41.5
2024-01-01,1,6,16,A,4,3.8
2024-01-01,1,6,16,Days,48,47.7
2024-01-01,1,6,17,Days,12,12.0
2024-01-01,2,7,1,A,42,41.7
2024-01-01,2,7,1,B,56,55.5
2024-01-01,2,7,1,C,47,46.3
2024-01-01,2,7,1,Days,11,11.0
2024-01-01,2,7,2,A,16,15.7
2024-01-01,2,7,2,B,22,21.8
2024-01-01,2,7,2,C,15,15.0
2024-01-01,2,7,2,Days,6,6.0
2024-01-01,2,7,3,A,21,20.6
2024-01-01,2,7,3,B,36,35.3
2024-01-01,2,7,3,C,19,18.6
2024-01-01,2,7,3,Days,3,2.8
2024-01-01,2,7,4,A,2,2.0
2024-01-01,2,7,4,B,2,1.8
2024-01-01,2,7,4,C,1,1.0
2024-01-01,2,8,5,A,44,43.7
2024-01-01,2,8,5,B,32,31.7
2024-01-01,2,8,5,C,27,26.7
2024-01-01,2,8,5,Days,8,8.0
2024-01-01,2,8,6,A,21,20.5
2024-01-01,2,8,6,B,12,12.0
2024-01-01,2,8,6,C,15,15.0
2024-01-01,2,8,6,Days,3,3.0
2024-01-01,2,8,7,A,7,7.0
2024-01-01,2,8,7,B,4,4.0
2024-01-01,2,8,7,C,3,3.0
2024-01-01,2,9,8,A,12,12.0
2024-01-01,2,9,8,Days,56,55.5
2024-01-01,2,9,9,A,13,13.0
2024-01-01,2,9,9,Days,29,29.0
2024-01-01,2,10,10,Days,44,43.6
2024-01-01,2,10,11,A,2,2.0
2024-01-01,2,10,11,Days,29,28.7
2024-01-01,2,11,12,A,1,1.0
2024-01-01,2,11,12,Days,34,33.2
2024-01-01,2,11,13,Days,30,29.0
2024-01-01,2,11,14,Days,9,8.7
2024-01-01,2,12,15,A,1,1.0
2024-01-01,2,12,15,Days,46,45.5
2024-01-01,2,12,16,Days,37,36.5
2024-01-01,2,12,17,A,1,0.9
2024-01-01,2,12,17,Days,12,12.0
2024-01-01,3,13,1,A,70,69.1
2024-01-01,3,13,1,B,78,77.2
2024-01-01,3,13,1,C,55,54.5
2024-01-01,3,13,1,Days,20,19.8
2024-01-01,3,13,2,A,31,30.4
2024-01-01,3,13,2,B,23,22.7
2024-01-01,3,13,2,C,16,15.9
2024-01-01,3,13,2,Days,6,6.0
2024-01-01,3,13,3,A,30,29.8
2024-01-01,3,13,3,B,26,25.7
2024-01-01,3,13,3,C,17,16.7
2024-01-01,3,13,3,Days,8,8.0
2024-01-01,3,13,4,A,4,4.0
2024-01-01,3,13,4,B,6,6.0
2024-01-01,3,13,4,C,3,3.0
2024-01-01,3,14,5,A,38,37.6
2024-01-01,3,14,5,B,39,38.6
2024-01-01,3,14,5,C,24,23.8
2024-01-01,3,14,5,Days,11,11.0
2024-01-01,3,14,6,A,26,25.5
2024-01-01,3,14,6,B,18,17.7
2024-01-01,3,14,6,C,16,15.9
2024-01-01,3,14,6,Days,7,6.9
2024-01-01,3,14,7,A,8,8.0
2024-01-01,3,14,7,B,6,5.8
2024-01-01,3,14,7,C,6,6.0
2024-01-01,3,15,8,A,9,8.7
2024-01-01,3,15,8,Days,45,44.6
2024-01-01,3,15,9,A,4,4.0
2024-01-01,3,15,9,Days,21,21.0
2024-01-01,3,16,10,Days,31,30.4
2024-01-01,3,16,11,Days,33,32.6
2024-01-01,3,17,12,A,2,2.0
2024-01-01,3,17,12,Days,30,29.5
2024-01-01,3,17,13,A,1,1.0
2024-01-01,3,17,13,Days,22,21.7
2024-01-01,3,17,14,A,1,1.0
2024-01-01,3,17,14,Days,3,2.9
2024-01-01,3,18,15,A,1,1.0
2024-01-01,3,18,15,Days,21,20.6
2024-01-01,3,18,16,A,2,2.0
2024-01-01,3,18,16,Days,33,32.4
2024-01-01,3,18,17,A,1,1.0
2024-01-01,3,18,17,Days,8,7.9
2024-01-01,4,19,1,A,38,37.8
2024-01-01,4,19,1,B,31,30.8
2024-01-01,4,19,1,C,30,29.5
2024-01-01,4,19,1,Days,3,3.0
2024-01-01,4,19,2,A,12,11.9
2024-01-01,4,19,2,B,12,11.9
2024-01-01,4,19,2,C,9,8.8
2024-01-01,4,19,2,Days,1,1.0
2024-01-01,4,19,3,A,12,11.9
2024-01-01,4,19,3,B,18,18.0
2024-01-01,4,19,3,C,4,4.0
2024-01-01,4,19,3,Days,7,6.8
2024-01-01,4,19,4,A,3,3.0
2024-01-01,4,19,4,B,2,2.0
2024-01-01,4,19,4,C,1,1.0
2024-01-01,4,19,4,Days,1,1.0
2024-01-01,4,20,5,A,19,19.0
2024-01-01,4,20,5,B,25,24.8
2024-01-01,4,20,5,C,10,9.9
2024-01-01,4,20,5,Days,10,9.9
2024-01-01,4,20,6,A,13,13.0
2024-01-01,4,20,6,B,12,11.9
2024-01-01,4,20,6,C,15,14.8
2024-01-01,4,20,6,Days,4,4.0
2024-01-01,4,20,7,A,5,5.0
2024-01-01,4,20,7,B,4,3.9
2024-01-01,4,20,7,C,2,2.0
2024-01-01,4,21,8,A,5,5.0
2024-01-01,4,21,8,Days,38,37.4
2024-01-01,4,21,9,A,8,8.0
2024-01-01,4,21,9,Days,17,16.9
2024-01-01,4,22,10,A,1,1.0
2024-01-01,4,22,10,Days,40,39.2
2024-01-01,4,22,11,A,1,1.0
2024-01-01,4,22,11,Days,19,18.8
2024-01-01,4,23,12,Days,22,21.4
2024-01-01,4,23,13,A,2,2.0
2024-01-01,4,23,13,Days,22,21.9
2024-01-01,4,23,14,Days,7,6.9
2024-01-01,4,24,15,A,1,1.0
2024-01-01,4,24,15,Days,18,18.0
2024-01-01,4,24,16,A,2,2.0
2024-01-01,4,24,16,Days,25,24.9
2024-01-01,4,24,17,A,1,1.0
2024-01-01,4,24,17,Days,7,7.0
2024-02-01,1,1,1,A,63,62.1
2024-02-01,1,1,1,B,72,71.4
2024-02-01,1,1,1,C,57,56.6
2024-02-01,1,1,1,Days,20,19.9
2024-02-01,1,1,2,A,22,22.0
2024-02-01,1,1,2,B,29,28.4
2024-02-01,1,1,2,C,20,19.9
2024-02-01,1,1,2,Days,4,4.0
2024-02-01,1,1,3,A,23,22.7
2024-02-01,1,1,3,B,34,33.4
2024-02-01,1,1,3,C,23,22.6
2024-02-01,1,1,3,Days,10,9.9
2024-02-01,1,1,4,B,7,6.8
2024-02-01,1,1,4,C,1,1.0
2024-02-01,1,1,4,Days,1,1.0
2024-02-01,1,2,5,A,49,48.3
2024-02-01,1,2,5,B,37,37.0
2024-02-01,1,2,5,C,29,28.6
2024-02-01,1,2,5,Days,6,5.8
2024-02-01,1,2,6,A,20,19.9
2024-02-01,1,2,6,B,23,23.0
2024-02-01,1,2,6,C,11,10.8
2024-02-01,1,2,6,Days,3,3.0
2024-02-01,1,2,7,A,6,6.0
2024-02-01,1,2,7,B,4,4.0
2024-02-01,1,2,7,C,2,2.0
2024-02-01,1,2,7,Days,2,2.0
2024-02-01,1,3,8,A,10,9.8
2024-02-01,1,3,8,Days,44,43.8
2024-02-01,1,3,9,A,4,3.9
2024-02-01,1,3,9,Days,23,22.5
2024-02-01,1,4,10,A,1,1.0
2024-02-01,1,4,10,Days,38,37.3
2024-02-01,1,4,11,A,1,1.0
2024-02-01,1,4,11,Days,39,38.7
2024-02-01,1,5,12,A,1,1.0
2024-02-01,1,5,12,Days,45,44.5
2024-02-01,1,5,13,A,1,1.0
2024-02-01,1,5,13,Days,37,36.9
2024-02-01,1,5,14,A,1,1.0
2024-02-01,1,5,14,Days,6,5.8
2024-02-01,1,6,15,Days,42,41.5
2024-02-01,1,6,16,A,4,3.8
2024-02-01,1,6,16,Days,47,46.7
2024-02-01,1,6,17,Days,12,12.0
2024-02-01,2,7,1,A,41,40.7
2024-02-01,2,7,1,B,54,53.5
2024-02-01,2,7,1,C,46,45.5
2024-02-01,2,7,1,Days,11,11.0
2024-02-01,2,7,2,A,16,15.7
2024-02-01,2,7,2,B,22,21.8
2024-02-01,2,7,2,C,15,15.0
2024-02-01,2,7,2,Days,6,6.0
2024-02-01,2,7,3,A,21,20.6
2024-02-01,2,7,3,B,36,35.3
2024-02-01,2,7,3,C,19,18.6
2024-02-01,2,7,3,Days,3,2.8
2024-02-01,2,7,4,A,2,2.0
2024-02-01,2,7,4,B,2,1.8
2024-02-01,2,7,4,C,1,1.0
2024-02-01,2,8,5,A,44,43.7
2024-02-01,2,8,5,B,31,30.7
2024-02-01,2,8,5,C,27,26.7
2024-02-01,2,8,5,Days,8,8.0
2024-02-01,2,8,6,A,21,20.5
2024-02-01,2,8,6,B,12,12.0
2024-02-01,2,8,6,C,15,15.0
2024-02-01,2,8,6,Days,3,3.0
2024-02-01,2,8,7,A,7,7.0
2024-02-01,2,8,7,B,4,4.0
2024-02-01,2,8,7,C,3,3.0
2024-02-01,2,9,8,A,12,12.0
2024-02-01,2,9,8,Days,56,55.5
2024-02-01,2,9,9,A,13,13.0
2024-02-01,2,9,9,Days,29,29.0
2024-02-01,2,10,10,Days,44,43.6
2024-02-01,2,10,11,A,2,2.0
2024-02-01,2,10,11,Days,29,28.7
2024-02-01,2,11,12,A,1,1.0
2024-02-01,2,11,12,Days,34,33.2
2024-02-01,2,11,13,Days,30,29.0
2024-02-01,2,11,14,Days,9,8.7
2024-02-01,2,12,15,A,1,1.0
2024-02-01,2,12,15,Days,46,45.5
2024-02-01,2,12,16,Days,36,35.5
2024-02-01,2,12,17,A,1,0.9
2024-02-01,2,12,17,Days,12,12.0
2024-02-01,3,13,1,A,69,68.1
2024-02-01,3,13,1,B,75,74.2
2024-02-01,3,13,1,C,54,53.5
2024-02-01,3,13,1,Days,20,19.8
2024-02-01,3,13,2,A,31,30.4
2024-02-01,3,13,2,B,23,22.7
2024-02-01,3,13,2,C,16,15.9
2024-02-01,3,13,2,Days,5,5.0
2024-02-01,3,13,3,A,30,29.8
2024-02-01,3,13,3,B,26,25.7
2024-02-01,3,13,3,C,16,15.7
2024-02-01,3,13,3,Days,8,8.0
2024-02-01,3,13,4,A,4,4.0
2024-02-01,3,13,4,B,6,6.0
2024-02-01,3,13,4,C,3,3.0
2024-02-01,3,14,5,A,37,36.6
2024-02-01,3,14,5,B,39,38.6
2024-02-01,3,14,5,C,23,22.8
2024-02-01,3,14,5,Days,11,11.0
2024-02-01,3,14,6,A,26,25.5
2024-02-01,3,14,6,B,17,16.7
2024-02-01,3,14,6,C,16,15.9
2024-02-01,3,14,6,Days,6,5.9
2024-02-01,3,14,7,A,8,8.0
2024-02-01,3,14,7,B,6,5.8
2024-02-01,3,14,7,C,6,6.0
2024-02-01,3,15,8,A,9,8.7
2024-02-01,3,15,8,Days,43,42.7
2024-02-01,3,15,9,A,4,4.0
2024-02-01,3,15,9,Days,21,21.0
2024-02-01,3,16,10,Days,31,30.4
2024-02-01,3,16,11,Days,33,32.6
2024-02-01,3,17,12,A,2,2.0
2024-02-01,3,17,12,Days,30,29.5
2024-02-01,3,17,13,A,1,1.0
2024-02-01,3,17,13,Days,21,20.7
2024-02-01,3,17,14,A,1,1.0
2024-02-01,3,17,14,Days,2,2.0
2024-02-01,3,18,15,A,1,1.0
2024-02-01,3,18,15,Days,20,19.6
2024-02-01,3,18,16,A,2,2.0
2024-02-01,3,18,16,Days,33,32.4
2024-02-01,3,18,17,A,1,1.0
2024-02-01,3,18,17,Days,8,7.9
2024-02-01,4,19,1,A,37,36.8
2024-02-01,4,19,1,B,31,30.8
2024-02-01,4,19,1,C,30,29.5
2024-02-01,4,19,1,Days,3,3.0
2024-02-01,4,19,2,A,11,10.9
2024-02-01,4,19,2,B,12,11.9
2024-02-01,4,19,2,C,8,7.9
2024-02-01,4,19,2,Days,1,1.0
2024-02-01,4,19,3,A,12,11.9
2024-02-01,4,19,3,B,18,18.0
2024-02-01,4,19,3,C,4,4.0
2024-02-01,4,19,3,Days,7,6.8
2024-02-01,4,19,4,A,3,3.0
2024-02-01,4,19,4,B,2,2.0
2024-02-01,4,19,4,C,1,1.0
2024-02-01,4,19,4,Days,1,1.0
2024-02-01,4,20,5,A,18,18.0
2024-02-01,4,20,5,B,25,24.8
2024-02-01,4,20,5,C,10,9.9
2024-02-01,4,20,5,Days,10,9.9
2024-02-01,4,20,6,A,13,13.0
2024-02-01,4,20,6,B,12,11.9
2024-02-01,4,20,6,C,15,14.8
2024-02-01,4,20,6,Days,4,4.0
2024-02-01,4,20,7,A,5,5.0
2024-02-01,4,20,7,B,4,3.9
2024-02-01,4,20,7,C,2,2.0
2024-02-01,4,21,8,A,5,5.0
2024-02-01,4,21,8,Days,38,37.4
2024-02-01,4,21,9,A,8,8.0
2024-02-01,4,21,9,Days,17,16.9
2024-02-01,4,22,10,A,1,1.0
2024-02-01,4,22,10,Days,39,38.2
2024-02-01,4,22,11,A,1,1.0
2024-02-01,4,22,11,Days,19,18.8
2024-02-01,4,23,12,Days,22,21.4
2024-02-01,4,23,13,A,2,2.0
2024-02-01,4,23,13,Days,22,21.9
2024-02-01,4,23,14,Days,7,6.9
2024-02-01,4,24,15,A,1,1.0
2024-02-01,4,24,15,Days,18,18.0
2024-02-01,4,24,16,A,2,2.0
2024-02-01,4,24,16,Days,24,23.9
2024-02-01,4,24,17,A,1,1.0
2024-02-01,4,24,17,Days,7,7.0
2024-03-01,1,1,1,A,63,62.1
2024-03-01,1,1,1,B,72,71.4
2024-03-01,1,1,1,C,56,55.6
2024-03-01,1,1,1,Days,20,19.9
2024-03-01,1,1,2,A,22,22.0
2024-03-01,1,1,2,B,29,28.4
2024-03-01,1,1,2,C,20,19.9
2024-03-01,1,1,2,Days,4,4.0
2024-03-01,1,1,3,A,23,22.7
2024-03-01,1,1,3,B,33,32.4
2024-03-01,1,1,3,C,23,22.6
2024-03-01,1,1,3,Days,10,9.9
2024-03-01,1,1,4,B,7,6.8
2024-03-01,1,1,4,C,1,1.0
2024-03-01,1,1,4,Days,1,1.0
2024-03-01,1,2,5,A,49,48.3
2024-03-01,1,2,5,B,37,37.0
2024-03-01,1,2,5,C,29,28.6
2024-03-01,1,2,5,Days,6,5.8
2024-03-01,1,2,6,A,18,17.9
2024-03-01,1,2,6,B,22,22.0
2024-03-01,1,2,6,C,11,10.8
2024-03-01,1,2,6,Days,3,3.0
2024-03-01,1,2,7,A,6,6.0
2024-03-01,1,2,7,B,3,3.0
2024-03-01,1,2,7,C,2,2.0
2024-03-01,1,2,7,Days,2,2.0
2024-03-01,1,3,8,A,10,9.8
2024-03-01,1,3,8,Days,44,43.8
2024-03-01,1,3,9,A,4,3.9
2024-03-01,1,3,9,Days,23,22.5
2024-03-01,1,4,10,A,1,1.0
2024-03-01,1,4,10,Days,38,37.3
2024-03-01,1,4,11,A,1,1.0
2024-03-01,1,4,11,Days,39,38.7
2024-03-01,1,5,12,A,1,1.0
2024-03-01,1,5,12,Days,45,44.5
2024-03-01,1,5,13,A,1,1.0
2024-03-01,1,5,13,Days,36,35.9
2024-03-01,1,5,14,A,1,1.0
2024-03-01,1,5,14,Days,6,5.8
2024-03-01,1,6,15,Days,42,41.5
2024-03-01,1,6,16,A,4,3.8
2024-03-01,1,6,16,Days,47,46.7
2024-03-01,1,6,17,Days,12,12.0
2024-03-01,2,7,1,A,41,40.7
2024-03-01,2,7,1,B,52,51.5
2024-03-01,2,7,1,C,46,45.5
2024-03-01,2,7,1,Days,11,11.0
2024-03-01,2,7,2,A,16,15.7
2024-03-01,2,7,2,B,22,21.8
2024-03-01,2,7,2,C,15,15.0
2024-03-01,2,7,2,Days,6,6.0
2024-03-01,2,7,3,A,21,20.6
2024-03-01,2,7,3,B,36,35.3
2024-03-01,2,7,3,C,19,18.6
2024-03-01,2,7,3,Days,3,2.8
2024-03-01,2,7,4,A,2,2.0
2024-03-01,2,7,4,B,2,1.8
2024-03-01,2,7,4,C,1,1.0
2024-03-01,2,8,5,A,43,42.7
2024-03-01,2,8,5,B,31,30.7
2024-03-01,2,8,5,C,26,25.7
2024-03-01,2,8,5,Days,8,8.0
2024-03-01,2,8,6,A,20,19.5
2024-03-01,2,8,6,B,12,12.0
2024-03-01,2,8,6,C,14,14.0
2024-03-01,2,8,6,Days,3,3.0
2024-03-01,2,8,7,A,7,7.0
2024-03-01,2,8,7,B,4,4.0
2024-03-01,2,8,7,C,3,3.0
2024-03-01,2,9,8,A,12,12.0
2024-03-01,2,9,8,Days,54,53.5
2024-03-01,2,9,9,A,13,13.0
2024-03-01,2,9,9,Days,29,29.0
2024-03-01,2,10,10,Days,44,43.6
2024-03-01,2,10,11,A,2,2.0
2024-03-01,2,10,11,Days,29,28.7
2024-03-01,2,11,12,A,1,1.0
2024-03-01,2,11,12,Days,34,33.2
2024-03-01,2,11,13,Days,30,29.0
2024-03-01,2,11,14,Days,9,8.7
2024-03-01,2,12,15,A,1,1.0
2024-03-01,2,12,15,Days,46,45.5
2024-03-01,2,12,16,Days,35,34.5
2024-03-01,2,12,17,A,1,0.9
2024-03-01,2,12,17,Days,12,12.0
2024-03-01,3,13,1,A,67,66.1
2024-03-01,3,13,1,B,75,74.2
2024-03-01,3,13,1,C,53,52.5
2024-03-01,3,13,1,Days,19,18.8
2024-03-01,3,13,2,A,31,30.4
2024-03-01,3,13,2,B,23,22.7
2024-03-01,3,13,2,C,16,15.9
2024-03-01,3,13,2,Days,5,5.0
2024-03-01,3,13,3,A,29,28.8
2024-03-01,3,13,3,B,25,24.7
2024-03-01,3,13,3,C,16,15.7
2024-03-01,3,13,3,Days,7,7.0
2024-03-01,3,13,4,A,4,4.0
2024-03-01,3,13,4,B,6,6.0
2024-03-01,3,13,4,C,3,3.0
2024-03-01,3,14,5,A,37,36.6
2024-03-01,3,14,5,B,39,38.6
2024-03-01,3,14,5,C,23,22.8
2024-03-01,3,14,5,Days,11,11.0
2024-03-01,3,14,6,A,26,25.5
2024-03-01,3,14,6,B,17,16.7
2024-03-01,3,14,6,C,16,15.9
2024-03-01,3,14,6,Days,6,5.9
2024-03-01,3,14,7,A,8,8.0
2024-03-01,3,14,7,B,6,5.8
2024-03-01,3,14,7,C,6,6.0
2024-03-01,3,15,8,A,9,8.7
2024-03-01,3,15,8,Days,42,41.7
2024-03-01,3,15,9,A,4,4.0
2024-03-01,3,15,9,Days,21,21.0
2024-03-01,3,16,10,Days,31,30.4
2024-03-01,3,16,11,Days,33,32.6
2024-03-01,3,17,12,A,2,2.0
2024-03-01,3,17,12,Days,30,29.5
2024-03-01,3,17,13,A,1,1.0
2024-03-01,3,17,13,Days,20,19.7
2024-03-01,3,17,14,A,1,1.0
2024-03-01,3,17,14,Days,2,2.0
2024-03-01,3,18,15,A,1,1.0
2024-03-01,3,18,15,Days,20,19.6
2024-03-01,3,18,16,A,2,2.0
2024-03-01,3,18,16,Days,33,32.4
2024-03-01,3,18,17,A,1,1.0
2024-03-01,3,18,17,Days,7,6.9
2024-03-01,4,19,1,A,36,35.8
2024-03-01,4,19,1,B,31,30.8
2024-03-01,4,19,1,C,30,29.5
2024-03-01,4,19,1,Days,2,2.0
2024-03-01,4,19,2,A,11,10.9
2024-03-01,4,19,2,B,12,11.9
2024-03-01,4,19,2,C,8,7.9
2024-03-01,4,19,2,Days,1,1.0
2024-03-01,4,19,3,A,12,11.9
2024-03-01,4,19,3,B,18,18.0
2024-03-01,4,19,3,C,4,4.0
2024-03-01,4,19,3,Days,7,6.8
2024-03-01,4,19,4,A,3,3.0
2024-03-01,4,19,4,B,2,2.0
2024-03-01,4,19,4,C,1,1.0
2024-03-01,4,19,4,Days,1,1.0
2024-03-01,4,20,5,A,18,18.0
2024-03-01,4,20,5,B,25,24.8
2024-03-01,4,20,5,C,9,8.9
2024-03-01,4,20,5,Days,10,9.9
2024-03-01,4,20,6,A,13,13.0
2024-03-01,4,20,6,B,12,11.9
2024-03-01,4,20,6,C,13,12.8
2024-03-01,4,20,6,Days,4,4.0
2024-03-01,4,20,7,A,5,5.0
2024-03-01,4,20,7,B,4,3.9
2024-03-01,4,20,7,C,2,2.0
2024-03-01,4,21,8,A,5,5.0
2024-03-01,4,21,8,Days,38,37.4
2024-03-01,4,21,9,A,8,8.0
2024-03-01,4,21,9,Days,17,16.9
2024-03-01,4,22,10,A,1,1.0
2024-03-01,4,22,10,Days,38,37.2
2024-03-01,4,22,11,A,1,1.0
2024-03-01,4,22,11,Days,19,18.8
2024-03-01,4,23,12,Days,21,20.4
2024-03-01,4,23,13,A,2,2.0
2024-03-01,4,23,13,Days,21,20.9
2024-03-01,4,23,14,Days,7,6.9
2024-03-01,4,24,15,A,1,1.0
2024-03-01,4,24,15,Days,18,18.0
2024-03-01,4,24,16,A,2,2.0
2024-03-01,4,24,16,Days,23,22.9
2024-03-01,4,24,17,A,1,1.0
2024-03-01,4,24,17,Days,7,7.0
2024-04-01,1,1,1,A,63,62.1
2024-04-01,1,1,1,B,72,71.4
2024-04-01,1,1,1,C,55,54.6
2024-04-01,1,1,1,Days,20,19.9
2024-04-01,1,1,2,A,22,22.0
2024-04-01,1,1,2,B,29,28.4
2024-04-01,1,1,2,C,20,19.9
2024-04-01,1,1,2,Days,4,4.0
2024-04-01,1,1,3,A,23,22.7
2024-04-01,1,1,3,B,33,32.4
2024-04-01,1,1,3,C,23,22.6
2024-04-01,1,1,3,Days,10,9.9
2024-04-01,1,1,4,B,7,6.8
2024-04-01,1,1,4,C,1,1.0
2024-04-01,1,1,4,Days,1,1.0
2024-04-01,1,2,5,A,49,48.3
2024-04-01,1,2,5,B,37,37.0
2024-04-01,1,2,5,C,28,27.6
2024-04-01,1,2,5,Days,6,5.8
2024-04-01,1,2,6,A,18,17.9
2024-04-01,1,2,6,B,22,22.0
2024-04-01,1,2,6,C,11,10.8
2024-04-01,1,2,6,Days,3,3.0
2024-04-01,1,2,7,A,6,6.0
2024-04-01,1,2,7,B,3,3.0
2024-04-01,1,2,7,C,2,2.0
2024-04-01,1,2,7,Days,2,2.0
2024-04-01,1,3,8,A,10,9.8
2024-04-01,1,3,8,Days,44,43.8
2024-04-01,1,3,9,A,4,3.9
2024-04-01,1,3,9,Days,23,22.5
2024-04-01,1,4,10,A,1,1.0
2024-04-01,1,4,10,Days,38,37.3
2024-04-01,1,4,11,A,1,1.0
2024-04-01,1,4,11,Days,39,38.7
2024-04-01,1,5,12,A,1,1.0
2024-04-01,1,5,12,Days,45,44.5
2024-04-01,1,5,13,A,1,1.0
2024-04-01,1,5,13,Days,36,35.9
2024-04-01,1,5,14,A,1,1.0
2024-04-01,1,5,14,Days,6,5.8
2024-04-01,1,6,15,Days,42,41.5
2024-04-01,1,6,16,A,4,3.8
2024-04-01,1,6,16,Days,47,46.7
2024-04-01,1,6,17,Days,12,12.0
2024-04-01,2,7,1,A,41,40.7
2024-04-01,2,7,1,B,52,51.5
2024-04-01,2,7,1,C,45,44.5
2024-04-01,2,7,1,Days,11,11.0
2024-04-01,2,7,2,A,16,15.7
2024-04-01,2,7,2,B,22,21.8
2024-04-01,2,7,2,C,15,15.0
2024-04-01,2,7,2,Days,6,6.0
2024-04-01,2,7,3,A,21,20.6
2024-04-01,2,7,3,B,34,33.3
2024-04-01,2,7,3,C,17,16.7
2024-04-01,2,7,3,Days,3,2.8
2024-04-01,2,7,4,A,2,2.0
2024-04-01,2,7,4,B,2,1.8
2024-04-01,2,7,4,C,1,1.0
2024-04-01,2,8,5,A,41,40.7
2024-04-01,2,8,5,B,29,28.7
2024-04-01,2,8,5,C,26,25.7
2024-04-01,2,8,5,Days,7,7.0
2024-04-01,2,8,6,A,20,19.5
2024-04-01,2,8,6,B,12,12.0
2024-04-01,2,8,6,C,14,14.0
2024-04-01,2,8,6,Days,3,3.0
2024-04-01,2,8,7,A,7,7.0
2024-04-01,2,8,7,B,4,4.0
2024-04-01,2,8,7,C,3,3.0
2024-04-01,2,9,8,A,12,12.0
2024-04-01,2,9,8,Days,53,52.5
2024-04-01,2,9,9,A,12,12.0
2024-04-01,2,9,9,Days,28,28.0
2024-04-01,2,10,10,Days,42,41.6
2024-04-01,2,10,11,A,2,2.0
2024-04-01,2,10,11,Days,29,28.7
2024-04-01,2,11,12,A,1,1.0
2024-04-01,2,11,12,Days,34,33.2
2024-04-01,2,11,13,Days,30,29.0
2024-04-01,2,11,14,Days,9,8.7
2024-04-01,2,12,15,A,1,1.0
2024-04-01,2,12,15,Days,45,44.5
2024-04-01,2,12,16,Days,34,33.5
2024-04-01,2,12,17,A,1,0.9
2024-04-01,2,12,17,Days,12,12.0
2024-04-01,3,13,1,A,67,66.1
2024-04-01,3,13,1,B,74,73.2
2024-04-01,3,13,1,C,53,52.5
2024-04-01,3,13,1,Days,18,17.8
2024-04-01,3,13,2,A,31,30.4
2024-04-01,3,13,2,B,23,22.7
2024-04-01,3,13,2,C,16,15.9
2024-04-01,3,13,2,Days,5,5.0
2024-04-01,3,13,3,A,28,28.0
2024-04-01,3,13,3,B,25,24.7
2024-04-01,3,13,3,C,15,14.8
2024-04-01,3,13,3,Days,7,7.0
2024-04-01,3,13,4,A,4,4.0
2024-04-01,3,13,4,B,6,6.0
2024-04-01,3,13,4,C,3,3.0
2024-04-01,3,14,5,A,36,35.6
2024-04-01,3,14,5,B,39,38.6
2024-04-01,3,14,5,C,23,22.8
2024-04-01,3,14,5,Days,11,11.0
2024-04-01,3,14,6,A,24,23.7
2024-04-01,3,14,6,B,17,16.7
2024-04-01,3,14,6,C,14,13.9
2024-04-01,3,14,6,Days,5,4.9
2024-04-01,3,14,7,A,8,8.0
2024-04-01,3,14,7,B,6,5.8
2024-04-01,3,14,7,C,5,5.0
2024-04-01,3,15,8,A,9,8.7
2024-04-01,3,15,8,Days,41,40.7
2024-04-01,3,15,9,A,4,4.0
2024-04-01,3,15,9,Days,21,21.0
2024-04-01,3,16,10,Days,31,30.4
2024-04-01,3,16,11,Days,32,31.6
2024-04-01,3,17,12,A,2,2.0
2024-04-01,3,17,12,Days,30,29.5
2024-04-01,3,17,13,A,1,1.0
2024-04-01,3,17,13,Days,20,19.7
2024-04-01,3,17,14,A,1,1.0
2024-04-01,3,17,14,Days,2,2.0
2024-04-01,3,18,15,A,1,1.0
2024-04-01,3,18,15,Days,20,19.6
2024-04-01,3,18,16,A,2,2.0
2024-04-01,3,18,16,Days,32,31.5
2024-04-01,3,18,17,A,1,1.0
2024-04-01,3,18,17,Days,7,6.9
2024-04-01,4,19,1,A,35,34.8
2024-04-01,4,19,1,B,31,30.8
2024-04-01,4,19,1,C,30,29.5
2024-04-01,4,19,1,Days,2,2.0
2024-04-01,4,19,2,A,11,10.9
2024-04-01,4,19,2,B,11,10.9
2024-04-01,4,19,2,C,8,7.9
2024-04-01,4,19,2,Days,1,1.0
2024-04-01,4,19,3,A,12,11.9
2024-04-01,4,19,3,B,18,18.0
2024-04-01,4,19,3,C,4,4.0
2024-04-01,4,19,3,Days,7,6.8
2024-04-01,4,19,4,A,3,3.0
2024-04-01,4,19,4,B,2,2.0
2024-04-01,4,19,4,C,1,1.0
2024-04-01,4,19,4,Days,1,1.0
2024-04-01,4,20,5,A,18,18.0
2024-04-01,4,20,5,B,25,24.8
2024-04-01,4,20,5,C,9,8.9
2024-04-01,4,20,5,Days,10,9.9
2024-04-01,4,20,6,A,12,12.0
2024-04-01,4,20,6,B,12,11.9
2024-04-01,4,20,6,C,13,12.8
2024-04-01,4,20,6,Days,3,3.0
2024-04-01,4,20,7,A,5,5.0
2024-04-01,4,20,7,B,4,3.9
2024-04-01,4,20,7,C,2,2.0
2024-04-01,4,21,8,A,5,5.0
2024-04-01,4,21,8,Days,38,37.4
2024-04-01,4,21,9,A,8,8.0
2024-04-01,4,21,9,Days,17,16.9
2024-04-01,4,22,10,A,1,1.0
2024-04-01,4,22,10,Days,38,37.2
2024-04-01,4,22,11,A,1,1.0
2024-04-01,4,22,11,Days,19,18.8
2024-04-01,4,23,12,Days,20,19.4
2024-04-01,4,23,13,A,2,2.0
2024-04-01,4,23,13,Days,21,20.9
2024-04-01,4,23,14,Days,7,6.9
2024-04-01,4,24,15,A,1,1.0
2024-04-01,4,24,15,Days,18,18.0
2024-04-01,4,24,16,A,2,2.0
2024-04-01,4,24,16,Days,23,22.9
2024-04-01,4,24,17,A,1,1.0
2024-04-01,4,24,17,Days,7,7.0
2024-05-01,1,1,1,A,63,62.1
2024-05-01,1,1,1,B,70,69.4
2024-05-01,1,1,1,C,55,54.6
2024-05-01,1,1,1,Days,20,19.9
2024-05-01,1,1,2,A,22,22.0
2024-05-01,1,1,2,B,28,27.4
2024-05-01,1,1,2,C,20,19.9
2024-05-01,1,1,2,Days,4,4.0
2024-05-01,1,1,3,A,23,22.7
2024-05-01,1,1,3,B,33,32.4
2024-05-01,1,1,3,C,23,22.6
2024-05-01,1,1,3,Days,10,9.9
2024-05-01,1,1,4,B,7,6.8
2024-05-01,1,1,4,C,1,1.0
2024-05-01,1,1,4,Days,1,1.0
2024-05-01,1,2,5,A,47,46.3
2024-05-01,1,2,5,B,37,37.0
2024-05-01,1,2,5,C,27,26.6
2024-05-01,1,2,5,Days,6,5.8
2024-05-01,1,2,6,A,18,17.9
2024-05-01,1,2,6,B,22,22.0
2024-05-01,1,2,6,C,11,10.8
2024-05-01,1,2,6,Days,3,3.0
2024-05-01,1,2,7,A,6,6.0
2024-05-01,1,2,7,B,3,3.0
2024-05-01,1,2,7,C,2,2.0
2024-05-01,1,2,7,Days,2,2.0
2024-05-01,1,3,8,A,10,9.8
2024-05-01,1,3,8,Days,44,43.8
2024-05-01,1,3,9,A,4,3.9
2024-05-01,1,3,9,Days,23,22.5
2024-05-01,1,4,10,A,1,1.0
2024-05-01,1,4,10,Days,38,37.3
2024-05-01,1,4,11,A,1,1.0
2024-05-01,1,4,11,Days,39,38.7
2024-05-01,1,5,12,A,1,1.0
2024-05-01,1,5,12,Days,44,43.6
2024-05-01,1,5,13,A,1,1.0
2024-05-01,1,5,13,Days,34,33.9
2024-05-01,1,5,14,A,1,1.0
2024-05-01,1,5,14,Days,6,5.8
2024-05-01,1,6,15,Days,42,41.5
2024-05-01,1,6,16,A,4,3.8
2024-05-01,1,6,16,Days,47,46.7
2024-05-01,1,6,17,Days,12,12.0
2024-05-01,2,7,1,A,41,40.7
2024-05-01,2,7,1,B,52,51.5
2024-05-01,2,7,1,C,45,44.5
2024-05-01,2,7,1,Days,11,11.0
2024-05-01,2,7,2,A,16,15.7
2024-05-01,2,7,2,B,22,21.8
2024-05-01,2,7,2,C,15,15.0
2024-05-01,2,7,2,Days,6,6.0
2024-05-01,2,7,3,A,20,19.6
2024-05-01,2,7,3,B,34,33.3
2024-05-01,2,7,3,C,15,14.8
2024-05-01,2,7,3,Days,3,2.8
2024-05-01,2,7,4,A,2,2.0
2024-05-01,2,7,4,B,2,1.8
2024-05-01,2,7,4,C,1,1.0
2024-05-01,2,8,5,A,40,39.7
2024-05-01,2,8,5,B,29,28.7
2024-05-01,2,8,5,C,26,25.7
2024-05-01,2,8,5,Days,7,7.0
2024-05-01,2,8,6,A,20,19.5
2024-05-01,2,8,6,B,12,12.0
2024-05-01,2,8,6,C,14,14.0
2024-05-01,2,8,6,Days,3,3.0
2024-05-01,2,8,7,A,7,7.0
2024-05-01,2,8,7,B,4,4.0
2024-05-01,2,8,7,C,3,3.0
2024-05-01,2,9,8,A,12,12.0
2024-05-01,2,9,8,Days,53,52.5
2024-05-01,2,9,9,A,11,11.0
2024-05-01,2,9,9,Days,28,28.0
2024-05-01,2,10,10,Days,41,40.6
2024-05-01,2,10,11,A,2,2.0
2024-05-01,2,10,11,Days,29,28.7
2024-05-01,2,11,12,A,1,1.0
2024-05-01,2,11,12,Days,34,33.2
2024-05-01,2,11,13,Days,30,29.0
2024-05-01,2,11,14,Days,9,8.7
2024-05-01,2,12,15,A,1,1.0
2024-05-01,2,12,15,Days,44,43.6
2024-05-01,2,12,16,Days,34,33.5
2024-05-01,2,12,17,A,1,0.9
2024-05-01,2,12,17,Days,12,12.0
2024-05-01,3,13,1,A,66,65.1
2024-05-01,3,13,1,B,72,71.2
2024-05-01,3,13,1,C,52,51.5
2024-05-01,3,13,1,Days,18,17.8
2024-05-01,3,13,2,A,30,29.4
2024-05-01,3,13,2,B,22,21.7
2024-05-01,3,13,2,C,16,15.9
2024-05-01,3,13,2,Days,5,5.0
2024-05-01,3,13,3,A,27,27.0
2024-05-01,3,13,3,B,24,23.7
2024-05-01,3,13,3,C,15,14.8
2024-05-01,3,13,3,Days,7,7.0
2024-05-01,3,13,4,A,4,4.0
2024-05-01,3,13,4,B,6,6.0
2024-05-01,3,13,4,C,3,3.0
2024-05-01,3,14,5,A,35,34.6
2024-05-01,3,14,5,B,37,36.6
2024-05-01,3,14,5,C,23,22.8
2024-05-01,3,14,5,Days,11,11.0
2024-05-01,3,14,6,A,24,23.7
2024-05-01,3,14,6,B,16,15.8
2024-05-01,3,14,6,C,14,13.9
2024-05-01,3,14,6,Days,5,4.9
2024-05-01,3,14,7,A,8,8.0
2024-05-01,3,14,7,B,6,5.8
2024-05-01,3,14,7,C,5,5.0
2024-05-01,3,15,8,A,9,8.7
2024-05-01,3,15,8,Days,40,39.7
2024-05-01,3,15,9,A,4,4.0
2024-05-01,3,15,9,Days,21,21.0
2024-05-01,3,16,10,Days,30,29.4
2024-05-01,3,16,11,Days,32,31.6
2024-05-01,3,17,12,A,2,2.0
2024-05-01,3,17,12,Days,29,28.5
2024-05-01,3,17,13,A,1,1.0
2024-05-01,3,17,13,Days,20,19.7
2024-05-01,3,17,14,A,1,1.0
2024-05-01,3,17,14,Days,2,2.0
2024-05-01,3,18,15,A,1,1.0
2024-05-01,3,18,15,Days,19,18.6
2024-05-01,3,18,16,A,2,2.0
2024-05-01,3,18,16,Days,32,31.5
2024-05-01,3,18,17,A,1,1.0
2024-05-01,3,18,17,Days,7,6.9
2024-05-01,4,19,1,A,34,33.8
2024-05-01,4,19,1,B,31,30.8
2024-05-01,4,19,1,C,30,29.5
2024-05-01,4,19,1,Days,2,2.0
2024-05-01,4,19,2,A,10,9.9
2024-05-01,4,19,2,B,11,10.9
2024-05-01,4,19,2,C,8,7.9
2024-05-01,4,19,2,Days,1,1.0
2024-05-01,4,19,3,A,12,11.9
2024-05-01,4,19,3,B,18,18.0
2024-05-01,4,19,3,C,4,4.0
2024-05-01,4,19,3,Days,7,6.8
2024-05-01,4,19,4,A,3,3.0
2024-05-01,4,19,4,B,2,2.0
2024-05-01,4,19,4,C,1,1.0
2024-05-01,4,19,4,Days,1,1.0
2024-05-01,4,20,5,A,18,18.0
2024-05-01,4,20,5,B,25,24.8
2024-05-01,4,20,5,C,9,8.9
2024-05-01,4,20,5,Days,10,9.9
2024-05-01,4,20,6,A,12,12.0
2024-05-01,4,20,6,B,12,11.9
2024-05-01,4,20,6,C,12,11.8
2024-05-01,4,20,6,Days,3,3.0
2024-05-01,4,20,7,A,5,5.0
2024-05-01,4,20,7,B,4,3.9
2024-05-01,4,20,7,C,2,2.0
2024-05-01,4,21,8,A,5,5.0
2024-05-01,4,21,8,Days,36,35.4
2024-05-01,4,21,9,A,8,8.0
2024-05-01,4,21,9,Days,17,16.9
2024-05-01,4,22,10,A,1,1.0
2024-05-01,4,22,10,Days,38,37.2
2024-05-01,4,22,11,A,1,1.0
2024-05-01,4,22,11,Days,19,18.8
2024-05-01,4,23,12,Days,20,19.4
2024-05-01,4,23,13,A,2,2.0
2024-05-01,4,23,13,Days,21,20.9
2024-05-01,4,23,14,Days,6,5.9
2024-05-01,4,24,15,A,1,1.0
2024-05-01,4,24,15,Days,18,18.0
2024-05-01,4,24,16,A,2,2.0
2024-05-01,4,24,16,Days,23,22.9
2024-05-01,4,24,17,A,1,1.0
2024-05-01,4,24,17,Days,7,7.0
2024-06-01,1,1,1,A,62,61.1
2024-06-01,1,1,1,B,70,69.4
2024-06-01,1,1,1,C,54,53.6
2024-06-01,1,1,1,Days,19,18.9
2024-06-01,1,1,2,A,22,22.0
2024-06-01,1,1,2,B,27,26.4
2024-06-01,1,1,2,C,19,18.9
2024-06-01,1,1,2,Days,4,4.0
2024-06-01,1,1,3,A,22,21.7
2024-06-01,1,1,3,B,33,32.4
2024-06-01,1,1,3,C,23,22.6
2024-06-01,1,1,3,Days,10,9.9
2024-06-01,1,1,4,B,7,6.8
2024-06-01,1,1,4,C,1,1.0
2024-06-01,1,1,4,Days,1,1.0
2024-06-01,1,2,5,A,46,45.3
2024-06-01,1,2,5,B,36,36.0
2024-06-01,1,2,5,C,27,26.6
2024-06-01,1,2,5,Days,6,5.8
2024-06-01,1,2,6,A,18,17.9
2024-06-01,1,2,6,B,21,21.0
2024-06-01,1,2,6,C,11,10.8
2024-06-01,1,2,6,Days,3,3.0
2024-06-01,1,2,7,A,6,6.0
2024-06-01,1,2,7,B,3,3.0
2024-06-01,1,2,7,C,2,2.0
2024-06-01,1,2,7,Days,2,2.0
2024-06-01,1,3,8,A,10,9.8
2024-06-01,1,3,8,Days,43,42.8
2024-06-01,1,3,9,A,4,3.9
2024-06-01,1,3,9,Days,23,22.5
2024-06-01,1,4,10,A,1,1.0
2024-06-01,1,4,10,Days,38,37.3
2024-06-01,1,4,11,A,1,1.0
2024-06-01,1,4,11,Days,39,38.7
2024-06-01,1,5,12,A,1,1.0
2024-06-01,1,5,12,Days,43,42.6
2024-06-01,1,5,13,A,1,1.0
2024-06-01,1,5,13,Days,34,33.9
2024-06-01,1,5,14,A,1,1.0
2024-06-01,1,5,14,Days,6,5.8
2024-06-01,1,6,15,Days,41,40.5
2024-06-01,1,6,16,A,4,3.8
2024-06-01,1,6,16,Days,47,46.7
2024-06-01,1,6,17,Days,12,12.0
2024-06-01,2,7,1,A,40,39.7
2024-06-01,2,7,1,B,55,54.5
2024-06-01,2,7,1,C,45,44.5
2024-06-01,2,7,1,Days,11,11.0
2024-06-01,2,7,2,A,16,15.7
2024-06-01,2,7,2,B,23,22.8
2024-06-01,2,7,2,C,14,14.0
2024-06-01,2,7,2,Days,6,6.0
2024-06-01,2,7,3,A,20,19.6
2024-06-01,2,7,3,B,34,33.3
2024-06-01,2,7,3,C,16,15.8
2024-06-01,2,7,3,Days,3,2.8
2024-06-01,2,7,4,A,2,2.0
2024-06-01,2,7,4,B,2,1.8
2024-06-01,2,7,4,C,1,1.0
2024-06-01,2,8,5,A,40,39.7
2024-06-01,2,8,5,B,29,28.7
2024-06-01,2,8,5,C,26,25.7
2024-06-01,2,8,5,Days,6,6.0
2024-06-01,2,8,6,A,20,19.5
2024-06-01,2,8,6,B,12,12.0
2024-06-01,2,8,6,C,14,14.0
2024-06-01,2,8,6,Days,2,2.0
2024-06-01,2,8,7,A,7,7.0
2024-06-01,2,8,7,B,4,4.0
2024-06-01,2,8,7,C,4,4.0
2024-06-01,2,9,8,A,13,13.0
2024-06-01,2,9,8,Days,53,52.5
2024-06-01,2,9,9,A,11,11.0
2024-06-01,2,9,9,Days,27,27.0
2024-06-01,2,10,10,Days,39,38.6
2024-06-01,2,10,11,A,2,2.0
2024-06-01,2,10,11,Days,28,27.7
2024-06-01,2,11,12,A,1,1.0
2024-06-01,2,11,12,Days,33,32.4
2024-06-01,2,11,13,Days,30,29.0
2024-06-01,2,11,14,Days,9,8.7
2024-06-01,2,12,15,A,1,1.0
2024-06-01,2,12,15,Days,43,42.6
2024-06-01,2,12,16,Days,33,32.5
2024-06-01,2,12,17,A,1,0.9
2024-06-01,2,12,17,Days,13,13.0
2024-06-01,3,13,1,A,66,65.1
2024-06-01,3,13,1,B,70,69.2
2024-06-01,3,13,1,C,51,50.6
2024-06-01,3,13,1,Days,18,17.8
2024-06-01,3,13,2,A,29,28.4
2024-06-01,3,13,2,B,22,21.7
2024-06-01,3,13,2,C,16,15.9
2024-06-01,3,13,2,Days,5,5.0
2024-06-01,3,13,3,A,27,27.0
2024-06-01,3,13,3,B,24,23.7
2024-06-01,3,13,3,C,15,14.8
2024-06-01,3,13,3,Days,7,7.0
2024-06-01,3,13,4,A,4,4.0
2024-06-01,3,13,4,B,6,6.0
2024-06-01,3,13,4,C,3,3.0
2024-06-01,3,14,5,A,34,33.6
2024-06-01,3,14,5,B,36,35.6
2024-06-01,3,14,5,C,23,22.8
2024-06-01,3,14,5,Days,11,11.0
2024-06-01,3,14,6,A,24,23.7
2024-06-01,3,14,6,B,16,15.8
2024-06-01,3,14,6,C,14,13.9
2024-06-01,3,14,6,Days,4,3.9
2024-06-01,3,14,7,A,8,8.0
2024-06-01,3,14,7,B,6,5.8
2024-06-01,3,14,7,C,4,4.0
2024-06-01,3,15,8,A,9,8.7
2024-06-01,3,15,8,Days,40,39.7
2024-06-01,3,15,9,A,4,4.0
2024-06-01,3,15,9,Days,21,21.0
2024-06-01,3,16,10,Days,30,29.4
2024-06-01,3,16,11,Days,30,29.6
2024-06-01,3,17,12,A,2,2.0
2024-06-01,3,17,12,Days,29,28.5
2024-06-01,3,17,13,A,1,1.0
2024-06-01,3,17,13,Days,19,18.7
2024-06-01,3,17,14,A,1,1.0
2024-06-01,3,17,14,Days,2,2.0
2024-06-01,3,18,15,A,1,1.0
2024-06-01,3,18,15,Days,18,17.6
2024-06-01,3,18,16,A,2,2.0
2024-06-01,3,18,16,Days,32,31.5
2024-06-01,3,18,17,A,1,1.0
2024-06-01,3,18,17,Days,7,6.9
2024-06-01,4,19,1,A,32,31.8
2024-06-01,4,19,1,B,29,28.8
2024-06-01,4,19,1,C,30,29.5
2024-06-01,4,19,1,Days,2,2.0
2024-06-01,4,19,2,A,10,9.9
2024-06-01,4,19,2,B,11,10.9
2024-06-01,4,19,2,C,8,7.9
2024-06-01,4,19,2,Days,1,1.0
2024-06-01,4,19,3,A,12,11.9
2024-06-01,4,19,3,B,18,18.0
2024-06-01,4,19,3,C,4,4.0
2024-06-01,4,19,3,Days,7,6.8
2024-06-01,4,19,4,A,3,3.0
2024-06-01,4,19,4,B,2,2.0
2024-06-01,4,19,4,C,1,1.0
2024-06-01,4,19,4,Days,1,1.0
2024-06-01,4,20,5,A,18,18.0
2024-06-01,4,20,5,B,25,24.8
2024-06-01,4,20,5,C,9,8.9
2024-06-01,4,20,5,Days,10,9.9
2024-06-01,4,20,6,A,12,12.0
2024-06-01,4,20,6,B,12,11.9
2024-06-01,4,20,6,C,12,11.8
2024-06-01,4,20,6,Days,3,3.0
2024-06-01,4,20,7,A,5,5.0
2024-06-01,4,20,7,B,4,3.9
2024-06-01,4,20,7,C,2,2.0
2024-06-01,4,21,8,A,5,5.0
2024-06-01,4,21,8,Days,36,35.4
2024-06-01,4,21,9,A,7,7.0
2024-06-01,4,21,9,Days,16,16.0
2024-06-01,4,22,10,A,1,1.0
2024-06-01,4,22,10,Days,38,37.2
2024-06-01,4,22,11,A,1,1.0
2024-06-01,4,22,11,Days,19,18.8
2024-06-01,4,23,12,Days,20,19.4
2024-06-01,4,23,13,A,2,2.0
2024-06-01,4,23,13,Days,21,20.9
2024-06-01,4,23,14,Days,6,5.9
2024-06-01,4,24,15,A,1,1.0
2024-06-01,4,24,15,Days,16,16.0
2024-06-01,4,24,16,A,2,2.0
2024-06-01,4,24,16,Days,23,22.9
2024-06-01,4,24,17,A,1,1.0
2024-06-01,4,24,17,Days,7,7.0
2024-07-01,1,1,1,A,60,59.1
2024-07-01,1,1,1,B,70,69.4
2024-07-01,1,1,1,C,53,52.7
2024-07-01,1,1,1,Days,19,18.9
2024-07-01,1,1,2,A,22,22.0
2024-07-01,1,1,2,B,26,25.4
2024-07-01,1,1,2,C,18,17.9
2024-07-01,1,1,2,Days,4,4.0
2024-07-01,1,1,3,A,22,21.7
2024-07-01,1,1,3,B,33,32.4
2024-07-01,1,1,3,C,23,22.6
2024-07-01,1,1,3,Days,10,9.9
2024-07-01,1,1,4,B,7,6.8
2024-07-01,1,1,4,C,1,1.0
2024-07-01,1,1,4,Days,1,1.0
2024-07-01,1,2,5,A,46,45.3
2024-07-01,1,2,5,B,36,36.0
2024-07-01,1,2,5,C,27,26.6
2024-07-01,1,2,5,Days,6,5.8
2024-07-01,1,2,6,A,18,17.9
2024-07-01,1,2,6,B,21,21.0
2024-07-01,1,2,6,C,10,9.8
2024-07-01,1,2,6,Days,3,3.0
2024-07-01,1,2,7,A,6,6.0
2024-07-01,1,2,7,B,3,3.0
2024-07-01,1,2,7,C,2,2.0
2024-07-01,1,2,7,Days,2,2.0
2024-07-01,1,3,8,A,10,9.8
2024-07-01,1,3,8,Days,43,42.8
2024-07-01,1,3,9,A,4,3.9
2024-07-01,1,3,9,Days,22,21.5
2024-07-01,1,4,10,A,1,1.0
2024-07-01,1,4,10,Days,37,36.3
2024-07-01,1,4,11,A,1,1.0
2024-07-01,1,4,11,Days,39,38.7
2024-07-01,1,5,12,A,1,1.0
2024-07-01,1,5,12,Days,43,42.6
2024-07-01,1,5,13,A,1,1.0
2024-07-01,1,5,13,Days,32,31.9
2024-07-01,1,5,14,A,1,1.0
2024-07-01,1,5,14,Days,6,5.8
2024-07-01,1,6,15,Days,39,38.5
2024-07-01,1,6,16,A,4,3.8
2024-07-01,1,6,16,Days,46,45.7
2024-07-01,1,6,17,Days,12,12.0
2024-07-01,2,7,1,A,40,39.7
2024-07-01,2,7,1,B,57,56.5
2024-07-01,2,7,1,C,45,44.5
2024-07-01,2,7,1,Days,12,12.0
2024-07-01,2,7,2,A,18,17.7
2024-07-01,2,7,2,B,24,23.8
2024-07-01,2,7,2,C,16,16.0
2024-07-01,2,7,2,Days,6,6.0
2024-07-01,2,7,3,A,22,21.5
2024-07-01,2,7,3,B,34,33.3
2024-07-01,2,7,3,C,18,17.8
2024-07-01,2,7,3,Days,3,2.8
2024-07-01,2,7,4,A,2,2.0
2024-07-01,2,7,4,B,2,1.8
2024-07-01,2,7,4,C,1,1.0
2024-07-01,2,8,5,A,41,40.7
2024-07-01,2,8,5,B,29,28.7
2024-07-01,2,8,5,C,27,26.5
2024-07-01,2,8,5,Days,7,7.0
2024-07-01,2,8,6,A,20,19.5
2024-07-01,2,8,6,B,12,12.0
2024-07-01,2,8,6,C,14,14.0
2024-07-01,2,8,6,Days,2,2.0
2024-07-01,2,8,7,A,7,7.0
2024-07-01,2,8,7,B,4,4.0
2024-07-01,2,8,7,C,3,3.0
2024-07-01,2,9,8,A,13,13.0
2024-07-01,2,9,8,Days,53,52.5
2024-07-01,2,9,9,A,11,11.0
2024-07-01,2,9,9,Days,25,25.0
2024-07-01,2,10,10,Days,40,39.5
2024-07-01,2,10,11,A,2,2.0
2024-07-01,2,10,11,Days,29,28.7
2024-07-01,2,11,12,A,1,1.0
2024-07-01,2,11,12,Days,35,34.4
2024-07-01,2,11,13,Days,31,30.0
2024-07-01,2,11,14,Days,9,8.7
2024-07-01,2,12,15,A,1,1.0
2024-07-01,2,12,15,Days,43,42.6
2024-07-01,2,12,16,Days,34,33.5
2024-07-01,2,12,17,A,1,0.9
2024-07-01,2,12,17,Days,15,15.0
2024-07-01,3,13,1,A,66,65.1
2024-07-01,3,13,1,B,69,68.2
2024-07-01,3,13,1,C,51,50.6
2024-07-01,3,13,1,Days,18,17.8
2024-07-01,3,13,2,A,28,27.4
2024-07-01,3,13,2,B,22,21.7
2024-07-01,3,13,2,C,16,15.9
2024-07-01,3,13,2,Days,5,5.0
2024-07-01,3,13,3,A,27,27.0
2024-07-01,3,13,3,B,23,22.7
2024-07-01,3,13,3,C,15,14.8
2024-07-01,3,13,3,Days,7,7.0
2024-07-01,3,13,4,A,4,4.0
2024-07-01,3,13,4,B,5,5.0
2024-07-01,3,13,4,C,2,2.0
2024-07-01,3,14,5,A,34,33.6
2024-07-01,3,14,5,B,36,35.6
2024-07-01,3,14,5,C,23,22.8
2024-07-01,3,14,5,Days,11,11.0
2024-07-01,3,14,6,A,24,23.7
2024-07-01,3,14,6,B,14,13.8
2024-07-01,3,14,6,C,13,12.9
2024-07-01,3,14,6,Days,4,3.9
2024-07-01,3,14,7,A,8,8.0
2024-07-01,3,14,7,B,6,5.8
2024-07-01,3,14,7,C,4,4.0
2024-07-01,3,15,8,A,9,8.7
2024-07-01,3,15,8,Days,40,39.7
2024-07-01,3,15,9,A,4,4.0
2024-07-01,3,15,9,Days,21,21.0
2024-07-01,3,16,10,Days,30,29.4
2024-07-01,3,16,11,Days,30,29.6
2024-07-01,3,17,12,A,2,2.0
2024-07-01,3,17,12,Days,29,28.5
2024-07-01,3,17,13,A,1,1.0
2024-07-01,3,17,13,Days,19,18.7
2024-07-01,3,17,14,A,1,1.0
2024-07-01,3,17,14,Days,2,2.0
2024-07-01,3,18,15,A,1,1.0
2024-07-01,3,18,15,Days,18,17.6
2024-07-01,3,18,16,A,2,2.0
2024-07-01,3,18,16,Days,32,31.5
2024-07-01,3,18,17,A,1,1.0
2024-07-01,3,18,17,Days,7,6.9
2024-07-01,4,19,1,A,30,29.8
2024-07-01,4,19,1,B,29,28.8
2024-07-01,4,19,1,C,29,28.7
2024-07-01,4,19,1,Days,2,2.0
2024-07-01,4,19,2,A,10,9.9
2024-07-01,4,19,2,B,10,9.9
2024-07-01,4,19,2,C,9,8.9
2024-07-01,4,19,2,Days,1,1.0
2024-07-01,4,19,3,A,12,11.9
2024-07-01,4,19,3,B,18,18.0
2024-07-01,4,19,3,C,4,4.0
2024-07-01,4,19,3,Days,7,6.8
2024-07-01,4,19,4,A,3,3.0
2024-07-01,4,19,4,B,2,2.0
2024-07-01,4,19,4,C,1,1.0
2024-07-01,4,19,4,Days,1,1.0
2024-07-01,4,20,5,A,18,18.0
2024-07-01,4,20,5,B,25,24.8
2024-07-01,4,20,5,C,9,8.9
2024-07-01,4,20,5,Days,10,9.9
2024-07-01,4,20,6,A,10,10.0
2024-07-01,4,20,6,B,12,11.9
2024-07-01,4,20,6,C,12,11.8
2024-07-01,4,20,6,Days,3,3.0
2024-07-01,4,20,7,A,5,5.0
2024-07-01,4,20,7,B,4,3.9
2024-07-01,4,20,7,C,2,2.0
2024-07-01,4,21,8,A,5,5.0
2024-07-01,4,21,8,Days,36,35.4
2024-07-01,4,21,9,A,7,7.0
2024-07-01,4,21,9,Days,14,14.0
2024-07-01,4,22,10,A,1,1.0
2024-07-01,4,22,10,Days,38,37.2
2024-07-01,4,22,11,A,1,1.0
2024-07-01,4,22,11,Days,19,18.8
2024-07-01,4,23,12,Days,20,19.4
2024-07-01,4,23,13,A,2,2.0
2024-07-01,4,23,13,Days,22,21.9
2024-07-01,4,23,14,Days,6,5.9
2024-07-01,4,24,15,A,1,1.0
2024-07-01,4,24,15,Days,15,15.0
2024-07-01,4,24,16,A,2,2.0
2024-07-01,4,24,16,Days,23,22.9
2024-07-01,4,24,17,A,1,1.0
2024-07-01,4,24,17,Days,7,7.0
2024-08-01,1,1,1,A,63,61.9
2024-08-01,1,1,1,B,72,71.4
2024-08-01,1,1,1,C,53,52.7
2024-08-01,1,1,1,Days,19,18.9
2024-08-01,1,1,2,A,23,23.0
2024-08-01,1,1,2,B,27,26.2
2024-08-01,1,1,2,C,18,17.9
2024-08-01,1,1,2,Days,4,4.0
2024-08-01,1,1,3,A,22,21.7
2024-08-01,1,1,3,B,34,33.4
2024-08-01,1,1,3,C,24,23.6
2024-08-01,1,1,3,Days,11,10.9
2024-08-01,1,1,4,A,1,1.0
2024-08-01,1,1,4,B,6,5.8
2024-08-01,1,1,4,C,1,1.0
2024-08-01,1,1,4,Days,1,1.0
2024-08-01,1,2,5,A,47,46.5
2024-08-01,1,2,5,B,39,39.0
2024-08-01,1,2,5,C,30,29.6
2024-08-01,1,2,5,Days,6,5.8
2024-08-01,1,2,6,A,18,17.9
2024-08-01,1,2,6,B,20,20.0
2024-08-01,1,2,6,C,10,9.8
2024-08-01,1,2,6,Days,3,3.0
2024-08-01,1,2,7,A,6,6.0
2024-08-01,1,2,7,B,3,3.0
2024-08-01,1,2,7,C,2,2.0
2024-08-01,1,2,7,Days,2,2.0
2024-08-01,1,3,8,A,10,9.8
2024-08-01,1,3,8,Days,44,43.8
2024-08-01,1,3,9,A,5,4.9
2024-08-01,1,3,9,Days,22,21.5
2024-08-01,1,4,10,A,2,2.0
2024-08-01,1,4,10,Days,37,36.3
2024-08-01,1,4,11,A,1,1.0
2024-08-01,1,4,11,Days,36,35.8
2024-08-01,1,5,12,A,1,1.0
2024-08-01,1,5,12,Days,45,44.6
2024-08-01,1,5,13,A,1,1.0
2024-08-01,1,5,13,Days,33,32.9
2024-08-01,1,5,14,A,1,1.0
2024-08-01,1,5,14,Days,6,5.8
2024-08-01,1,6,15,Days,42,41.4
2024-08-01,1,6,16,A,4,3.8
2024-08-01,1,6,16,Days,46,45.7
2024-08-01,1,6,17,Days,12,12.0
2024-08-01,2,7,1,A,41,40.7
2024-08-01,2,7,1,B,60,59.5
2024-08-01,2,7,1,C,46,45.5
2024-08-01,2,7,1,Days,12,12.0
2024-08-01,2,7,2,A,19,18.7
2024-08-01,2,7,2,B,25,24.8
2024-08-01,2,7,2,C,17,17.0
2024-08-01,2,7,2,Days,6,6.0
2024-08-01,2,7,3,A,22,21.5
2024-08-01,2,7,3,B,33,32.3
2024-08-01,2,7,3,C,19,18.8
2024-08-01,2,7,3,Days,3,2.8
2024-08-01,2,7,4,A,2,2.0
2024-08-01,2,7,4,B,2,1.8
2024-08-01,2,7,4,C,1,1.0
2024-08-01,2,8,5,A,42,41.7
2024-08-01,2,8,5,B,30,29.7
2024-08-01,2,8,5,C,26,25.6
2024-08-01,2,8,5,Days,7,7.0
2024-08-01,2,8,6,A,20,19.5
2024-08-01,2,8,6,B,13,13.0
2024-08-01,2,8,6,C,14,14.0
2024-08-01,2,8,6,Days,2,2.0
2024-08-01,2,8,7,A,9,9.0
2024-08-01,2,8,7,B,4,4.0
2024-08-01,2,8,7,C,3,3.0
2024-08-01,2,9,8,A,14,14.0
2024-08-01,2,9,8,Days,54,53.5
2024-08-01,2,9,9,A,11,11.0
2024-08-01,2,9,9,Days,24,24.0
2024-08-01,2,10,10,Days,40,39.5
2024-08-01,2,10,11,A,2,2.0
2024-08-01,2,10,11,Days,30,29.7
2024-08-01,2,11,12,A,1,1.0
2024-08-01,2,11,12,Days,36,35.4
2024-08-01,2,11,13,Days,31,30.0
2024-08-01,2,11,14,Days,9,8.7
2024-08-01,2,12,15,A,1,1.0
2024-08-01,2,12,15,Days,45,44.6
2024-08-01,2,12,16,Days,36,35.5
2024-08-01,2,12,17,A,1,0.9
2024-08-01,2,12,17,Days,15,15.0
2024-08-01,3,13,1,A,67,65.9
2024-08-01,3,13,1,B,68,67.2
2024-08-01,3,13,1,C,51,50.6
2024-08-01,3,13,1,Days,18,17.8
2024-08-01,3,13,2,A,28,27.4
2024-08-01,3,13,2,B,23,22.7
2024-08-01,3,13,2,C,16,15.9
2024-08-01,3,13,2,Days,4,4.0
2024-08-01,3,13,3,A,26,26.0
2024-08-01,3,13,3,B,23,22.7
2024-08-01,3,13,3,C,16,15.8
2024-08-01,3,13,3,Days,7,7.0
2024-08-01,3,13,4,A,4,4.0
2024-08-01,3,13,4,B,5,5.0
2024-08-01,3,13,4,C,3,3.0
2024-08-01,3,14,5,A,33,32.6
2024-08-01,3,14,5,B,36,35.6
2024-08-01,3,14,5,C,23,22.8
2024-08-01,3,14,5,Days,10,10.0
2024-08-01,3,14,6,A,24,23.7
2024-08-01,3,14,6,B,14,13.8
2024-08-01,3,14,6,C,13,12.9
2024-08-01,3,14,6,Days,4,3.9
2024-08-01,3,14,7,A,8,8.0
2024-08-01,3,14,7,B,6,5.8
2024-08-01,3,14,7,C,4,4.0
2024-08-01,3,15,8,A,9,8.7
2024-08-01,3,15,8,Days,40,39.7
2024-08-01,3,15,9,A,4,4.0
2024-08-01,3,15,9,Days,21,21.0
2024-08-01,3,16,10,Days,32,31.4
2024-08-01,3,16,11,Days,31,30.6
2024-08-01,3,17,12,A,2,2.0
2024-08-01,3,17,12,Days,29,28.5
2024-08-01,3,17,13,A,1,1.0
2024-08-01,3,17,13,Days,19,18.7
2024-08-01,3,17,14,A,1,1.0
2024-08-01,3,17,14,Days,2,2.0
2024-08-01,3,18,15,A,1,1.0
2024-08-01,3,18,15,Days,19,18.6
2024-08-01,3,18,16,A,2,2.0
2024-08-01,3,18,16,Days,32,31.5
2024-08-01,3,18,17,A,1,1.0
2024-08-01,3,18,17,Days,7,6.9
2024-08-01,4,19,1,A,30,29.8
2024-08-01,4,19,1,B,29,28.8
2024-08-01,4,19,1,C,30,29.7
2024-08-01,4,19,1,Days,2,2.0
2024-08-01,4,19,2,A,9,8.9
2024-08-01,4,19,2,B,10,9.9
2024-08-01,4,19,2,C,10,9.9
2024-08-01,4,19,2,Days,1,1.0
2024-08-01,4,19,3,A,13,12.9
2024-08-01,4,19,3,B,18,18.0
2024-08-01,4,19,3,C,4,4.0
2024-08-01,4,19,3,Days,7,6.8
2024-08-01,4,19,4,A,3,3.0
2024-08-01,4,19,4,B,2,2.0
2024-08-01,4,19,4,C,1,1.0
2024-08-01,4,19,4,Days,1,1.0
2024-08-01,4,20,5,A,17,17.0
2024-08-01,4,20,5,B,27,26.8
2024-08-01,4,20,5,C,10,9.9
2024-08-01,4,20,5,Days,10,9.9
2024-08-01,4,20,6,A,9,9.0
2024-08-01,4,20,6,B,12,11.9
2024-08-01,4,20,6,C,12,11.8
2024-08-01,4,20,6,Days,3,3.0
2024-08-01,4,20,7,A,5,5.0
2024-08-01,4,20,7,B,4,3.9
2024-08-01,4,20,7,C,2,2.0
2024-08-01,4,21,8,A,6,6.0
2024-08-01,4,21,8,Days,36,35.4
2024-08-01,4,21,9,A,7,7.0
2024-08-01,4,21,9,Days,13,13.0
2024-08-01,4,22,10,A,1,1.0
2024-08-01,4,22,10,Days,38,37.2
2024-08-01,4,22,11,A,1,1.0
2024-08-01,4,22,11,Days,19,18.8
2024-08-01,4,23,12,Days,20,19.4
2024-08-01,4,23,13,A,2,2.0
2024-08-01,4,23,13,Days,23,22.9
2024-08-01,4,23,14,Days,7,6.9
2024-08-01,4,24,15,A,1,1.0
2024-08-01,4,24,15,Days,15,15.0
2024-08-01,4,24,16,A,2,2.0
2024-08-01,4,24,16,Days,22,21.9
2024-08-01,4,24,17,A,1,1.0
2024-08-01,4,24,17,Days,7,7.0
2024-09-01,1,1,1,A,64,63.1
2024-09-01,1,1,1,B,75,74.4
2024-09-01,1,1,1,C,55,54.7
2024-09-01,1,1,1,Days,20,19.9
2024-09-01,1,1,2,A,23,23.0
2024-09-01,1,1,2,B,30,29.1
2024-09-01,1,1,2,C,18,17.9
2024-09-01,1,1,2,Days,4,4.0
2024-09-01,1,1,3,A,22,21.7
2024-09-01,1,1,3,B,35,34.4
2024-09-01,1,1,3,C,23,22.6
2024-09-01,1,1,3,Days,12,11.9
2024-09-01,1,1,4,A,1,1.0
2024-09-01,1,1,4,B,6,5.8
2024-09-01,1,1,4,C,1,1.0
2024-09-01,1,1,4,Days,1,1.0
2024-09-01,1,2,5,A,47,46.5
2024-09-01,1,2,5,B,39,39.0
2024-09-01,1,2,5,C,31,30.6
2024-09-01,1,2,5,Days,7,6.8
2024-09-01,1,2,6,A,20,19.9
2024-09-01,1,2,6,B,19,19.0
2024-09-01,1,2,6,C,10,9.8
2024-09-01,1,2,6,Days,3,3.0
2024-09-01,1,2,7,A,6,6.0
2024-09-01,1,2,7,B,3,3.0
2024-09-01,1,2,7,C,2,2.0
2024-09-01,1,2,7,Days,2,2.0
2024-09-01,1,3,8,A,11,10.8
2024-09-01,1,3,8,Days,44,43.8
2024-09-01,1,3,9,A,4,3.9
2024-09-01,1,3,9,Days,23,22.5
2024-09-01,1,4,10,A,2,2.0
2024-09-01,1,4,10,Days,37,36.3
2024-09-01,1,4,11,A,1,1.0
2024-09-01,1,4,11,Days,36,35.8
2024-09-01,1,5,12,A,1,1.0
2024-09-01,1,5,12,Days,45,44.6
2024-09-01,1,5,13,A,1,1.0
2024-09-01,1,5,13,Days,33,32.9
2024-09-01,1,5,14,A,1,1.0
2024-09-01,1,5,14,Days,6,5.8
2024-09-01,1,6,15,Days,44,43.4
2024-09-01,1,6,16,A,4,3.8
2024-09-01,1,6,16,Days,47,46.7
2024-09-01,1,6,17,Days,12,12.0
2024-09-01,2,7,1,A,41,40.7
2024-09-01,2,7,1,B,63,62.4
2024-09-01,2,7,1,C,46,45.5
2024-09-01,2,7,1,Days,12,12.0
2024-09-01,2,7,2,A,18,17.7
2024-09-01,2,7,2,B,25,24.8
2024-09-01,2,7,2,C,16,16.0
2024-09-01,2,7,2,Days,6,6.0
2024-09-01,2,7,3,A,23,22.5
2024-09-01,2,7,3,B,33,32.3
2024-09-01,2,7,3,C,21,20.8
2024-09-01,2,7,3,Days,3,2.8
2024-09-01,2,7,4,A,2,2.0
2024-09-01,2,7,4,B,3,2.8
2024-09-01,2,7,4,C,1,1.0
2024-09-01,2,8,5,A,43,42.7
2024-09-01,2,8,5,B,31,30.7
2024-09-01,2,8,5,C,26,25.6
2024-09-01,2,8,5,Days,8,8.0
2024-09-01,2,8,6,A,20,19.5
2024-09-01,2,8,6,B,13,13.0
2024-09-01,2,8,6,C,14,14.0
2024-09-01,2,8,6,Days,3,3.0
2024-09-01,2,8,7,A,10,9.9
2024-09-01,2,8,7,B,4,4.0
2024-09-01,2,8,7,C,3,3.0
2024-09-01,2,9,8,A,15,15.0
2024-09-01,2,9,8,Days,55,54.5
2024-09-01,2,9,9,A,11,11.0
2024-09-01,2,9,9,Days,22,22.0
2024-09-01,2,10,10,Days,39,38.5
2024-09-01,2,10,11,A,2,2.0
2024-09-01,2,10,11,Days,30,29.7
2024-09-01,2,11,12,A,1,1.0
2024-09-01,2,11,12,Days,36,35.4
2024-09-01,2,11,13,Days,32,31.0
2024-09-01,2,11,14,Days,9,8.7
2024-09-01,2,12,15,A,1,1.0
2024-09-01,2,12,15,Days,47,46.6
2024-09-01,2,12,16,Days,37,36.4
2024-09-01,2,12,17,A,1,0.9
2024-09-01,2,12,17,Days,15,15.0
2024-09-01,3,13,1,A,70,68.9
2024-09-01,3,13,1,B,70,69.2
2024-09-01,3,13,1,C,53,52.6
2024-09-01,3,13,1,Days,18,17.8
2024-09-01,3,13,2,A,27,26.4
2024-09-01,3,13,2,B,25,24.7
2024-09-01,3,13,2,C,16,15.9
2024-09-01,3,13,2,Days,3,3.0
2024-09-01,3,13,3,A,28,28.0
2024-09-01,3,13,3,B,25,24.7
2024-09-01,3,13,3,C,15,14.8
2024-09-01,3,13,3,Days,7,7.0
2024-09-01,3,13,4,A,4,4.0
2024-09-01,3,13,4,B,5,5.0
2024-09-01,3,13,4,C,4,4.0
2024-09-01,3,14,5,A,34,33.6
2024-09-01,3,14,5,B,37,36.6
2024-09-01,3,14,5,C,25,24.8
2024-09-01,3,14,5,Days,10,10.0
2024-09-01,3,14,6,A,23,22.7
2024-09-01,3,14,6,B,14,13.8
2024-09-01,3,14,6,C,14,13.9
2024-09-01,3,14,6,Days,5,4.9
2024-09-01,3,14,7,A,8,8.0
2024-09-01,3,14,7,B,6,5.8
2024-09-01,3,14,7,C,4,4.0
2024-09-01,3,15,8,A,9,8.7
2024-09-01,3,15,8,Days,44,43.7
2024-09-01,3,15,9,A,6,6.0
2024-09-01,3,15,9,Days,21,21.0
2024-09-01,3,16,10,Days,33,32.4
2024-09-01,3,16,11,Days,31,30.6
2024-09-01,3,17,12,A,2,2.0
2024-09-01,3,17,12,Days,29,28.7
2024-09-01,3,17,13,A,1,1.0
2024-09-01,3,17,13,Days,21,20.7
2024-09-01,3,17,14,A,1,1.0
2024-09-01,3,17,14,Days,2,2.0
2024-09-01,3,18,15,A,1,1.0
2024-09-01,3,18,15,Days,19,18.6
2024-09-01,3,18,16,A,2,2.0
2024-09-01,3,18,16,Days,34,33.5
2024-09-01,3,18,17,A,1,1.0
2024-09-01,3,18,17,Days,7,6.9
2024-09-01,4,19,1,A,29,28.8
2024-09-01,4,19,1,B,29,28.8
2024-09-01,4,19,1,C,31,30.7
2024-09-01,4,19,1,Days,2,2.0
2024-09-01,4,19,2,A,10,9.9
2024-09-01,4,19,2,B,10,9.9
2024-09-01,4,19,2,C,10,9.9
2024-09-01,4,19,2,Days,1,1.0
2024-09-01,4,19,3,A,13,12.9
2024-09-01,4,19,3,B,18,18.0
2024-09-01,4,19,3,C,4,4.0
2024-09-01,4,19,3,Days,7,6.8
2024-09-01,4,19,4,A,4,4.0
2024-09-01,4,19,4,B,2,2.0
2024-09-01,4,19,4,C,1,1.0
2024-09-01,4,19,4,Days,1,1.0
2024-09-01,4,20,5,A,17,17.0
2024-09-01,4,20,5,B,28,27.8
2024-09-01,4,20,5,C,11,10.9
2024-09-01,4,20,5,Days,10,9.9
2024-09-01,4,20,6,A,9,9.0
2024-09-01,4,20,6,B,12,11.9
2024-09-01,4,20,6,C,12,11.8
2024-09-01,4,20,6,Days,3,3.0
2024-09-01,4,20,7,A,5,5.0
2024-09-01,4,20,7,B,4,3.9
2024-09-01,4,20,7,C,2,2.0
2024-09-01,4,21,8,A,6,6.0
2024-09-01,4,21,8,Days,35,34.4
2024-09-01,4,21,9,A,7,7.0
2024-09-01,4,21,9,Days,13,13.0
2024-09-01,4,22,10,A,1,1.0
2024-09-01,4,22,10,Days,38,37.3
2024-09-01,4,22,11,A,1,1.0
2024-09-01,4,22,11,Days,19,18.8
2024-09-01,4,23,12,Days,20,19.4
2024-09-01,4,23,13,A,2,2.0
2024-09-01,4,23,13,Days,24,23.9
2024-09-01,4,23,14,Days,7,6.9
2024-09-01,4,24,15,A,1,1.0
2024-09-01,4,24,15,Days,16,16.0
2024-09-01,4,24,16,A,2,2.0
2024-09-01,4,24,16,Days,21,20.9
2024-09-01,4,24,17,A,1,1.0
2024-09-01,4,24,17,Days,7,7.0
2024-10-01,1,1,1,A,66,65.1
2024-10-01,1,1,1,B,76,75.4
2024-10-01,1,1,1,C,56,55.7
2024-10-01,1,1,1,Days,21,20.9
2024-10-01,1,1,2,A,23,23.0
2024-10-01,1,1,2,B,30,29.1
2024-10-01,1,1,2,C,18,17.9
2024-10-01,1,1,2,Days,4,4.0
2024-10-01,1,1,3,A,23,22.7
2024-10-01,1,1,3,B,35,34.4
2024-10-01,1,1,3,C,24,23.6
2024-10-01,1,1,3,Days,12,11.9
2024-10-01,1,1,4,A,1,1.0
2024-10-01,1,1,4,B,6,5.8
2024-10-01,1,1,4,C,1,1.0
2024-10-01,1,1,4,Days,1,1.0
2024-10-01,1,2,5,A,47,46.5
2024-10-01,1,2,5,B,41,40.8
2024-10-01,1,2,5,C,31,30.6
2024-10-01,1,2,5,Days,7,6.8
2024-10-01,1,2,6,A,20,19.9
2024-10-01,1,2,6,B,19,19.0
2024-10-01,1,2,6,C,10,9.8
2024-10-01,1,2,6,Days,3,3.0
2024-10-01,1,2,7,A,6,6.0
2024-10-01,1,2,7,B,3,3.0
2024-10-01,1,2,7,C,2,2.0
2024-10-01,1,2,7,Days,2,2.0
2024-10-01,1,3,8,A,11,10.8
2024-10-01,1,3,8,Days,44,43.8
2024-10-01,1,3,9,A,4,3.9
2024-10-01,1,3,9,Days,23,22.5
2024-10-01,1,4,10,A,2,2.0
2024-10-01,1,4,10,Days,38,37.3
2024-10-01,1,4,11,A,1,1.0
2024-10-01,1,4,11,Days,36,35.8
2024-10-01,1,5,12,A,1,1.0
2024-10-01,1,5,12,Days,45,44.6
2024-10-01,1,5,13,A,1,1.0
2024-10-01,1,5,13,Days,34,33.9
2024-10-01,1,5,14,A,1,1.0
2024-10-01,1,5,14,Days,6,5.8
2024-10-01,1,6,15,Days,43,42.4
2024-10-01,1,6,16,A,4,3.8
2024-10-01,1,6,16,Days,47,46.7
2024-10-01,1,6,17,Days,12,12.0
2024-10-01,2,7,1,A,40,39.7
2024-10-01,2,7,1,B,61,60.4
2024-10-01,2,7,1,C,46,45.5
2024-10-01,2,7,1,Days,13,13.0
2024-10-01,2,7,2,A,17,16.7
2024-10-01,2,7,2,B,25,24.8
2024-10-01,2,7,2,C,16,16.0
2024-10-01,2,7,2,Days,7,7.0
2024-10-01,2,7,3,A,23,22.5
2024-10-01,2,7,3,B,35,34.3
2024-10-01,2,7,3,C,21,20.8
2024-10-01,2,7,3,Days,3,2.8
2024-10-01,2,7,4,A,2,2.0
2024-10-01,2,7,4,B,3,2.8
2024-10-01,2,7,4,C,1,1.0
2024-10-01,2,8,5,A,42,41.7
2024-10-01,2,8,5,B,31,30.7
2024-10-01,2,8,5,C,26,25.6
2024-10-01,2,8,5,Days,9,9.0
2024-10-01,2,8,6,A,20,19.5
2024-10-01,2,8,6,B,12,12.0
2024-10-01,2,8,6,C,14,14.0
2024-10-01,2,8,6,Days,3,3.0
2024-10-01,2,8,7,A,9,8.9
2024-10-01,2,8,7,B,4,4.0
2024-10-01,2,8,7,C,3,3.0
2024-10-01,2,9,8,A,15,15.0
2024-10-01,2,9,8,Days,54,53.5
2024-10-01,2,9,9,A,11,11.0
2024-10-01,2,9,9,Days,22,22.0
2024-10-01,2,10,10,Days,39,38.5
2024-10-01,2,10,11,A,2,2.0
2024-10-01,2,10,11,Days,32,31.7
2024-10-01,2,11,12,A,1,1.0
2024-10-01,2,11,12,Days,38,37.4
2024-10-01,2,11,13,Days,33,32.0
2024-10-01,2,11,14,Days,9,8.7
2024-10-01,2,12,15,A,1,1.0
2024-10-01,2,12,15,Days,47,46.6
2024-10-01,2,12,16,Days,37,36.4
2024-10-01,2,12,17,A,1,0.9
2024-10-01,2,12,17,Days,17,17.0
2024-10-01,3,13,1,A,73,71.7
2024-10-01,3,13,1,B,74,73.2
2024-10-01,3,13,1,C,53,52.6
2024-10-01,3,13,1,Days,18,17.8
2024-10-01,3,13,2,A,27,26.4
2024-10-01,3,13,2,B,26,25.7
2024-10-01,3,13,2,C,16,15.9
2024-10-01,3,13,2,Days,4,4.0
2024-10-01,3,13,3,A,29,29.0
2024-10-01,3,13,3,B,26,25.7
2024-10-01,3,13,3,C,17,16.8
2024-10-01,3,13,3,Days,8,8.0
2024-10-01,3,13,4,A,4,4.0
2024-10-01,3,13,4,B,6,6.0
2024-10-01,3,13,4,C,4,4.0
2024-10-01,3,14,5,A,37,36.6
2024-10-01,3,14,5,B,41,40.6
2024-10-01,3,14,5,C,24,23.8
2024-10-01,3,14,5,Days,11,11.0
2024-10-01,3,14,6,A,23,22.7
2024-10-01,3,14,6,B,15,14.8
2024-10-01,3,14,6,C,15,14.9
2024-10-01,3,14,6,Days,5,4.9
2024-10-01,3,14,7,A,7,7.0
2024-10-01,3,14,7,B,6,5.8
2024-10-01,3,14,7,C,4,4.0
2024-10-01,3,15,8,A,9,8.7
2024-10-01,3,15,8,Days,45,44.5
2024-10-01,3,15,9,A,6,6.0
2024-10-01,3,15,9,Days,21,21.0
2024-10-01,3,16,10,Days,31,30.6
2024-10-01,3,16,11,Days,29,28.6
2024-10-01,3,17,12,A,2,2.0
2024-10-01,3,17,12,Days,30,29.7
2024-10-01,3,17,13,A,1,1.0
2024-10-01,3,17,13,Days,22,21.7
2024-10-01,3,17,14,A,1,1.0
2024-10-01,3,17,14,Days,2,2.0
2024-10-01,3,18,15,A,1,1.0
2024-10-01,3,18,15,Days,20,19.6
2024-10-01,3,18,16,A,2,2.0
2024-10-01,3,18,16,Days,33,32.5
2024-10-01,3,18,17,A,1,1.0
2024-10-01,3,18,17,Days,7,6.9
2024-10-01,4,19,1,A,29,28.8
2024-10-01,4,19,1,B,28,27.8
2024-10-01,4,19,1,C,31,30.7
2024-10-01,4,19,1,Days,2,2.0
2024-10-01,4,19,2,A,11,10.7
2024-10-01,4,19,2,B,10,9.9
2024-10-01,4,19,2,C,10,9.9
2024-10-01,4,19,2,Days,1,1.0
2024-10-01,4,19,3,A,13,12.9
2024-10-01,4,19,3,B,17,17.0
2024-10-01,4,19,3,C,5,5.0
2024-10-01,4,19,3,Days,7,6.8
2024-10-01,4,19,4,A,4,4.0
2024-10-01,4,19,4,B,2,2.0
2024-10-01,4,19,4,C,1,1.0
2024-10-01,4,19,4,Days,1,1.0
2024-10-01,4,20,5,A,17,17.0
2024-10-01,4,20,5,B,28,27.8
2024-10-01,4,20,5,C,11,10.9
2024-10-01,4,20,5,Days,10,9.9
2024-10-01,4,20,6,A,9,9.0
2024-10-01,4,20,6,B,12,11.9
2024-10-01,4,20,6,C,12,11.8
2024-10-01,4,20,6,Days,3,3.0
2024-10-01,4,20,7,A,5,5.0
2024-10-01,4,20,7,B,4,3.9
2024-10-01,4,20,7,C,2,2.0
2024-10-01,4,21,8,A,6,6.0
2024-10-01,4,21,8,Days,37,36.3
2024-10-01,4,21,9,A,7,7.0
2024-10-01,4,21,9,Days,13,13.0
2024-10-01,4,22,10,A,1,1.0
2024-10-01,4,22,10,Days,39,38.3
2024-10-01,4,22,11,A,1,1.0
2024-10-01,4,22,11,Days,19,18.8
2024-10-01,4,23,12,Days,21,20.2
2024-10-01,4,23,13,A,1,1.0
2024-10-01,4,23,13,Days,24,23.9
2024-10-01,4,23,14,Days,7,6.9
2024-10-01,4,24,15,A,1,1.0
2024-10-01,4,24,15,Days,15,15.0
2024-10-01,4,24,16,A,2,2.0
2024-10-01,4,24,16,Days,21,20.9
2024-10-01,4,24,17,A,1,1.0
2024-10-01,4,24,17,Days,7,7.0
2024-11-01,1,1,1,A,66,65.0
2024-11-01,1,1,1,B,75,74.4
2024-11-01,1,1,1,C,57,56.8
2024-11-01,1,1,1,Days,20,19.9
2024-11-01,1,1,2,A,23,23.0
2024-11-01,1,1,2,B,31,30.1
2024-11-01,1,1,2,C,19,18.8
2024-11-01,1,1,2,Days,3,3.0
2024-11-01,1,1,3,A,23,22.7
2024-11-01,1,1,3,B,35,34.4
2024-11-01,1,1,3,C,23,22.6
2024-11-01,1,1,3,Days,12,11.9
2024-11-01,1,1,4,A,1,1.0
2024-11-01,1,1,4,B,6,5.8
2024-11-01,1,1,4,C,1,1.0
2024-11-01,1,1,4,Days,1,1.0
2024-11-01,1,2,5,A,47,46.5
2024-11-01,1,2,5,B,38,37.8
2024-11-01,1,2,5,C,30,29.6
2024-11-01,1,2,5,Days,7,6.8
2024-11-01,1,2,6,A,20,19.9
2024-11-01,1,2,6,B,19,19.0
2024-11-01,1,2,6,C,10,9.8
2024-11-01,1,2,6,Days,3,3.0
2024-11-01,1,2,7,A,6,6.0
2024-11-01,1,2,7,B,3,3.0
2024-11-01,1,2,7,C,2,2.0
2024-11-01,1,2,7,Days,2,2.0
2024-11-01,1,3,8,A,11,10.8
2024-11-01,1,3,8,Days,44,43.8
2024-11-01,1,3,9,A,4,3.9
2024-11-01,1,3,9,Days,23,22.5
2024-11-01,1,4,10,A,2,2.0
2024-11-01,1,4,10,Days,39,38.1
2024-11-01,1,4,11,A,2,2.0
2024-11-01,1,4,11,Days,37,36.8
2024-11-01,1,5,12,Days,45,44.6
2024-11-01,1,5,13,A,1,1.0
2024-11-01,1,5,13,Days,35,34.9
2024-11-01,1,5,14,A,1,1.0
2024-11-01,1,5,14,Days,6,5.8
2024-11-01,1,6,15,Days,43,42.4
2024-11-01,1,6,16,A,4,3.8
2024-11-01,1,6,16,Days,47,46.7
2024-11-01,1,6,17,Days,12,12.0
2024-11-01,2,7,1,A,40,39.7
2024-11-01,2,7,1,B,61,60.4
2024-11-01,2,7,1,C,46,45.5
2024-11-01,2,7,1,Days,13,13.0
2024-11-01,2,7,2,A,17,16.7
2024-11-01,2,7,2,B,25,24.8
2024-11-01,2,7,2,C,16,16.0
2024-11-01,2,7,2,Days,7,7.0
2024-11-01,2,7,3,A,23,22.5
2024-11-01,2,7,3,B,33,32.3
2024-11-01,2,7,3,C,21,20.8
2024-11-01,2,7,3,Days,3,2.8
2024-11-01,2,7,4,A,2,2.0
2024-11-01,2,7,4,B,3,2.8
2024-11-01,2,7,4,C,1,1.0
2024-11-01,2,8,5,A,42,41.7
2024-11-01,2,8,5,B,29,28.8
2024-11-01,2,8,5,C,26,25.6
2024-11-01,2,8,5,Days,9,9.0
2024-11-01,2,8,6,A,18,17.5
2024-11-01,2,8,6,B,12,12.0
2024-11-01,2,8,6,C,14,14.0
2024-11-01,2,8,6,Days,3,3.0
2024-11-01,2,8,7,A,9,8.9
2024-11-01,2,8,7,B,4,4.0
2024-11-01,2,8,7,C,3,3.0
2024-11-01,2,9,8,A,15,15.0
2024-11-01,2,9,8,Days,54,53.5
2024-11-01,2,9,9,A,11,11.0
2024-11-01,2,9,9,Days,22,22.0
2024-11-01,2,10,10,Days,38,37.6
2024-11-01,2,10,11,A,2,2.0
2024-11-01,2,10,11,Days,34,33.5
2024-11-01,2,11,12,A,1,1.0
2024-11-01,2,11,12,Days,38,37.4
2024-11-01,2,11,13,Days,33,32.0
2024-11-01,2,11,14,Days,8,7.7
2024-11-01,2,12,15,A,1,1.0
2024-11-01,2,12,15,Days,47,46.6
2024-11-01,2,12,16,Days,37,36.4
2024-11-01,2,12,17,A,1,0.9
2024-11-01,2,12,17,Days,17,17.0
2024-11-01,3,13,1,A,76,74.7
2024-11-01,3,13,1,B,76,75.2
2024-11-01,3,13,1,C,55,54.6
2024-11-01,3,13,1,Days,19,18.8
2024-11-01,3,13,2,A,27,26.4
2024-11-01,3,13,2,B,27,26.6
2024-11-01,3,13,2,C,17,16.9
2024-11-01,3,13,2,Days,4,4.0
2024-11-01,3,13,3,A,27,27.0
2024-11-01,3,13,3,B,26,25.7
2024-11-01,3,13,3,C,17,16.8
2024-11-01,3,13,3,Days,8,8.0
2024-11-01,3,13,4,A,4,4.0
2024-11-01,3,13,4,B,6,6.0
2024-11-01,3,13,4,C,4,4.0
2024-11-01,3,14,5,A,36,35.6
2024-11-01,3,14,5,B,40,39.6
2024-11-01,3,14,5,C,24,23.8
2024-11-01,3,14,5,Days,11,11.0
2024-11-01,3,14,6,A,23,22.7
2024-11-01,3,14,6,B,15,14.8
2024-11-01,3,14,6,C,15,14.9
2024-11-01,3,14,6,Days,6,5.9
2024-11-01,3,14,7,A,8,7.9
2024-11-01,3,14,7,B,6,5.8
2024-11-01,3,14,7,C,4,4.0
2024-11-01,3,15,8,A,10,9.7
2024-11-01,3,15,8,Days,47,46.5
2024-11-01,3,15,9,A,6,6.0
2024-11-01,3,15,9,Days,20,20.0
2024-11-01,3,16,10,Days,32,31.5
2024-11-01,3,16,11,Days,29,28.6
2024-11-01,3,17,12,A,2,2.0
2024-11-01,3,17,12,Days,30,29.7
2024-11-01,3,17,13,A,1,1.0
2024-11-01,3,17,13,Days,23,22.7
2024-11-01,3,17,14,A,1,1.0
2024-11-01,3,17,14,Days,2,2.0
2024-11-01,3,18,15,A,1,1.0
2024-11-01,3,18,15,Days,21,20.6
2024-11-01,3,18,16,A,2,2.0
2024-11-01,3,18,16,Days,32,31.5
2024-11-01,3,18,17,A,1,1.0
2024-11-01,3,18,17,Days,7,6.9
2024-11-01,4,19,1,A,29,28.8
2024-11-01,4,19,1,B,28,27.8
2024-11-01,4,19,1,C,31,30.7
2024-11-01,4,19,1,Days,2,2.0
2024-11-01,4,19,2,A,10,9.7
2024-11-01,4,19,2,B,9,8.9
2024-11-01,4,19,2,C,10,9.9
2024-11-01,4,19,2,Days,1,1.0
2024-11-01,4,19,3,A,13,12.9
2024-11-01,4,19,3,B,17,17.0
2024-11-01,4,19,3,C,4,4.0
2024-11-01,4,19,3,Days,7,6.8
2024-11-01,4,19,4,A,4,4.0
2024-11-01,4,19,4,B,2,2.0
2024-11-01,4,19,4,C,1,1.0
2024-11-01,4,19,4,Days,1,1.0
2024-11-01,4,20,5,A,17,17.0
2024-11-01,4,20,5,B,27,26.8
2024-11-01,4,20,5,C,12,11.9
2024-11-01,4,20,5,Days,10,9.9
2024-11-01,4,20,6,A,9,9.0
2024-11-01,4,20,6,B,13,12.9
2024-11-01,4,20,6,C,11,10.9
2024-11-01,4,20,6,Days,2,2.0
2024-11-01,4,20,7,A,7,7.0
2024-11-01,4,20,7,B,4,3.9
2024-11-01,4,20,7,C,2,2.0
2024-11-01,4,21,8,A,6,6.0
2024-11-01,4,21,8,Days,37,36.3
2024-11-01,4,21,9,A,7,7.0
2024-11-01,4,21,9,Days,13,13.0
2024-11-01,4,22,10,A,1,1.0
2024-11-01,4,22,10,Days,39,38.3
2024-11-01,4,22,11,A,1,1.0
2024-11-01,4,22,11,Days,19,18.8
2024-11-01,4,23,12,Days,20,19.2
2024-11-01,4,23,13,A,1,1.0
2024-11-01,4,23,13,Days,24,23.9
2024-11-01,4,23,14,Days,7,6.9
2024-11-01,4,24,15,A,1,1.0
2024-11-01,4,24,15,Days,17,17.0
2024-11-01,4,24,16,A,2,2.0
2024-11-01,4,24,16,Days,21,20.9
2024-11-01,4,24,17,A,1,1.0
2024-11-01,4,24,17,Days,7,7.0
2024-12-01,1,1,1,A,65,64.0
2024-12-01,1,1,1,B,74,73.4
2024-12-01,1,1,1,C,56,55.8
2024-12-01,1,1,1,Days,20,19.9
2024-12-01,1,1,2,A,22,22.0
2024-12-01,1,1,2,B,31,30.1
2024-12-01,1,1,2,C,18,17.8
2024-12-01,1,1,2,Days,3,3.0
2024-12-01,1,1,3,A,23,22.7
2024-12-01,1,1,3,B,35,34.4
2024-12-01,1,1,3,C,23,22.6
2024-12-01,1,1,3,Days,12,11.9
2024-12-01,1,1,4,A,1,1.0
2024-12-01,1,1,4,B,6,5.8
2024-12-01,1,1,4,C,1,1.0
2024-12-01,1,2,5,A,47,46.5
2024-12-01,1,2,5,B,37,36.8
2024-12-01,1,2,5,C,29,28.6
2024-12-01,1,2,5,Days,7,6.8
2024-12-01,1,2,6,A,20,19.9
2024-12-01,1,2,6,B,19,19.0
2024-12-01,1,2,6,C,10,9.8
2024-12-01,1,2,6,Days,3,3.0
2024-12-01,1,2,7,A,6,6.0
2024-12-01,1,2,7,B,3,3.0
2024-12-01,1,2,7,C,2,2.0
2024-12-01,1,2,7,Days,2,2.0
2024-12-01,1,3,8,A,11,10.8
2024-12-01,1,3,8,Days,41,40.8
2024-12-01,1,3,9,A,4,3.9
2024-12-01,1,3,9,Days,23,22.5
2024-12-01,1,4,10,A,2,2.0
2024-12-01,1,4,10,Days,39,38.1
2024-12-01,1,4,11,A,2,2.0
2024-12-01,1,4,11,Days,37,36.8
2024-12-01,1,5,12,Days,45,44.6
2024-12-01,1,5,13,A,1,1.0
2024-12-01,1,5,13,Days,35,34.9
2024-12-01,1,5,14,A,1,1.0
2024-12-01,1,5,14,Days,6,5.8
2024-12-01,1,6,15,Days,42,41.4
2024-12-01,1,6,16,A,4,3.8
2024-12-01,1,6,16,Days,46,45.7
2024-12-01,1,6,17,Days,12,12.0
2024-12-01,2,7,1,A,40,39.7
2024-12-01,2,7,1,B,61,60.4
2024-12-01,2,7,1,C,44,43.5
2024-12-01,2,7,1,Days,13,13.0
2024-12-01,2,7,2,A,17,16.7
2024-12-01,2,7,2,B,25,24.8
2024-12-01,2,7,2,C,16,16.0
2024-12-01,2,7,2,Days,7,7.0
2024-12-01,2,7,3,A,23,22.5
2024-12-01,2,7,3,B,31,30.3
2024-12-01,2,7,3,C,20,19.8
2024-12-01,2,7,3,Days,3,2.8
2024-12-01,2,7,4,A,2,2.0
2024-12-01,2,7,4,B,3,2.8
2024-12-01,2,7,4,C,1,1.0
2024-12-01,2,8,5,A,42,41.7
2024-12-01,2,8,5,B,29,28.8
2024-12-01,2,8,5,C,26,25.6
2024-12-01,2,8,5,Days,9,9.0
2024-12-01,2,8,6,A,18,17.5
2024-12-01,2,8,6,B,12,12.0
2024-12-01,2,8,6,C,14,14.0
2024-12-01,2,8,6,Days,3,3.0
2024-12-01,2,8,7,A,9,8.9
2024-12-01,2,8,7,B,4,4.0
2024-12-01,2,8,7,C,3,3.0
2024-12-01,2,9,8,A,15,15.0
2024-12-01,2,9,8,Days,54,53.5
2024-12-01,2,9,9,A,11,11.0
2024-12-01,2,9,9,Days,22,22.0
2024-12-01,2,10,10,Days,38,37.6
2024-12-01,2,10,11,A,2,2.0
2024-12-01,2,10,11,Days,34,33.5
2024-12-01,2,11,12,A,1,1.0
2024-12-01,2,11,12,Days,38,37.4
2024-12-01,2,11,13,Days,33,32.0
2024-12-01,2,11,14,Days,8,7.7
2024-12-01,2,12,15,A,1,1.0
2024-12-01,2,12,15,Days,46,45.6
2024-12-01,2,12,16,Days,37,36.4
2024-12-01,2,12,17,A,1,0.9
2024-12-01,2,12,17,Days,17,17.0
2024-12-01,3,13,1,A,75,73.7
2024-12-01,3,13,1,B,78,77.2
2024-12-01,3,13,1,C,54,53.6
2024-12-01,3,13,1,Days,19,18.8
2024-12-01,3,13,2,A,26,25.4
2024-12-01,3,13,2,B,27,26.6
2024-12-01,3,13,2,C,17,16.9
2024-12-01,3,13,2,Days,4,4.0
2024-12-01,3,13,3,A,25,25.0
2024-12-01,3,13,3,B,25,24.7
2024-12-01,3,13,3,C,19,18.8
2024-12-01,3,13,3,Days,8,8.0
2024-12-01,3,13,4,A,4,4.0
2024-12-01,3,13,4,B,6,6.0
2024-12-01,3,13,4,C,4,4.0
2024-12-01,3,14,5,A,36,35.6
2024-12-01,3,14,5,B,39,38.7
2024-12-01,3,14,5,C,24,23.8
2024-12-01,3,14,5,Days,11,11.0
2024-12-01,3,14,6,A,24,23.7
2024-12-01,3,14,6,B,14,13.8
2024-12-01,3,14,6,C,15,14.9
2024-12-01,3,14,6,Days,6,5.9
2024-12-01,3,14,7,A,8,7.9
2024-12-01,3,14,7,B,6,5.8
2024-12-01,3,14,7,C,4,4.0
2024-12-01,3,15,8,A,10,9.7
2024-12-01,3,15,8,Days,47,46.4
2024-12-01,3,15,9,A,7,7.0
2024-12-01,3,15,9,Days,20,20.0
2024-12-01,3,16,10,Days,32,31.6
2024-12-01,3,16,11,Days,29,28.6
2024-12-01,3,17,12,A,2,2.0
2024-12-01,3,17,12,Days,29,28.8
2024-12-01,3,17,13,A,1,1.0
2024-12-01,3,17,13,Days,23,22.7
2024-12-01,3,17,14,A,1,1.0
2024-12-01,3,17,14,Days,2,2.0
2024-12-01,3,18,15,A,1,1.0
2024-12-01,3,18,15,Days,22,21.6
2024-12-01,3,18,16,A,2,2.0
2024-12-01,3,18,16,Days,31,30.5
2024-12-01,3,18,17,A,1,1.0
2024-12-01,3,18,17,Days,7,6.9
2024-12-01,4,19,1,A,29,28.8
2024-12-01,4,19,1,B,27,26.8
2024-12-01,4,19,1,C,31,30.7
2024-12-01,4,19,1,Days,2,2.0
2024-12-01,4,19,2,A,10,9.7
2024-12-01,4,19,2,B,9,8.9
2024-12-01,4,19,2,C,10,9.9
2024-12-01,4,19,2,Days,1,1.0
2024-12-01,4,19,3,A,12,11.9
2024-12-01,4,19,3,B,17,17.0
2024-12-01,4,19,3,C,4,4.0
2024-12-01,4,19,3,Days,7,6.8
2024-12-01,4,19,4,A,4,4.0
2024-12-01,4,19,4,B,2,2.0
2024-12-01,4,19,4,C,1,1.0
2024-12-01,4,19,4,Days,1,1.0
2024-12-01,4,20,5,A,17,17.0
2024-12-01,4,20,5,B,27,26.8
2024-12-01,4,20,5,C,12,11.9
2024-12-01,4,20,5,Days,10,9.9
2024-12-01,4,20,6,A,9,9.0
2024-12-01,4,20,6,B,13,12.9
2024-12-01,4,20,6,C,11,10.9
2024-12-01,4,20,6,Days,2,2.0
2024-12-01,4,20,7,A,7,7.0
2024-12-01,4,20,7,B,4,3.9
2024-12-01,4,20,7,C,1,1.0
2024-12-01,4,21,8,A,7,7.0
2024-12-01,4,21,8,Days,37,36.3
2024-12-01,4,21,9,A,7,7.0
2024-12-01,4,21,9,Days,12,12.0
2024-12-01,4,22,10,A,1,1.0
2024-12-01,4,22,10,Days,39,38.3
2024-12-01,4,22,11,A,1,1.0
2024-12-01,4,22,11,Days,18,17.8
2024-12-01,4,23,12,Days,18,17.4
2024-12-01,4,23,13,A,1,1.0
2024-12-01,4,23,13,Days,24,23.9
2024-12-01,4,23,14,Days,7,6.9
2024-12-01,4,24,15,A,1,1.0
2024-12-01,4,24,15,Days,17,17.0
2024-12-01,4,24,16,A,2,2.0
2024-12-01,4,24,16,Days,21,20.9
2024-12-01,4,24,17,A,1,1.0
2024-12-01,4,24,17,Days,7,7.0
2025-01-01,1,1,1,A,65,64.0
2025-01-01,1,1,1,B,73,72.4
2025-01-01,1,1,1,C,54,53.8
2025-01-01,1,1,1,Days,20,19.9
2025-01-01,1,1,2,A,21,21.0
2025-01-01,1,1,2,B,31,30.1
2025-01-01,1,1,2,C,16,15.8
2025-01-01,1,1,2,Days,3,3.0
2025-01-01,1,1,3,A,23,22.7
2025-01-01,1,1,3,B,35,34.4
2025-01-01,1,1,3,C,23,22.6
2025-01-01,1,1,3,Days,12,11.9
2025-01-01,1,1,4,A,1,1.0
2025-01-01,1,1,4,B,6,5.8
2025-01-01,1,1,4,C,1,1.0
2025-01-01,1,2,5,A,47,46.5
2025-01-01,1,2,5,B,37,36.8
2025-01-01,1,2,5,C,29,28.6
2025-01-01,1,2,5,Days,7,6.8
2025-01-01,1,2,6,A,19,18.9
2025-01-01,1,2,6,B,19,19.0
2025-01-01,1,2,6,C,10,9.8
2025-01-01,1,2,6,Days,2,2.0
2025-01-01,1,2,7,A,6,6.0
2025-01-01,1,2,7,B,3,3.0
2025-01-01,1,2,7,C,2,2.0
2025-01-01,1,2,7,Days,2,2.0
2025-01-01,1,3,8,A,11,10.8
2025-01-01,1,3,8,Days,41,40.8
2025-01-01,1,3,9,A,4,3.9
2025-01-01,1,3,9,Days,23,22.5
2025-01-01,1,4,10,A,2,2.0
2025-01-01,1,4,10,Days,39,38.1
2025-01-01,1,4,11,A,2,2.0
2025-01-01,1,4,11,Days,37,36.8
2025-01-01,1,5,12,Days,45,44.6
2025-01-01,1,5,13,A,1,1.0
2025-01-01,1,5,13,Days,35,34.9
2025-01-01,1,5,14,A,1,1.0
2025-01-01,1,5,14,Days,6,5.8
2025-01-01,1,6,15,Days,42,41.4
2025-01-01,1,6,16,A,4,3.8
2025-01-01,1,6,16,Days,46,45.7
2025-01-01,1,6,17,Days,12,12.0
2025-01-01,2,7,1,A,40,39.7
2025-01-01,2,7,1,B,59,58.4
2025-01-01,2,7,1,C,44,43.5
2025-01-01,2,7,1,Days,13,13.0
2025-01-01,2,7,2,A,16,15.7
2025-01-01,2,7,2,B,24,23.9
2025-01-01,2,7,2,C,16,16.0
2025-01-01,2,7,2,Days,7,7.0
2025-01-01,2,7,3,A,23,22.5
2025-01-01,2,7,3,B,30,29.3
2025-01-01,2,7,3,C,19,18.8
2025-01-01,2,7,3,Days,3,2.8
2025-01-01,2,7,4,A,2,2.0
2025-01-01,2,7,4,B,3,2.8
2025-01-01,2,7,4,C,1,1.0
2025-01-01,2,8,5,A,42,41.7
2025-01-01,2,8,5,B,28,27.8
2025-01-01,2,8,5,C,26,25.6
2025-01-01,2,8,5,Days,9,9.0
2025-01-01,2,8,6,A,17,16.5
2025-01-01,2,8,6,B,12,12.0
2025-01-01,2,8,6,C,14,14.0
2025-01-01,2,8,6,Days,3,3.0
2025-01-01,2,8,7,A,9,8.9
2025-01-01,2,8,7,B,4,4.0
2025-01-01,2,8,7,C,3,3.0
2025-01-01,2,9,8,A,15,15.0
2025-01-01,2,9,8,Days,54,53.5
2025-01-01,2,9,9,A,11,11.0
2025-01-01,2,9,9,Days,22,22.0
2025-01-01,2,10,10,Days,38,37.6
2025-01-01,2,10,11,A,2,2.0
2025-01-01,2,10,11,Days,34,33.5
2025-01-01,2,11,12,A,1,1.0
2025-01-01,2,11,12,Days,38,37.4
2025-01-01,2,11,13,Days,31,30.1
2025-01-01,2,11,14,Days,8,7.7
2025-01-01,2,12,15,A,1,1.0
2025-01-01,2,12,15,Days,44,43.6
2025-01-01,2,12,16,Days,36,35.6
2025-01-01,2,12,17,A,1,0.9
2025-01-01,2,12,17,Days,17,17.0
2025-01-01,3,13,1,A,73,71.7
2025-01-01,3,13,1,B,77,76.2
2025-01-01,3,13,1,C,51,50.6
2025-01-01,3,13,1,Days,19,18.8
2025-01-01,3,13,2,A,26,25.4
2025-01-01,3,13,2,B,27,26.6
2025-01-01,3,13,2,C,16,15.9
2025-01-01,3,13,2,Days,4,4.0
2025-01-01,3,13,3,A,25,25.0
2025-01-01,3,13,3,B,25,24.7
2025-01-01,3,13,3,C,19,18.8
2025-01-01,3,13,3,Days,8,8.0
2025-01-01,3,13,4,A,4,4.0
2025-01-01,3,13,4,B,6,6.0
2025-01-01,3,13,4,C,4,4.0
2025-01-01,3,14,5,A,36,35.6
2025-01-01,3,14,5,B,38,37.7
2025-01-01,3,14,5,C,23,22.8
2025-01-01,3,14,5,Days,10,10.0
2025-01-01,3,14,6,A,24,23.7
2025-01-01,3,14,6,B,14,13.8
2025-01-01,3,14,6,C,15,14.9
2025-01-01,3,14,6,Days,6,5.9
2025-01-01,3,14,7,A,8,7.9
2025-01-01,3,14,7,B,6,5.8
2025-01-01,3,14,7,C,4,4.0
2025-01-01,3,15,8,A,8,7.7
2025-01-01,3,15,8,Days,46,45.4
2025-01-01,3,15,9,A,7,7.0
2025-01-01,3,15,9,Days,20,20.0
2025-01-01,3,16,10,Days,32,31.6
2025-01-01,3,16,11,Days,29,28.6
2025-01-01,3,17,12,A,2,2.0
2025-01-01,3,17,12,Days,29,28.8
2025-01-01,3,17,13,A,1,1.0
2025-01-01,3,17,13,Days,22,21.7
2025-01-01,3,17,14,A,1,1.0
2025-01-01,3,17,14,Days,2,2.0
2025-01-01,3,18,15,A,1,1.0
2025-01-01,3,18,15,Days,22,21.6
2025-01-01,3,18,16,A,2,2.0
2025-01-01,3,18,16,Days,31,30.5
2025-01-01,3,18,17,A,1,1.0
2025-01-01,3,18,17,Days,7,6.9
2025-01-01,4,19,1,A,29,28.8
2025-01-01,4,19,1,B,27,26.8
2025-01-01,4,19,1,C,31,30.7
2025-01-01,4,19,1,Days,2,2.0
2025-01-01,4,19,2,A,10,9.7
2025-01-01,4,19,2,B,9,8.9
2025-01-01,4,19,2,C,10,9.9
2025-01-01,4,19,2,Days,1,1.0
2025-01-01,4,19,3,A,12,11.9
2025-01-01,4,19,3,B,17,17.0
2025-01-01,4,19,3,C,4,4.0
2025-01-01,4,19,3,Days,6,5.8
2025-01-01,4,19,4,A,4,4.0
2025-01-01,4,19,4,B,2,2.0
2025-01-01,4,19,4,C,1,1.0
2025-01-01,4,19,4,Days,1,1.0
2025-01-01,4,20,5,A,17,17.0
2025-01-01,4,20,5,B,27,26.8
2025-01-01,4,20,5,C,12,11.9
2025-01-01,4,20,5,Days,9,8.9
2025-01-01,4,20,6,A,9,9.0
2025-01-01,4,20,6,B,13,12.9
2025-01-01,4,20,6,C,11,10.9
2025-01-01,4,20,6,Days,2,2.0
2025-01-01,4,20,7,A,7,7.0
2025-01-01,4,20,7,B,4,3.9
2025-01-01,4,20,7,C,1,1.0
2025-01-01,4,21,8,A,7,7.0
2025-01-01,4,21,8,Days,37,36.3
2025-01-01,4,21,9,A,7,7.0
2025-01-01,4,21,9,Days,12,12.0
2025-01-01,4,22,10,A,1,1.0
2025-01-01,4,22,10,Days,39,38.3
2025-01-01,4,22,11,A,1,1.0
2025-01-01,4,22,11,Days,18,17.8
2025-01-01,4,23,12,Days,17,16.5
2025-01-01,4,23,13,A,1,1.0
2025-01-01,4,23,13,Days,24,23.9
2025-01-01,4,23,14,Days,7,6.9
2025-01-01,4,24,15,A,1,1.0
2025-01-01,4,24,15,Days,17,17.0
2025-01-01,4,24,16,A,2,2.0
2025-01-01,4,24,16,Days,21,20.9
2025-01-01,4,24,17,A,1,1.0
2025-01-01,4,24,17,Days,7,7.0
2025-02-01,1,1,1,A,63,62.0
2025-02-01,1,1,1,B,72,71.4
2025-02-01,1,1,1,C,54,53.8
2025-02-01,1,1,1,Days,19,18.9
2025-02-01,1,1,2,A,19,19.0
2025-02-01,1,1,2,B,31,30.1
2025-02-01,1,1,2,C,16,15.8
2025-02-01,1,1,2,Days,3,3.0
2025-02-01,1,1,3,A,23,22.7
2025-02-01,1,1,3,B,35,34.4
2025-02-01,1,1,3,C,22,21.6
2025-02-01,1,1,3,Days,12,11.9
2025-02-01,1,1,4,A,1,1.0
2025-02-01,1,1,4,B,6,5.8
2025-02-01,1,1,4,C,1,1.0
2025-02-01,1,2,5,A,46,45.5
2025-02-01,1,2,5,B,37,36.8
2025-02-01,1,2,5,C,29,28.6
2025-02-01,1,2,5,Days,7,6.8
2025-02-01,1,2,6,A,19,18.9
2025-02-01,1,2,6,B,19,19.0
2025-02-01,1,2,6,C,10,9.8
2025-02-01,1,2,6,Days,1,1.0
2025-02-01,1,2,7,A,6,6.0
2025-02-01,1,2,7,B,3,3.0
2025-02-01,1,2,7,C,2,2.0
2025-02-01,1,2,7,Days,2,2.0
2025-02-01,1,3,8,A,11,10.8
2025-02-01,1,3,8,Days,41,40.8
2025-02-01,1,3,9,A,4,3.9
2025-02-01,1,3,9,Days,23,22.5
2025-02-01,1,4,10,A,2,2.0
2025-02-01,1,4,10,Days,39,38.1
2025-02-01,1,4,11,A,2,2.0
2025-02-01,1,4,11,Days,37,36.8
2025-02-01,1,5,12,Days,44,43.6
2025-02-01,1,5,13,A,1,1.0
2025-02-01,1,5,13,Days,35,34.9
2025-02-01,1,5,14,A,1,1.0
2025-02-01,1,5,14,Days,6,5.8
2025-02-01,1,6,15,Days,42,41.4
2025-02-01,1,6,16,A,4,3.8
2025-02-01,1,6,16,Days,46,45.7
2025-02-01,1,6,17,Days,11,11.0
2025-02-01,2,7,1,A,40,39.7
2025-02-01,2,7,1,B,58,57.4
2025-02-01,2,7,1,C,44,43.5
2025-02-01,2,7,1,Days,13,13.0
2025-02-01,2,7,2,A,16,15.7
2025-02-01,2,7,2,B,24,23.9
2025-02-01,2,7,2,C,15,15.0
2025-02-01,2,7,2,Days,7,7.0
2025-02-01,2,7,3,A,23,22.5
2025-02-01,2,7,3,B,30,29.3
2025-02-01,2,7,3,C,19,18.8
2025-02-01,2,7,3,Days,3,2.8
2025-02-01,2,7,4,A,2,2.0
2025-02-01,2,7,4,B,3,2.8
2025-02-01,2,7,4,C,1,1.0
2025-02-01,2,8,5,A,42,41.7
2025-02-01,2,8,5,B,28,27.8
2025-02-01,2,8,5,C,26,25.6
2025-02-01,2,8,5,Days,9,9.0
2025-02-01,2,8,6,A,17,16.5
2025-02-01,2,8,6,B,12,12.0
2025-02-01,2,8,6,C,14,14.0
2025-02-01,2,8,6,Days,3,3.0
2025-02-01,2,8,7,A,9,8.9
2025-02-01,2,8,7,B,4,4.0
2025-02-01,2,8,7,C,3,3.0
2025-02-01,2,9,8,A,15,15.0
2025-02-01,2,9,8,Days,54,53.5
2025-02-01,2,9,9,A,11,11.0
2025-02-01,2,9,9,Days,21,21.0
2025-02-01,2,10,10,Days,38,37.6
2025-02-01,2,10,11,A,2,2.0
2025-02-01,2,10,11,Days,33,32.5
2025-02-01,2,11,12,A,1,1.0
2025-02-01,2,11,12,Days,38,37.4
2025-02-01,2,11,13,Days,30,29.1
2025-02-01,2,11,14,Days,8,7.7
2025-02-01,2,12,15,A,1,1.0
2025-02-01,2,12,15,Days,44,43.6
2025-02-01,2,12,16,Days,36,35.6
2025-02-01,2,12,17,A,1,0.9
2025-02-01,2,12,17,Days,16,16.0
2025-02-01,3,13,1,A,71,69.7
2025-02-01,3,13,1,B,75,74.2
2025-02-01,3,13,1,C,50,49.6
2025-02-01,3,13,1,Days,19,18.8
2025-02-01,3,13,2,A,26,25.4
2025-02-01,3,13,2,B,27,26.6
2025-02-01,3,13,2,C,15,14.9
2025-02-01,3,13,2,Days,3,3.0
2025-02-01,3,13,3,A,25,25.0
2025-02-01,3,13,3,B,25,24.7
2025-02-01,3,13,3,C,19,18.8
2025-02-01,3,13,3,Days,7,7.0
2025-02-01,3,13,4,A,4,4.0
2025-02-01,3,13,4,B,6,6.0
2025-02-01,3,13,4,C,4,4.0
2025-02-01,3,14,5,A,36,35.6
2025-02-01,3,14,5,B,38,37.7
2025-02-01,3,14,5,C,22,21.8
2025-02-01,3,14,5,Days,10,10.0
2025-02-01,3,14,6,A,22,21.8
2025-02-01,3,14,6,B,14,13.8
2025-02-01,3,14,6,C,15,14.9
2025-02-01,3,14,6,Days,6,5.9
2025-02-01,3,14,7,A,8,7.9
2025-02-01,3,14,7,B,6,5.8
2025-02-01,3,14,7,C,4,4.0
2025-02-01,3,15,8,A,7,6.7
2025-02-01,3,15,8,Days,46,45.4
2025-02-01,3,15,9,A,7,7.0
2025-02-01,3,15,9,Days,19,19.0
2025-02-01,3,16,10,Days,31,30.6
2025-02-01,3,16,11,Days,29,28.6
2025-02-01,3,17,12,A,1,1.0
2025-02-01,3,17,12,Days,29,28.8
2025-02-01,3,17,13,A,1,1.0
2025-02-01,3,17,13,Days,22,21.7
2025-02-01,3,17,14,A,1,1.0
2025-02-01,3,17,14,Days,2,2.0
2025-02-01,3,18,15,A,1,1.0
2025-02-01,3,18,15,Days,20,19.7
2025-02-01,3,18,16,A,2,2.0
2025-02-01,3,18,16,Days,29,28.5
2025-02-01,3,18,17,A,1,1.0
2025-02-01,3,18,17,Days,6,5.9
2025-02-01,4,19,1,A,29,28.8
2025-02-01,4,19,1,B,27,26.8
2025-02-01,4,19,1,C,31,30.7
2025-02-01,4,19,1,Days,1,1.0
2025-02-01,4,19,2,A,10,9.7
2025-02-01,4,19,2,B,8,7.9
2025-02-01,4,19,2,C,10,9.9
2025-02-01,4,19,2,Days,1,1.0
2025-02-01,4,19,3,A,12,11.9
2025-02-01,4,19,3,B,17,17.0
2025-02-01,4,19,3,C,4,4.0
2025-02-01,4,19,3,Days,6,5.8
2025-02-01,4,19,4,A,4,4.0
2025-02-01,4,19,4,B,2,2.0
2025-02-01,4,19,4,C,1,1.0
2025-02-01,4,19,4,Days,1,1.0
2025-02-01,4,20,5,A,17,17.0
2025-02-01,4,20,5,B,26,25.8
2025-02-01,4,20,5,C,12,11.9
2025-02-01,4,20,5,Days,9,8.9
2025-02-01,4,20,6,A,9,9.0
2025-02-01,4,20,6,B,13,12.9
2025-02-01,4,20,6,C,11,10.9
2025-02-01,4,20,6,Days,2,2.0
2025-02-01,4,20,7,A,6,6.0
2025-02-01,4,20,7,B,4,3.9
2025-02-01,4,20,7,C,1,1.0
2025-02-01,4,21,8,A,7,7.0
2025-02-01,4,21,8,Days,37,36.3
2025-02-01,4,21,9,A,7,7.0
2025-02-01,4,21,9,Days,12,12.0
2025-02-01,4,22,10,A,1,1.0
2025-02-01,4,22,10,Days,39,38.3
2025-02-01,4,22,11,A,1,1.0
2025-02-01,4,22,11,Days,18,17.8
2025-02-01,4,23,12,Days,17,16.5
2025-02-01,4,23,13,A,1,1.0
2025-02-01,4,23,13,Days,23,22.9
2025-02-01,4,23,14,Days,7,6.9
2025-02-01,4,24,15,A,1,1.0
2025-02-01,4,24,15,Days,17,17.0
2025-02-01,4,24,16,A,2,2.0
2025-02-01,4,24,16,Days,20,19.9
2025-02-01,4,24,17,A,1,1.0
2025-02-01,4,24,17,Days,7,7.0
2025-03-01,1,1,1,A,62,61.0
2025-03-01,1,1,1,B,72,71.4
2025-03-01,1,1,1,C,53,52.8
2025-03-01,1,1,1,Days,19,18.9
2025-03-01,1,1,2,A,19,19.0
2025-03-01,1,1,2,B,31,30.1
2025-03-01,1,1,2,C,16,15.8
2025-03-01,1,1,2,Days,3,3.0
2025-03-01,1,1,3,A,22,21.7
2025-03-01,1,1,3,B,34,33.4
2025-03-01,1,1,3,C,22,21.6
2025-03-01,1,1,3,Days,12,11.9
2025-03-01,1,1,4,A,1,1.0
2025-03-01,1,1,4,B,6,5.8
2025-03-01,1,1,4,C,1,1.0
2025-03-01,1,2,5,A,46,45.5
2025-03-01,1,2,5,B,36,35.8
2025-03-01,1,2,5,C,29,28.6
2025-03-01,1,2,5,Days,7,6.8
2025-03-01,1,2,6,A,19,18.9
2025-03-01,1,2,6,B,19,19.0
2025-03-01,1,2,6,C,10,9.8
2025-03-01,1,2,6,Days,1,1.0
2025-03-01,1,2,7,A,5,5.0
2025-03-01,1,2,7,B,3,3.0
2025-03-01,1,2,7,C,2,2.0
2025-03-01,1,2,7,Days,2,2.0
2025-03-01,1,3,8,A,11,10.8
2025-03-01,1,3,8,Days,41,40.8
2025-03-01,1,3,9,A,4,3.9
2025-03-01,1,3,9,Days,22,21.6
2025-03-01,1,4,10,A,2,2.0
2025-03-01,1,4,10,Days,38,37.1
2025-03-01,1,4,11,A,2,2.0
2025-03-01,1,4,11,Days,37,36.8
2025-03-01,1,5,12,Days,43,42.6
2025-03-01,1,5,13,A,1,1.0
2025-03-01,1,5,13,Days,33,32.9
2025-03-01,1,5,14,A,1,1.0
2025-03-01,1,5,14,Days,6,5.8
2025-03-01,1,6,15,Days,42,41.4
2025-03-01,1,6,16,A,4,3.8
2025-03-01,1,6,16,Days,46,45.7
2025-03-01,1,6,17,Days,11,11.0
2025-03-01,2,7,1,A,40,39.7
2025-03-01,2,7,1,B,58,57.4
2025-03-01,2,7,1,C,44,43.5
2025-03-01,2,7,1,Days,13,13.0
2025-03-01,2,7,2,A,16,15.7
2025-03-01,2,7,2,B,24,23.9
2025-03-01,2,7,2,C,15,15.0
2025-03-01,2,7,2,Days,7,7.0
2025-03-01,2,7,3,A,22,21.5
2025-03-01,2,7,3,B,29,28.3
2025-03-01,2,7,3,C,19,18.8
2025-03-01,2,7,3,Days,3,2.8
2025-03-01,2,7,4,A,2,2.0
2025-03-01,2,7,4,B,3,2.8
2025-03-01,2,7,4,C,1,1.0
2025-03-01,2,8,5,A,41,40.7
2025-03-01,2,8,5,B,28,27.8
2025-03-01,2,8,5,C,26,25.6
2025-03-01,2,8,5,Days,9,9.0
2025-03-01,2,8,6,A,16,15.6
2025-03-01,2,8,6,B,12,12.0
2025-03-01,2,8,6,C,13,13.0
2025-03-01,2,8,6,Days,3,3.0
2025-03-01,2,8,7,A,9,8.9
2025-03-01,2,8,7,B,4,4.0
2025-03-01,2,8,7,C,3,3.0
2025-03-01,2,9,8,A,14,14.0
2025-03-01,2,9,8,Days,53,52.5
2025-03-01,2,9,9,A,11,11.0
2025-03-01,2,9,9,Days,21,21.0
2025-03-01,2,10,10,Days,38,37.6
2025-03-01,2,10,11,A,2,2.0
2025-03-01,2,10,11,Days,33,32.5
2025-03-01,2,11,12,A,1,1.0
2025-03-01,2,11,12,Days,38,37.4
2025-03-01,2,11,13,Days,29,28.1
2025-03-01,2,11,14,Days,8,7.7
2025-03-01,2,12,15,A,1,1.0
2025-03-01,2,12,15,Days,43,42.6
2025-03-01,2,12,16,Days,33,32.6
2025-03-01,2,12,17,A,1,0.9
2025-03-01,2,12,17,Days,16,16.0
2025-03-01,3,13,1,A,71,69.7
2025-03-01,3,13,1,B,75,74.2
2025-03-01,3,13,1,C,50,49.6
2025-03-01,3,13,1,Days,19,18.8
2025-03-01,3,13,2,A,26,25.4
2025-03-01,3,13,2,B,27,26.6
2025-03-01,3,13,2,C,15,14.9
2025-03-01,3,13,2,Days,3,3.0
2025-03-01,3,13,3,A,25,25.0
2025-03-01,3,13,3,B,23,22.7
2025-03-01,3,13,3,C,19,18.8
2025-03-01,3,13,3,Days,7,7.0
2025-03-01,3,13,4,A,4,4.0
2025-03-01,3,13,4,B,6,6.0
2025-03-01,3,13,4,C,4,4.0
2025-03-01,3,14,5,A,36,35.6
2025-03-01,3,14,5,B,37,36.7
2025-03-01,3,14,5,C,22,21.8
2025-03-01,3,14,5,Days,10,10.0
2025-03-01,3,14,6,A,21,20.8
2025-03-01,3,14,6,B,14,13.8
2025-03-01,3,14,6,C,15,14.9
2025-03-01,3,14,6,Days,6,5.9
2025-03-01,3,14,7,A,8,7.9
2025-03-01,3,14,7,B,6,5.8
2025-03-01,3,14,7,C,4,4.0
2025-03-01,3,15,8,A,7,6.7
2025-03-01,3,15,8,Days,45,44.4
2025-03-01,3,15,9,A,7,7.0
2025-03-01,3,15,9,Days,19,19.0
2025-03-01,3,16,10,Days,30,29.7
2025-03-01,3,16,11,Days,29,28.6
2025-03-01,3,17,12,A,1,1.0
2025-03-01,3,17,12,Days,29,28.8
2025-03-01,3,17,13,A,1,1.0
2025-03-01,3,17,13,Days,22,21.7
2025-03-01,3,17,14,A,1,1.0
2025-03-01,3,17,14,Days,2,2.0
2025-03-01,3,18,15,A,1,1.0
2025-03-01,3,18,15,Days,20,19.7
2025-03-01,3,18,16,A,2,2.0
2025-03-01,3,18,16,Days,29,28.5
2025-03-01,3,18,17,A,1,1.0
2025-03-01,3,18,17,Days,6,5.9
2025-03-01,4,19,1,A,28,27.8
2025-03-01,4,19,1,B,27,26.8
2025-03-01,4,19,1,C,28,27.7
2025-03-01,4,19,1,Days,1,1.0
2025-03-01,4,19,2,A,10,9.7
2025-03-01,4,19,2,B,8,7.9
2025-03-01,4,19,2,C,10,9.9
2025-03-01,4,19,2,Days,1,1.0
2025-03-01,4,19,3,A,11,10.9
2025-03-01,4,19,3,B,17,17.0
2025-03-01,4,19,3,C,4,4.0
2025-03-01,4,19,3,Days,6,5.8
2025-03-01,4,19,4,A,3,3.0
2025-03-01,4,19,4,B,2,2.0
2025-03-01,4,19,4,C,1,1.0
2025-03-01,4,19,4,Days,1,1.0
2025-03-01,4,20,5,A,17,17.0
2025-03-01,4,20,5,B,26,25.8
2025-03-01,4,20,5,C,12,11.9
2025-03-01,4,20,5,Days,9,8.9
2025-03-01,4,20,6,A,9,9.0
2025-03-01,4,20,6,B,13,12.9
2025-03-01,4,20,6,C,11,10.9
2025-03-01,4,20,6,Days,2,2.0
2025-03-01,4,20,7,A,6,6.0
2025-03-01,4,20,7,B,4,3.9
2025-03-01,4,20,7,C,1,1.0
2025-03-01,4,21,8,A,7,7.0
2025-03-01,4,21,8,Days,36,35.3
2025-03-01,4,21,9,A,7,7.0
2025-03-01,4,21,9,Days,12,12.0
2025-03-01,4,22,10,A,1,1.0
2025-03-01,4,22,10,Days,38,37.3
2025-03-01,4,22,11,A,1,1.0
2025-03-01,4,22,11,Days,18,17.8
2025-03-01,4,23,12,Days,17,16.5
2025-03-01,4,23,13,A,1,1.0
2025-03-01,4,23,13,Days,23,22.9
2025-03-01,4,23,14,Days,7,6.9
2025-03-01,4,24,15,A,1,1.0
2025-03-01,4,24,15,Days,17,17.0
2025-03-01,4,24,16,A,2,2.0
2025-03-01,4,24,16,Days,20,19.9
2025-03-01,4,24,17,A,1,1.0
2025-03-01,4,24,17,Days,7,7.0
2025-04-01,1,1,1,A,60,59.1
2025-04-01,1,1,1,B,71,70.4
2025-04-01,1,1,1,C,52,51.8
2025-04-01,1,1,1,Days,19,18.9
2025-04-01,1,1,2,A,19,19.0
2025-04-01,1,1,2,B,31,30.1
2025-04-01,1,1,2,C,16,15.8
2025-04-01,1,1,2,Days,3,3.0
2025-04-01,1,1,3,A,21,20.7
2025-04-01,1,1,3,B,34,33.4
2025-04-01,1,1,3,C,22,21.6
2025-04-01,1,1,3,Days,12,11.9
2025-04-01,1,1,4,A,1,1.0
2025-04-01,1,1,4,B,6,5.8
2025-04-01,1,1,4,C,1,1.0
2025-04-01,1,2,5,A,46,45.5
2025-04-01,1,2,5,B,35,34.8
2025-04-01,1,2,5,C,29,28.6
2025-04-01,1,2,5,Days,7,6.8
2025-04-01,1,2,6,A,19,18.9
2025-04-01,1,2,6,B,19,19.0
2025-04-01,1,2,6,C,10,9.8
2025-04-01,1,2,6,Days,1,1.0
2025-04-01,1,2,7,A,5,5.0
2025-04-01,1,2,7,B,3,3.0
2025-04-01,1,2,7,C,2,2.0
2025-04-01,1,2,7,Days,2,2.0
2025-04-01,1,3,8,A,10,9.8
2025-04-01,1,3,8,Days,41,40.8
2025-04-01,1,3,9,A,4,3.9
2025-04-01,1,3,9,Days,22,21.6
2025-04-01,1,4,10,A,2,2.0
2025-04-01,1,4,10,Days,38,37.1
2025-04-01,1,4,11,A,2,2.0
2025-04-01,1,4,11,Days,37,36.8
2025-04-01,1,5,12,Days,43,42.6
2025-04-01,1,5,13,A,1,1.0
2025-04-01,1,5,13,Days,33,32.9
2025-04-01,1,5,14,A,1,1.0
2025-04-01,1,5,14,Days,6,5.8
2025-04-01,1,6,15,Days,42,41.4
2025-04-01,1,6,16,A,4,3.8
2025-04-01,1,6,16,Days,46,45.7
2025-04-01,1,6,17,Days,11,11.0
2025-04-01,2,7,1,A,40,39.7
2025-04-01,2,7,1,B,58,57.4
2025-04-01,2,7,1,C,43,42.5
2025-04-01,2,7,1,Days,13,13.0
2025-04-01,2,7,2,A,16,15.7
2025-04-01,2,7,2,B,23,22.9
2025-04-01,2,7,2,C,15,15.0
2025-04-01,2,7,2,Days,6,6.0
2025-04-01,2,7,3,A,22,21.5
2025-04-01,2,7,3,B,29,28.3
2025-04-01,2,7,3,C,18,18.0
2025-04-01,2,7,3,Days,3,2.8
2025-04-01,2,7,4,A,2,2.0
2025-04-01,2,7,4,B,3,2.8
2025-04-01,2,7,4,C,1,1.0
2025-04-01,2,8,5,A,39,38.7
2025-04-01,2,8,5,B,27,26.8
2025-04-01,2,8,5,C,25,24.6
2025-04-01,2,8,5,Days,9,9.0
2025-04-01,2,8,6,A,16,15.6
2025-04-01,2,8,6,B,11,11.0
2025-04-01,2,8,6,C,12,12.0
2025-04-01,2,8,6,Days,3,3.0
2025-04-01,2,8,7,A,9,8.9
2025-04-01,2,8,7,B,4,4.0
2025-04-01,2,8,7,C,3,3.0
2025-04-01,2,9,8,A,14,14.0
2025-04-01,2,9,8,Days,53,52.5
2025-04-01,2,9,9,A,11,11.0
2025-04-01,2,9,9,Days,21,21.0
2025-04-01,2,10,10,Days,38,37.6
2025-04-01,2,10,11,A,2,2.0
2025-04-01,2,10,11,Days,33,32.5
2025-04-01,2,11,12,A,1,1.0
2025-04-01,2,11,12,Days,38,37.4
2025-04-01,2,11,13,Days,29,28.1
2025-04-01,2,11,14,Days,8,7.7
2025-04-01,2,12,15,A,1,1.0
2025-04-01,2,12,15,Days,42,41.6
2025-04-01,2,12,16,Days,32,31.6
2025-04-01,2,12,17,A,1,0.9
2025-04-01,2,12,17,Days,16,16.0
2025-04-01,3,13,1,A,70,68.7
2025-04-01,3,13,1,B,73,72.2
2025-04-01,3,13,1,C,50,49.6
2025-04-01,3,13,1,Days,18,17.8
2025-04-01,3,13,2,A,26,25.4
2025-04-01,3,13,2,B,26,25.6
2025-04-01,3,13,2,C,15,14.9
2025-04-01,3,13,2,Days,3,3.0
2025-04-01,3,13,3,A,25,25.0
2025-04-01,3,13,3,B,23,22.7
2025-04-01,3,13,3,C,19,18.8
2025-04-01,3,13,3,Days,7,7.0
2025-04-01,3,13,4,A,4,4.0
2025-04-01,3,13,4,B,6,6.0
2025-04-01,3,13,4,C,4,4.0
2025-04-01,3,14,5,A,35,34.8
2025-04-01,3,14,5,B,36,35.7
2025-04-01,3,14,5,C,20,19.8
2025-04-01,3,14,5,Days,9,9.0
2025-04-01,3,14,6,A,21,20.8
2025-04-01,3,14,6,B,12,12.0
2025-04-01,3,14,6,C,15,14.9
2025-04-01,3,14,6,Days,6,5.9
2025-04-01,3,14,7,A,8,7.9
2025-04-01,3,14,7,B,6,5.8
2025-04-01,3,14,7,C,4,4.0
2025-04-01,3,15,8,A,7,6.7
2025-04-01,3,15,8,Days,44,43.4
2025-04-01,3,15,9,A,7,7.0
2025-04-01,3,15,9,Days,19,19.0
2025-04-01,3,16,10,Days,30,29.7
2025-04-01,3,16,11,Days,27,26.6
2025-04-01,3,17,12,A,1,1.0
2025-04-01,3,17,12,Days,29,28.8
2025-04-01,3,17,13,A,1,1.0
2025-04-01,3,17,13,Days,22,21.7
2025-04-01,3,17,14,A,1,1.0
2025-04-01,3,17,14,Days,2,2.0
2025-04-01,3,18,15,A,1,1.0
2025-04-01,3,18,15,Days,20,19.7
2025-04-01,3,18,16,A,2,2.0
2025-04-01,3,18,16,Days,29,28.5
2025-04-01,3,18,17,A,1,1.0
2025-04-01,3,18,17,Days,6,5.9
2025-04-01,4,19,1,A,27,26.8
2025-04-01,4,19,1,B,25,24.8
2025-04-01,4,19,1,C,28,27.7
2025-04-01,4,19,1,Days,1,1.0
2025-04-01,4,19,2,A,9,8.7
2025-04-01,4,19,2,B,8,7.9
2025-04-01,4,19,2,C,10,9.9
2025-04-01,4,19,2,Days,1,1.0
2025-04-01,4,19,3,A,11,10.9
2025-04-01,4,19,3,B,16,16.0
2025-04-01,4,19,3,C,4,4.0
2025-04-01,4,19,3,Days,6,5.8
2025-04-01,4,19,4,A,3,3.0
2025-04-01,4,19,4,B,2,2.0
2025-04-01,4,19,4,Days,1,1.0
2025-04-01,4,20,5,A,16,16.0
2025-04-01,4,20,5,B,26,25.8
2025-04-01,4,20,5,C,11,10.9
2025-04-01,4,20,5,Days,9,8.9
2025-04-01,4,20,6,A,9,9.0
2025-04-01,4,20,6,B,13,12.9
2025-04-01,4,20,6,C,11,10.9
2025-04-01,4,20,6,Days,2,2.0
2025-04-01,4,20,7,A,6,6.0
2025-04-01,4,20,7,B,4,3.9
2025-04-01,4,20,7,C,1,1.0
2025-04-01,4,21,8,A,7,7.0
2025-04-01,4,21,8,Days,36,35.3
2025-04-01,4,21,9,A,7,7.0
2025-04-01,4,21,9,Days,12,12.0
2025-04-01,4,22,10,A,1,1.0
2025-04-01,4,22,10,Days,38,37.3
2025-04-01,4,22,11,A,1,1.0
2025-04-01,4,22,11,Days,18,17.8
2025-04-01,4,23,12,Days,17,16.5
2025-04-01,4,23,13,A,1,1.0
2025-04-01,4,23,13,Days,23,22.9
2025-04-01,4,23,14,Days,7,6.9
2025-04-01,4,24,15,A,1,1.0
2025-04-01,4,24,15,Days,17,17.0
2025-04-01,4,24,16,A,2,2.0
2025-04-01,4,24,16,Days,20,19.9
2025-04-01,4,24,17,A,1,1.0
2025-04-01,4,24,17,Days,6,6.0
2025-05-01,1,1,1,A,59,58.1
2025-05-01,1,1,1,B,71,70.4
2025-05-01,1,1,1,C,51,50.8
2025-05-01,1,1,1,Days,19,18.9
2025-05-01,1,1,2,A,19,19.0
2025-05-01,1,1,2,B,31,30.1
2025-05-01,1,1,2,C,15,14.8
2025-05-01,1,1,2,Days,3,3.0
2025-05-01,1,1,3,A,21,20.7
2025-05-01,1,1,3,B,34,33.4
2025-05-01,1,1,3,C,22,21.6
2025-05-01,1,1,3,Days,12,11.9
2025-05-01,1,1,4,A,1,1.0
2025-05-01,1,1,4,B,6,5.8
2025-05-01,1,1,4,C,1,1.0
2025-05-01,1,2,5,A,46,45.5
2025-05-01,1,2,5,B,35,34.8
2025-05-01,1,2,5,C,29,28.6
2025-05-01,1,2,5,Days,7,6.8
2025-05-01,1,2,6,A,18,17.9
2025-05-01,1,2,6,B,19,19.0
2025-05-01,1,2,6,C,10,9.8
2025-05-01,1,2,6,Days,1,1.0
2025-05-01,1,2,7,A,5,5.0
2025-05-01,1,2,7,B,3,3.0
2025-05-01,1,2,7,C,1,1.0
2025-05-01,1,2,7,Days,2,2.0
2025-05-01,1,3,8,A,10,9.8
2025-05-01,1,3,8,Days,41,40.8
2025-05-01,1,3,9,A,4,3.9
2025-05-01,1,3,9,Days,22,21.6
2025-05-01,1,4,10,A,2,2.0
2025-05-01,1,4,10,Days,38,37.1
2025-05-01,1,4,11,A,2,2.0
2025-05-01,1,4,11,Days,35,34.8
2025-05-01,1,5,12,Days,42,41.6
2025-05-01,1,5,13,A,1,1.0
2025-05-01,1,5,13,Days,33,32.9
2025-05-01,1,5,14,A,1,1.0
2025-05-01,1,5,14,Days,6,5.8
2025-05-01,1,6,15,Days,42,41.4
2025-05-01,1,6,16,A,4,3.8
2025-05-01,1,6,16,Days,46,45.7
2025-05-01,1,6,17,Days,11,11.0
2025-05-01,2,7,1,A,40,39.7
2025-05-01,2,7,1,B,58,57.4
2025-05-01,2,7,1,C,41,40.5
2025-05-01,2,7,1,Days,13,13.0
2025-05-01,2,7,2,A,16,15.7
2025-05-01,2,7,2,B,22,21.9
2025-05-01,2,7,2,C,15,15.0
2025-05-01,2,7,2,Days,6,6.0
2025-05-01,2,7,3,A,21,20.5
2025-05-01,2,7,3,B,28,27.3
2025-05-01,2,7,3,C,18,18.0
2025-05-01,2,7,3,Days,3,2.8
2025-05-01,2,7,4,A,2,2.0
2025-05-01,2,7,4,B,3,2.8
2025-05-01,2,7,4,C,1,1.0
2025-05-01,2,8,5,A,39,38.7
2025-05-01,2,8,5,B,25,24.8
2025-05-01,2,8,5,C,25,24.6
2025-05-01,2,8,5,Days,9,9.0
2025-05-01,2,8,6,A,16,15.6
2025-05-01,2,8,6,B,11,11.0
2025-05-01,2,8,6,C,12,12.0
2025-05-01,2,8,6,Days,3,3.0
2025-05-01,2,8,7,A,9,8.9
2025-05-01,2,8,7,B,4,4.0
2025-05-01,2,8,7,C,3,3.0
2025-05-01,2,9,8,A,14,14.0
2025-05-01,2,9,8,Days,51,50.6
2025-05-01,2,9,9,A,11,11.0
2025-05-01,2,9,9,Days,21,21.0
2025-05-01,2,10,10,Days,38,37.6
2025-05-01,2,10,11,A,2,2.0
2025-05-01,2,10,11,Days,33,32.5
2025-05-01,2,11,12,A,1,1.0
2025-05-01,2,11,12,Days,37,36.5
2025-05-01,2,11,13,Days,28,27.1
2025-05-01,2,11,14,Days,8,7.7
2025-05-01,2,12,15,A,1,1.0
2025-05-01,2,12,15,Days,42,41.6
2025-05-01,2,12,16,Days,32,31.6
2025-05-01,2,12,17,Days,16,16.0
2025-05-01,3,13,1,A,66,64.7
2025-05-01,3,13,1,B,73,72.2
2025-05-01,3,13,1,C,48,47.6
2025-05-01,3,13,1,Days,18,17.8
2025-05-01,3,13,2,A,25,24.4
2025-05-01,3,13,2,B,26,25.6
2025-05-01,3,13,2,C,14,13.9
2025-05-01,3,13,2,Days,3,3.0
2025-05-01,3,13,3,A,25,25.0
2025-05-01,3,13,3,B,22,21.7
2025-05-01,3,13,3,C,18,17.8
2025-05-01,3,13,3,Days,7,7.0
2025-05-01,3,13,4,A,4,4.0
2025-05-01,3,13,4,B,6,6.0
2025-05-01,3,13,4,C,4,4.0
2025-05-01,3,14,5,A,33,32.8
2025-05-01,3,14,5,B,36,35.7
2025-05-01,3,14,5,C,20,19.8
2025-05-01,3,14,5,Days,9,9.0
2025-05-01,3,14,6,A,20,19.8
2025-05-01,3,14,6,B,12,12.0
2025-05-01,3,14,6,C,15,14.9
2025-05-01,3,14,6,Days,6,5.9
2025-05-01,3,14,7,A,8,7.9
2025-05-01,3,14,7,B,6,5.8
2025-05-01,3,14,7,C,4,4.0
2025-05-01,3,15,8,A,7,6.7
2025-05-01,3,15,8,Days,44,43.4
2025-05-01,3,15,9,A,7,7.0
2025-05-01,3,15,9,Days,19,19.0
2025-05-01,3,16,10,Days,29,28.7
2025-05-01,3,16,11,Days,27,26.6
2025-05-01,3,17,12,A,1,1.0
2025-05-01,3,17,12,Days,29,28.8
2025-05-01,3,17,13,A,1,1.0
2025-05-01,3,17,13,Days,22,21.7
2025-05-01,3,17,14,A,1,1.0
2025-05-01,3,17,14,Days,2,2.0
2025-05-01,3,18,15,A,1,1.0
2025-05-01,3,18,15,Days,20,19.7
2025-05-01,3,18,16,A,2,2.0
2025-05-01,3,18,16,Days,29,28.5
2025-05-01,3,18,17,A,1,1.0
2025-05-01,3,18,17,Days,6,5.9
2025-05-01,4,19,1,A,26,25.8
2025-05-01,4,19,1,B,25,24.8
2025-05-01,4,19,1,C,27,26.7
2025-05-01,4,19,1,Days,1,1.0
2025-05-01,4,19,2,A,9,8.7
2025-05-01,4,19,2,B,8,7.9
2025-05-01,4,19,2,C,10,9.9
2025-05-01,4,19,2,Days,1,1.0
2025-05-01,4,19,3,A,11,10.9
2025-05-01,4,19,3,B,16,16.0
2025-05-01,4,19,3,C,4,4.0
2025-05-01,4,19,3,Days,6,5.8
2025-05-01,4,19,4,A,3,3.0
2025-05-01,4,19,4,B,2,2.0
2025-05-01,4,19,4,Days,1,1.0
2025-05-01,4,20,5,A,16,16.0
2025-05-01,4,20,5,B,26,25.8
2025-05-01,4,20,5,C,10,9.9
2025-05-01,4,20,5,Days,9,8.9
2025-05-01,4,20,6,A,9,9.0
2025-05-01,4,20,6,B,12,11.9
2025-05-01,4,20,6,C,11,10.9
2025-05-01,4,20,6,Days,2,2.0
2025-05-01,4,20,7,A,6,6.0
2025-05-01,4,20,7,B,4,3.9
2025-05-01,4,20,7,C,1,1.0
2025-05-01,4,21,8,A,7,7.0
2025-05-01,4,21,8,Days,36,35.3
2025-05-01,4,21,9,A,7,7.0
2025-05-01,4,21,9,Days,11,11.0
2025-05-01,4,22,10,A,1,1.0
2025-05-01,4,22,10,Days,37,36.3
2025-05-01,4,22,11,A,1,1.0
2025-05-01,4,22,11,Days,18,17.8
2025-05-01,4,23,12,Days,17,16.5
2025-05-01,4,23,13,A,1,1.0
2025-05-01,4,23,13,Days,23,22.9
2025-05-01,4,23,14,Days,7,6.9
2025-05-01,4,24,15,A,1,1.0
2025-05-01,4,24,15,Days,16,16.0
2025-05-01,4,24,16,A,2,2.0
2025-05-01,4,24,16,Days,20,19.9
2025-05-01,4,24,17,A,1,1.0
2025-05-01,4,24,17,Days,6,6.0
2025-06-01,1,1,1,A,59,58.1
2025-06-01,1,1,1,B,71,70.4
2025-06-01,1,1,1,C,51,50.8
2025-06-01,1,1,1,Days,18,17.9
2025-06-01,1,1,2,A,19,19.0
2025-06-01,1,1,2,B,31,30.1
2025-06-01,1,1,2,C,15,14.8
2025-06-01,1,1,2,Days,3,3.0
2025-06-01,1,1,3,A,21,20.7
2025-06-01,1,1,3,B,33,32.4
2025-06-01,1,1,3,C,22,21.6
2025-06-01,1,1,3,Days,12,11.9
2025-06-01,1,1,4,A,1,1.0
2025-06-01,1,1,4,B,6,5.8
2025-06-01,1,1,4,C,1,1.0
2025-06-01,1,2,5,A,46,45.5
2025-06-01,1,2,5,B,35,34.8
2025-06-01,1,2,5,C,29,28.6
2025-06-01,1,2,5,Days,7,6.8
2025-06-01,1,2,6,A,18,17.9
2025-06-01,1,2,6,B,19,19.0
2025-06-01,1,2,6,C,9,8.8
2025-06-01,1,2,6,Days,1,1.0
2025-06-01,1,2,7,A,5,5.0
2025-06-01,1,2,7,B,3,3.0
2025-06-01,1,2,7,C,1,1.0
2025-06-01,1,2,7,Days,2,2.0
2025-06-01,1,3,8,A,10,9.8
2025-06-01,1,3,8,Days,40,39.8
2025-06-01,1,3,9,A,4,3.9
2025-06-01,1,3,9,Days,22,21.6
2025-06-01,1,4,10,A,2,2.0
2025-06-01,1,4,10,Days,38,37.1
2025-06-01,1,4,11,A,2,2.0
2025-06-01,1,4,11,Days,34,33.8
2025-06-01,1,5,12,Days,42,41.6
2025-06-01,1,5,13,A,1,1.0
2025-06-01,1,5,13,Days,33,32.9
2025-06-01,1,5,14,A,1,1.0
2025-06-01,1,5,14,Days,6,5.8
2025-06-01,1,6,15,Days,42,41.4
2025-06-01,1,6,16,A,4,3.8
2025-06-01,1,6,16,Days,46,45.7
2025-06-01,1,6,17,Days,11,11.0
2025-06-01,2,7,1,A,39,38.7
2025-06-01,2,7,1,B,58,57.4
2025-06-01,2,7,1,C,41,40.5
2025-06-01,2,7,1,Days,13,13.0
2025-06-01,2,7,2,A,18,17.7
2025-06-01,2,7,2,B,20,19.9
2025-06-01,2,7,2,C,16,16.0
2025-06-01,2,7,2,Days,6,6.0
2025-06-01,2,7,3,A,22,21.4
2025-06-01,2,7,3,B,29,28.3
2025-06-01,2,7,3,C,18,18.0
2025-06-01,2,7,3,Days,3,2.8
2025-06-01,2,7,4,A,2,2.0
2025-06-01,2,7,4,B,3,2.8
2025-06-01,2,7,4,C,1,1.0
2025-06-01,2,8,5,A,40,39.7
2025-06-01,2,8,5,B,25,24.8
2025-06-01,2,8,5,C,24,23.6
2025-06-01,2,8,5,Days,9,9.0
2025-06-01,2,8,6,A,16,15.6
2025-06-01,2,8,6,B,12,12.0
2025-06-01,2,8,6,C,14,14.0
2025-06-01,2,8,6,Days,3,3.0
2025-06-01,2,8,7,A,8,7.9
2025-06-01,2,8,7,B,4,4.0
2025-06-01,2,8,7,C,3,3.0
2025-06-01,2,9,8,A,15,14.9
2025-06-01,2,9,8,Days,52,51.7
2025-06-01,2,9,9,A,9,9.0
2025-06-01,2,9,9,Days,21,21.0
2025-06-01,2,10,10,Days,36,35.6
2025-06-01,2,10,11,A,2,2.0
2025-06-01,2,10,11,Days,33,32.5
2025-06-01,2,11,12,A,1,1.0
2025-06-01,2,11,12,Days,35,34.5
2025-06-01,2,11,13,Days,27,26.1
2025-06-01,2,11,14,Days,8,7.7
2025-06-01,2,12,15,A,1,1.0
2025-06-01,2,12,15,Days,42,41.6
2025-06-01,2,12,16,Days,31,30.6
2025-06-01,2,12,17,Days,16,16.0
2025-06-01,3,13,1,A,65,63.7
2025-06-01,3,13,1,B,73,72.2
2025-06-01,3,13,1,C,48,47.6
2025-06-01,3,13,1,Days,18,17.8
2025-06-01,3,13,2,A,23,22.4
2025-06-01,3,13,2,B,25,24.6
2025-06-01,3,13,2,C,14,13.9
2025-06-01,3,13,2,Days,3,3.0
2025-06-01,3,13,3,A,25,25.0
2025-06-01,3,13,3,B,21,20.7
2025-06-01,3,13,3,C,18,17.8
2025-06-01,3,13,3,Days,7,7.0
2025-06-01,3,13,4,A,4,4.0
2025-06-01,3,13,4,B,6,6.0
2025-06-01,3,13,4,C,4,4.0
2025-06-01,3,14,5,A,32,31.8
2025-06-01,3,14,5,B,36,35.7
2025-06-01,3,14,5,C,19,18.8
2025-06-01,3,14,5,Days,9,9.0
2025-06-01,3,14,6,A,19,18.8
2025-06-01,3,14,6,B,12,12.0
2025-06-01,3,14,6,C,15,14.9
2025-06-01,3,14,6,Days,5,4.9
2025-06-01,3,14,7,A,8,7.9
2025-06-01,3,14,7,B,6,5.8
2025-06-01,3,14,7,C,4,4.0
2025-06-01,3,15,8,A,7,6.7
2025-06-01,3,15,8,Days,44,43.4
2025-06-01,3,15,9,A,6,6.0
2025-06-01,3,15,9,Days,19,19.0
2025-06-01,3,16,10,Days,29,28.7
2025-06-01,3,16,11,Days,27,26.6
2025-06-01,3,17,12,A,1,1.0
2025-06-01,3,17,12,Days,29,28.8
2025-06-01,3,17,13,A,1,1.0
2025-06-01,3,17,13,Days,22,21.7
2025-06-01,3,17,14,A,1,1.0
2025-06-01,3,17,14,Days,2,2.0
2025-06-01,3,18,15,A,1,1.0
2025-06-01,3,18,15,Days,20,19.7
2025-06-01,3,18,16,A,2,2.0
2025-06-01,3,18,16,Days,29,28.5
2025-06-01,3,18,17,A,1,1.0
2025-06-01,3,18,17,Days,6,5.9
2025-06-01,4,19,1,A,25,24.8
2025-06-01,4,19,1,B,25,24.8
2025-06-01,4,19,1,C,27,26.7
2025-06-01,4,19,1,Days,1,1.0
2025-06-01,4,19,2,A,9,8.7
2025-06-01,4,19,2,B,8,7.9
2025-06-01,4,19,2,C,10,9.9
2025-06-01,4,19,2,Days,1,1.0
2025-06-01,4,19,3,A,11,10.9
2025-06-01,4,19,3,B,15,15.0
2025-06-01,4,19,3,C,3,3.0
2025-06-01,4,19,3,Days,6,5.8
2025-06-01,4,19,4,A,3,3.0
2025-06-01,4,19,4,B,2,2.0
2025-06-01,4,19,4,Days,1,1.0
2025-06-01,4,20,5,A,16,16.0
2025-06-01,4,20,5,B,26,25.8
2025-06-01,4,20,5,C,9,8.9
2025-06-01,4,20,5,Days,9,8.9
2025-06-01,4,20,6,A,8,8.0
2025-06-01,4,20,6,B,9,8.9
2025-06-01,4,20,6,C,11,10.9
2025-06-01,4,20,6,Days,2,2.0
2025-06-01,4,20,7,A,6,6.0
2025-06-01,4,20,7,B,4,3.9
2025-06-01,4,20,7,C,1,1.0
2025-06-01,4,21,8,A,7,7.0
2025-06-01,4,21,8,Days,36,35.3
2025-06-01,4,21,9,A,7,7.0
2025-06-01,4,21,9,Days,11,11.0
2025-06-01,4,22,10,A,1,1.0
2025-06-01,4,22,10,Days,37,36.3
2025-06-01,4,22,11,A,1,1.0
2025-06-01,4,22,11,Days,17,16.8
2025-06-01,4,23,12,Days,17,16.5
2025-06-01,4,23,13,A,1,1.0
2025-06-01,4,23,13,Days,23,22.9
2025-06-01,4,23,14,Days,7,6.9
2025-06-01,4,24,15,A,1,1.0
2025-06-01,4,24,15,Days,16,16.0
2025-06-01,4,24,16,A,2,2.0
2025-06-01,4,24,16,Days,20,19.9
2025-06-01,4,24,17,A,1,1.0
2025-06-01,4,24,17,Days,6,6.0
2025-07-01,1,1,1,A,59,58.1
2025-07-01,1,1,1,B,71,70.4
2025-07-01,1,1,1,C,50,49.8
2025-07-01,1,1,1,Days,18,17.9
2025-07-01,1,1,2,A,18,18.0
2025-07-01,1,1,2,B,31,30.1
2025-07-01,1,1,2,C,15,14.8
2025-07-01,1,1,2,Days,3,3.0
2025-07-01,1,1,3,A,21,20.7
2025-07-01,1,1,3,B,33,32.4
2025-07-01,1,1,3,C,22,21.6
2025-07-01,1,1,3,Days,12,11.9
2025-07-01,1,1,4,A,1,1.0
2025-07-01,1,1,4,B,6,5.8
2025-07-01,1,1,4,C,1,1.0
2025-07-01,1,2,5,A,45,44.5
2025-07-01,1,2,5,B,36,35.8
2025-07-01,1,2,5,C,27,26.6
2025-07-01,1,2,5,Days,7,6.8
2025-07-01,1,2,6,A,18,17.9
2025-07-01,1,2,6,B,18,18.0
2025-07-01,1,2,6,C,9,8.8
2025-07-01,1,2,6,Days,1,1.0
2025-07-01,1,2,7,A,5,5.0
2025-07-01,1,2,7,B,3,3.0
2025-07-01,1,2,7,C,1,1.0
2025-07-01,1,2,7,Days,2,2.0
2025-07-01,1,3,8,A,10,9.8
2025-07-01,1,3,8,Days,40,39.8
2025-07-01,1,3,9,A,4,3.9
2025-07-01,1,3,9,Days,22,21.6
2025-07-01,1,4,10,A,2,2.0
2025-07-01,1,4,10,Days,38,37.1
2025-07-01,1,4,11,A,2,2.0
2025-07-01,1,4,11,Days,34,33.8
2025-07-01,1,5,12,Days,42,41.6
2025-07-01,1,5,13,A,1,1.0
2025-07-01,1,5,13,Days,33,32.9
2025-07-01,1,5,14,A,1,1.0
2025-07-01,1,5,14,Days,6,5.8
2025-07-01,1,6,15,Days,42,41.4
2025-07-01,1,6,16,A,4,3.8
2025-07-01,1,6,16,Days,46,45.7
2025-07-01,1,6,17,Days,11,11.0
2025-07-01,2,7,1,A,43,42.7
2025-07-01,2,7,1,B,57,56.6
2025-07-01,2,7,1,C,41,40.6
2025-07-01,2,7,1,Days,13,13.0
2025-07-01,2,7,2,A,18,17.7
2025-07-01,2,7,2,B,23,22.8
2025-07-01,2,7,2,C,16,16.0
2025-07-01,2,7,2,Days,7,7.0
2025-07-01,2,7,3,A,23,22.4
2025-07-01,2,7,3,B,30,29.3
2025-07-01,2,7,3,C,18,18.0
2025-07-01,2,7,3,Days,3,2.8
2025-07-01,2,7,4,A,2,2.0
2025-07-01,2,7,4,B,3,2.8
2025-07-01,2,7,4,C,1,1.0
2025-07-01,2,8,5,A,43,42.7
2025-07-01,2,8,5,B,27,26.8
2025-07-01,2,8,5,C,26,25.6
2025-07-01,2,8,5,Days,9,9.0
2025-07-01,2,8,6,A,16,15.6
2025-07-01,2,8,6,B,12,12.0
2025-07-01,2,8,6,C,14,14.0
2025-07-01,2,8,6,Days,3,3.0
2025-07-01,2,8,7,A,7,6.9
2025-07-01,2,8,7,B,4,4.0
2025-07-01,2,8,7,C,3,3.0
2025-07-01,2,9,8,A,15,14.9
2025-07-01,2,9,8,Days,53,52.7
2025-07-01,2,9,9,A,8,8.0
2025-07-01,2,9,9,Days,21,21.0
2025-07-01,2,10,10,Days,36,35.6
2025-07-01,2,10,11,A,2,2.0
2025-07-01,2,10,11,Days,32,31.4
2025-07-01,2,11,12,A,1,1.0
2025-07-01,2,11,12,Days,37,36.5
2025-07-01,2,11,13,Days,28,27.1
2025-07-01,2,11,14,Days,8,7.7
2025-07-01,2,12,15,A,1,1.0
2025-07-01,2,12,15,Days,42,41.6
2025-07-01,2,12,16,Days,33,32.6
2025-07-01,2,12,17,Days,16,16.0
2025-07-01,3,13,1,A,62,61.1
2025-07-01,3,13,1,B,73,72.2
2025-07-01,3,13,1,C,46,45.6
2025-07-01,3,13,1,Days,18,17.8
2025-07-01,3,13,2,A,23,22.4
2025-07-01,3,13,2,B,25,24.6
2025-07-01,3,13,2,C,14,13.9
2025-07-01,3,13,2,Days,3,3.0
2025-07-01,3,13,3,A,25,25.0
2025-07-01,3,13,3,B,21,20.7
2025-07-01,3,13,3,C,18,17.8
2025-07-01,3,13,3,Days,6,6.0
2025-07-01,3,13,4,A,4,4.0
2025-07-01,3,13,4,B,6,6.0
2025-07-01,3,13,4,C,3,3.0
2025-07-01,3,14,5,A,31,30.8
2025-07-01,3,14,5,B,36,35.7
2025-07-01,3,14,5,C,19,18.8
2025-07-01,3,14,5,Days,9,9.0
2025-07-01,3,14,6,A,19,18.8
2025-07-01,3,14,6,B,12,12.0
2025-07-01,3,14,6,C,15,14.9
2025-07-01,3,14,6,Days,5,4.9
2025-07-01,3,14,7,A,8,7.9
2025-07-01,3,14,7,B,6,5.8
2025-07-01,3,14,7,C,4,4.0
2025-07-01,3,15,8,A,7,6.7
2025-07-01,3,15,8,Days,43,42.4
2025-07-01,3,15,9,A,6,6.0
2025-07-01,3,15,9,Days,19,19.0
2025-07-01,3,16,10,Days,29,28.7
2025-07-01,3,16,11,Days,26,25.6
2025-07-01,3,17,12,A,1,1.0
2025-07-01,3,17,12,Days,28,27.8
2025-07-01,3,17,13,A,1,1.0
2025-07-01,3,17,13,Days,22,21.7
2025-07-01,3,17,14,A,1,1.0
2025-07-01,3,17,14,Days,2,2.0
2025-07-01,3,18,15,A,1,1.0
2025-07-01,3,18,15,Days,20,19.7
2025-07-01,3,18,16,A,2,2.0
2025-07-01,3,18,16,Days,29,28.5
2025-07-01,3,18,17,A,1,1.0
2025-07-01,3,18,17,Days,6,5.9
2025-07-01,4,19,1,A,25,24.8
2025-07-01,4,19,1,B,26,25.8
2025-07-01,4,19,1,C,26,25.7
2025-07-01,4,19,1,Days,1,1.0
2025-07-01,4,19,2,A,9,8.7
2025-07-01,4,19,2,B,7,6.9
2025-07-01,4,19,2,C,10,9.9
2025-07-01,4,19,2,Days,1,1.0
2025-07-01,4,19,3,A,11,10.9
2025-07-01,4,19,3,B,15,15.0
2025-07-01,4,19,3,C,4,4.0
2025-07-01,4,19,3,Days,6,5.8
2025-07-01,4,19,4,A,3,3.0
2025-07-01,4,19,4,B,1,1.0
2025-07-01,4,19,4,Days,1,1.0
2025-07-01,4,20,5,A,16,16.0
2025-07-01,4,20,5,B,26,25.8
2025-07-01,4,20,5,C,9,8.9
2025-07-01,4,20,5,Days,9,8.9
2025-07-01,4,20,6,A,7,7.0
2025-07-01,4,20,6,B,9,8.9
2025-07-01,4,20,6,C,10,10.0
2025-07-01,4,20,6,Days,2,2.0
2025-07-01,4,20,7,A,6,6.0
2025-07-01,4,20,7,B,4,3.9
2025-07-01,4,20,7,C,1,1.0
2025-07-01,4,21,8,A,7,7.0
2025-07-01,4,21,8,Days,36,35.3
2025-07-01,4,21,9,A,7,7.0
2025-07-01,4,21,9,Days,11,11.0
2025-07-01,4,22,10,A,1,1.0
2025-07-01,4,22,10,Days,37,36.3
2025-07-01,4,22,11,A,1,1.0
2025-07-01,4,22,11,Days,17,16.8
2025-07-01,4,23,12,Days,17,16.5
2025-07-01,4,23,13,A,1,1.0
2025-07-01,4,23,13,Days,24,23.9
2025-07-01,4,23,14,Days,7,6.9
2025-07-01,4,24,15,A,2,2.0
2025-07-01,4,24,15,Days,16,16.0
2025-07-01,4,24,16,A,2,2.0
2025-07-01,4,24,16,Days,20,19.9
2025-07-01,4,24,17,A,1,1.0
2025-07-01,4,24,17,Days,6,6.0
2025-08-01,1,1,1,A,60,59.1
2025-08-01,1,1,1,B,70,69.4
2025-08-01,1,1,1,C,52,51.8
2025-08-01,1,1,1,Days,20,19.9
2025-08-01,1,1,2,A,20,20.0
2025-08-01,1,1,2,B,30,29.1
2025-08-01,1,1,2,C,15,14.8
2025-08-01,1,1,2,Days,3,3.0
2025-08-01,1,1,3,A,22,21.7
2025-08-01,1,1,3,B,32,31.4
2025-08-01,1,1,3,C,23,22.6
2025-08-01,1,1,3,Days,12,11.9
2025-08-01,1,1,4,A,1,1.0
2025-08-01,1,1,4,B,5,4.8
2025-08-01,1,1,4,C,2,2.0
2025-08-01,1,2,5,A,46,45.5
2025-08-01,1,2,5,B,37,36.8
2025-08-01,1,2,5,C,30,29.6
2025-08-01,1,2,5,Days,7,6.8
2025-08-01,1,2,6,A,19,18.9
2025-08-01,1,2,6,B,18,18.0
2025-08-01,1,2,6,C,9,8.8
2025-08-01,1,2,6,Days,1,1.0
2025-08-01,1,2,7,A,5,5.0
2025-08-01,1,2,7,B,3,3.0
2025-08-01,1,2,7,C,1,1.0
2025-08-01,1,2,7,Days,2,2.0
2025-08-01,1,3,8,A,10,9.8
2025-08-01,1,3,8,Days,40,39.8
2025-08-01,1,3,9,A,5,4.9
2025-08-01,1,3,9,Days,24,23.6
2025-08-01,1,4,10,A,2,2.0
2025-08-01,1,4,10,Days,40,39.1
2025-08-01,1,4,11,A,2,2.0
2025-08-01,1,4,11,Days,33,32.8
2025-08-01,1,5,12,Days,43,42.6
2025-08-01,1,5,13,A,2,2.0
2025-08-01,1,5,13,Days,36,35.9
2025-08-01,1,5,14,A,1,1.0
2025-08-01,1,5,14,Days,6,5.8
2025-08-01,1,6,15,Days,41,40.4
2025-08-01,1,6,16,A,4,3.8
2025-08-01,1,6,16,Days,47,46.7
2025-08-01,1,6,17,Days,11,11.0
2025-08-01,2,7,1,A,46,45.5
2025-08-01,2,7,1,B,59,58.6
2025-08-01,2,7,1,C,41,40.6
2025-08-01,2,7,1,Days,16,15.8
2025-08-01,2,7,2,A,18,17.7
2025-08-01,2,7,2,B,23,22.8
2025-08-01,2,7,2,C,16,16.0
2025-08-01,2,7,2,Days,7,7.0
2025-08-01,2,7,3,A,24,23.4
2025-08-01,2,7,3,B,29,28.3
2025-08-01,2,7,3,C,18,18.0
2025-08-01,2,7,3,Days,3,2.8
2025-08-01,2,7,4,A,2,2.0
2025-08-01,2,7,4,B,3,2.8
2025-08-01,2,7,4,C,1,1.0
2025-08-01,2,8,5,A,43,42.7
2025-08-01,2,8,5,B,27,26.8
2025-08-01,2,8,5,C,25,24.6
2025-08-01,2,8,5,Days,9,9.0
2025-08-01,2,8,6,A,16,15.6
2025-08-01,2,8,6,B,12,12.0
2025-08-01,2,8,6,C,15,15.0
2025-08-01,2,8,6,Days,3,3.0
2025-08-01,2,8,7,A,7,6.9
2025-08-01,2,8,7,B,4,4.0
2025-08-01,2,8,7,C,5,5.0
2025-08-01,2,9,8,A,14,13.9
2025-08-01,2,9,8,Days,53,52.7
2025-08-01,2,9,9,A,8,8.0
2025-08-01,2,9,9,Days,21,21.0
2025-08-01,2,10,10,Days,38,37.6
2025-08-01,2,10,11,A,2,2.0
2025-08-01,2,10,11,Days,33,32.4
2025-08-01,2,11,12,A,1,1.0
2025-08-01,2,11,12,Days,39,38.5
2025-08-01,2,11,13,Days,29,28.1
2025-08-01,2,11,14,Days,8,7.7
2025-08-01,2,12,15,A,1,1.0
2025-08-01,2,12,15,Days,44,43.6
2025-08-01,2,12,16,Days,33,32.6
2025-08-01,2,12,17,Days,18,18.0
2025-08-01,3,13,1,A,62,61.1
2025-08-01,3,13,1,B,72,71.2
2025-08-01,3,13,1,C,46,45.6
2025-08-01,3,13,1,Days,19,18.8
2025-08-01,3,13,2,A,23,22.4
2025-08-01,3,13,2,B,26,25.6
2025-08-01,3,13,2,C,14,13.9
2025-08-01,3,13,2,Days,3,3.0
2025-08-01,3,13,3,A,26,26.0
2025-08-01,3,13,3,B,20,19.7
2025-08-01,3,13,3,C,17,16.8
2025-08-01,3,13,3,Days,6,6.0
2025-08-01,3,13,4,A,4,4.0
2025-08-01,3,13,4,B,6,6.0
2025-08-01,3,13,4,C,3,3.0
2025-08-01,3,14,5,A,31,30.8
2025-08-01,3,14,5,B,37,36.7
2025-08-01,3,14,5,C,18,17.8
2025-08-01,3,14,5,Days,9,9.0
2025-08-01,3,14,6,A,18,17.8
2025-08-01,3,14,6,B,11,11.0
2025-08-01,3,14,6,C,15,14.9
2025-08-01,3,14,6,Days,5,4.9
2025-08-01,3,14,7,A,8,7.9
2025-08-01,3,14,7,B,6,5.8
2025-08-01,3,14,7,C,4,4.0
2025-08-01,3,15,8,A,7,6.7
2025-08-01,3,15,8,Days,45,44.4
2025-08-01,3,15,9,A,6,6.0
2025-08-01,3,15,9,Days,20,20.0
2025-08-01,3,16,10,Days,30,29.7
2025-08-01,3,16,11,Days,25,24.6
2025-08-01,3,17,12,A,1,1.0
2025-08-01,3,17,12,Days,28,27.8
2025-08-01,3,17,13,A,1,1.0
2025-08-01,3,17,13,Days,22,21.7
2025-08-01,3,17,14,A,1,1.0
2025-08-01,3,17,14,Days,2,2.0
2025-08-01,3,18,15,A,1,1.0
2025-08-01,3,18,15,Days,20,19.7
2025-08-01,3,18,16,A,2,2.0
2025-08-01,3,18,16,Days,30,29.5
2025-08-01,3,18,17,A,1,1.0
2025-08-01,3,18,17,Days,6,5.9
2025-08-01,4,19,1,A,26,26.0
2025-08-01,4,19,1,B,26,25.8
2025-08-01,4,19,1,C,26,25.7
2025-08-01,4,19,1,Days,1,1.0
2025-08-01,4,19,2,A,9,8.7
2025-08-01,4,19,2,B,8,7.9
2025-08-01,4,19,2,C,10,9.9
2025-08-01,4,19,2,Days,1,1.0
2025-08-01,4,19,3,A,11,10.9
2025-08-01,4,19,3,B,15,15.0
2025-08-01,4,19,3,C,4,4.0
2025-08-01,4,19,3,Days,6,5.8
2025-08-01,4,19,4,A,3,3.0
2025-08-01,4,19,4,B,1,1.0
2025-08-01,4,19,4,C,1,1.0
2025-08-01,4,19,4,Days,1,1.0
2025-08-01,4,20,5,A,14,14.0
2025-08-01,4,20,5,B,25,24.8
2025-08-01,4,20,5,C,10,9.9
2025-08-01,4,20,5,Days,9,8.9
2025-08-01,4,20,6,A,7,7.0
2025-08-01,4,20,6,B,9,8.9
2025-08-01,4,20,6,C,10,10.0
2025-08-01,4,20,6,Days,2,2.0
2025-08-01,4,20,7,A,6,6.0
2025-08-01,4,20,7,B,5,4.9
2025-08-01,4,20,7,C,1,1.0
2025-08-01,4,21,8,A,8,8.0
2025-08-01,4,21,8,Days,36,35.3
2025-08-01,4,21,9,A,6,6.0
2025-08-01,4,21,9,Days,11,11.0
2025-08-01,4,22,10,A,1,1.0
2025-08-01,4,22,10,Days,37,36.3
2025-08-01,4,22,11,A,1,1.0
2025-08-01,4,22,11,Days,18,17.8
2025-08-01,4,23,12,Days,17,16.5
2025-08-01,4,23,13,A,1,1.0
2025-08-01,4,23,13,Days,24,23.9
2025-08-01,4,23,14,Days,7,6.9
2025-08-01,4,24,15,A,2,2.0
2025-08-01,4,24,15,Days,16,16.0
2025-08-01,4,24,16,A,2,2.0
2025-08-01,4,24,16,Days,20,19.9
2025-08-01,4,24,17,A,1,1.0
2025-08-01,4,24,17,Days,6,6.0
2025-09-01,1,1,1,A,62,61.1
2025-09-01,1,1,1,B,74,73.4
2025-09-01,1,1,1,C,52,51.9
2025-09-01,1,1,1,Days,19,18.9
2025-09-01,1,1,2,A,21,21.0
2025-09-01,1,1,2,B,32,31.1
2025-09-01,1,1,2,C,15,14.8
2025-09-01,1,1,2,Days,3,3.0
2025-09-01,1,1,3,A,22,21.7
2025-09-01,1,1,3,B,32,31.4
2025-09-01,1,1,3,C,24,23.6
2025-09-01,1,1,3,Days,12,11.9
2025-09-01,1,1,4,A,1,1.0
2025-09-01,1,1,4,B,5,4.8
2025-09-01,1,1,4,C,2,2.0
2025-09-01,1,2,5,A,48,47.5
2025-09-01,1,2,5,B,37,36.8
2025-09-01,1,2,5,C,30,29.6
2025-09-01,1,2,5,Days,8,7.8
2025-09-01,1,2,6,A,19,18.9
2025-09-01,1,2,6,B,17,17.0
2025-09-01,1,2,6,C,9,8.8
2025-09-01,1,2,6,Days,2,2.0
2025-09-01,1,2,7,A,5,5.0
2025-09-01,1,2,7,B,3,3.0
2025-09-01,1,2,7,C,1,1.0
2025-09-01,1,2,7,Days,2,2.0
2025-09-01,1,3,8,A,9,8.8
2025-09-01,1,3,8,Days,41,40.8
2025-09-01,1,3,9,A,5,4.9
2025-09-01,1,3,9,Days,24,23.6
2025-09-01,1,4,10,A,2,2.0
2025-09-01,1,4,10,Days,41,40.1
2025-09-01,1,4,11,A,2,2.0
2025-09-01,1,4,11,Days,33,32.8
2025-09-01,1,5,12,Days,44,43.6
2025-09-01,1,5,13,A,2,2.0
2025-09-01,1,5,13,Days,36,35.9
2025-09-01,1,5,14,A,1,1.0
2025-09-01,1,5,14,Days,6,5.8
2025-09-01,1,6,15,Days,42,41.4
2025-09-01,1,6,16,A,4,3.8
2025-09-01,1,6,16,Days,48,47.7
2025-09-01,1,6,17,Days,13,12.9
2025-09-01,2,7,1,A,46,45.5
2025-09-01,2,7,1,B,60,59.5
2025-09-01,2,7,1,C,39,38.6
2025-09-01,2,7,1,Days,16,15.8
2025-09-01,2,7,2,A,19,18.7
2025-09-01,2,7,2,B,24,23.8
2025-09-01,2,7,2,C,15,15.0
2025-09-01,2,7,2,Days,7,7.0
2025-09-01,2,7,3,A,24,23.4
2025-09-01,2,7,3,B,30,29.3
2025-09-01,2,7,3,C,18,18.0
2025-09-01,2,7,3,Days,3,2.8
2025-09-01,2,7,4,A,2,2.0
2025-09-01,2,7,4,B,3,2.8
2025-09-01,2,7,4,C,1,1.0
2025-09-01,2,8,5,A,46,45.7
2025-09-01,2,8,5,B,27,26.8
2025-09-01,2,8,5,C,27,26.6
2025-09-01,2,8,5,Days,10,10.0
2025-09-01,2,8,6,A,16,15.6
2025-09-01,2,8,6,B,14,14.0
2025-09-01,2,8,6,C,15,15.0
2025-09-01,2,8,6,Days,3,3.0
2025-09-01,2,8,7,A,7,6.9
2025-09-01,2,8,7,B,4,4.0
2025-09-01,2,8,7,C,5,5.0
2025-09-01,2,9,8,A,14,13.9
2025-09-01,2,9,8,Days,55,54.7
2025-09-01,2,9,9,A,8,8.0
2025-09-01,2,9,9,Days,22,22.0
2025-09-01,2,10,10,Days,40,39.6
2025-09-01,2,10,11,A,2,2.0
2025-09-01,2,10,11,Days,32,31.4
2025-09-01,2,11,12,A,1,1.0
2025-09-01,2,11,12,Days,39,38.5
2025-09-01,2,11,13,Days,29,28.1
2025-09-01,2,11,14,Days,8,7.7
2025-09-01,2,12,15,A,1,1.0
2025-09-01,2,12,15,Days,44,43.6
2025-09-01,2,12,16,Days,34,33.7
2025-09-01,2,12,17,Days,17,17.0
2025-09-01,3,13,1,A,63,62.1
2025-09-01,3,13,1,B,76,75.2
2025-09-01,3,13,1,C,49,48.6
2025-09-01,3,13,1,Days,20,19.8
2025-09-01,3,13,2,A,24,23.4
2025-09-01,3,13,2,B,27,26.6
2025-09-01,3,13,2,C,14,13.9
2025-09-01,3,13,2,Days,3,3.0
2025-09-01,3,13,3,A,25,25.0
2025-09-01,3,13,3,B,22,21.7
2025-09-01,3,13,3,C,20,19.7
2025-09-01,3,13,3,Days,6,6.0
2025-09-01,3,13,4,A,4,4.0
2025-09-01,3,13,4,B,6,6.0
2025-09-01,3,13,4,C,4,4.0
2025-09-01,3,14,5,A,32,31.8
2025-09-01,3,14,5,B,37,36.7
2025-09-01,3,14,5,C,18,17.8
2025-09-01,3,14,5,Days,9,9.0
2025-09-01,3,14,6,A,19,18.8
2025-09-01,3,14,6,B,10,10.0
2025-09-01,3,14,6,C,15,14.9
2025-09-01,3,14,6,Days,6,5.9
2025-09-01,3,14,7,A,8,7.9
2025-09-01,3,14,7,B,6,5.8
2025-09-01,3,14,7,C,4,4.0
2025-09-01,3,15,8,A,7,6.7
2025-09-01,3,15,8,Days,49,48.4
2025-09-01,3,15,9,A,6,6.0
2025-09-01,3,15,9,Days,21,21.0
2025-09-01,3,16,10,Days,31,30.7
2025-09-01,3,16,11,Days,26,25.6
2025-09-01,3,17,12,A,1,1.0
2025-09-01,3,17,12,Days,28,27.8
2025-09-01,3,17,13,A,1,1.0
2025-09-01,3,17,13,Days,22,21.7
2025-09-01,3,17,14,A,1,1.0
2025-09-01,3,17,14,Days,2,2.0
2025-09-01,3,18,15,A,1,1.0
2025-09-01,3,18,15,Days,19,18.7
2025-09-01,3,18,16,A,2,2.0
2025-09-01,3,18,16,Days,31,30.5
2025-09-01,3,18,17,A,1,1.0
2025-09-01,3,18,17,Days,6,6.0
2025-09-01,4,19,1,A,26,26.0
2025-09-01,4,19,1,B,26,25.8
2025-09-01,4,19,1,C,27,26.7
2025-09-01,4,19,1,Days,2,2.0
2025-09-01,4,19,2,A,8,7.9
2025-09-01,4,19,2,B,9,8.9
2025-09-01,4,19,2,C,10,9.9
2025-09-01,4,19,2,Days,1,1.0
2025-09-01,4,19,3,A,11,10.9
2025-09-01,4,19,3,B,15,15.0
2025-09-01,4,19,3,C,4,4.0
2025-09-01,4,19,3,Days,6,5.8
2025-09-01,4,19,4,A,3,3.0
2025-09-01,4,19,4,B,1,1.0
2025-09-01,4,19,4,C,1,1.0
2025-09-01,4,19,4,Days,1,1.0
2025-09-01,4,20,5,A,12,12.0
2025-09-01,4,20,5,B,25,24.8
2025-09-01,4,20,5,C,11,10.9
2025-09-01,4,20,5,Days,9,8.9
2025-09-01,4,20,6,A,9,9.0
2025-09-01,4,20,6,B,9,8.9
2025-09-01,4,20,6,C,10,10.0
2025-09-01,4,20,6,Days,2,2.0
2025-09-01,4,20,7,A,6,6.0
2025-09-01,4,20,7,B,5,4.9
2025-09-01,4,20,7,C,1,1.0
2025-09-01,4,21,8,A,8,8.0
2025-09-01,4,21,8,Days,36,35.5
2025-09-01,4,21,9,A,7,7.0
2025-09-01,4,21,9,Days,11,11.0
2025-09-01,4,22,10,A,2,2.0
2025-09-01,4,22,10,Days,36,35.3
2025-09-01,4,22,11,A,1,1.0
2025-09-01,4,22,11,Days,18,17.8
2025-09-01,4,23,12,Days,16,15.5
2025-09-01,4,23,13,A,1,1.0
2025-09-01,4,23,13,Days,23,22.9
2025-09-01,4,23,14,Days,7,6.9
2025-09-01,4,24,15,A,2,2.0
2025-09-01,4,24,15,Days,17,17.0
2025-09-01,4,24,16,A,2,2.0
2025-09-01,4,24,16,Days,21,20.9
2025-09-01,4,24,17,A,1,1.0
2025-09-01,4,24,17,Days,6,6.0
2025-10-01,1,1,1,A,62,60.9
2025-10-01,1,1,1,B,74,73.4
2025-10-01,1,1,1,C,53,52.9
2025-10-01,1,1,1,Days,19,18.9
2025-10-01,1,1,2,A,22,22.0
2025-10-01,1,1,2,B,32,31.1
2025-10-01,1,1,2,C,15,14.8
2025-10-01,1,1,2,Days,3,3.0
2025-10-01,1,1,3,A,23,22.7
2025-10-01,1,1,3,B,32,31.5
2025-10-01,1,1,3,C,26,25.6
2025-10-01,1,1,3,Days,12,11.9
2025-10-01,1,1,4,A,1,1.0
2025-10-01,1,1,4,B,6,5.8
2025-10-01,1,1,4,C,2,2.0
2025-10-01,1,2,5,A,49,48.5
2025-10-01,1,2,5,B,38,37.7
2025-10-01,1,2,5,C,31,30.6
2025-10-01,1,2,5,Days,8,7.8
2025-10-01,1,2,6,A,20,19.9
2025-10-01,1,2,6,B,17,17.0
2025-10-01,1,2,6,C,9,8.8
2025-10-01,1,2,6,Days,2,2.0
2025-10-01,1,2,7,A,5,5.0
2025-10-01,1,2,7,B,2,2.0
2025-10-01,1,2,7,C,1,1.0
2025-10-01,1,2,7,Days,2,2.0
2025-10-01,1,3,8,A,9,8.8
2025-10-01,1,3,8,Days,41,40.8
2025-10-01,1,3,9,A,5,4.9
2025-10-01,1,3,9,Days,25,24.6
2025-10-01,1,4,10,A,2,2.0
2025-10-01,1,4,10,Days,41,40.1
2025-10-01,1,4,11,A,2,2.0
2025-10-01,1,4,11,Days,33,32.8
2025-10-01,1,5,12,Days,43,42.6
2025-10-01,1,5,13,A,2,2.0
2025-10-01,1,5,13,Days,36,35.9
2025-10-01,1,5,14,A,1,1.0
2025-10-01,1,5,14,Days,6,5.8
2025-10-01,1,6,15,Days,42,41.4
2025-10-01,1,6,16,A,4,3.8
2025-10-01,1,6,16,Days,49,48.6
2025-10-01,1,6,17,Days,13,12.9
2025-10-01,2,7,1,A,46,45.5
2025-10-01,2,7,1,B,59,58.5
2025-10-01,2,7,1,C,39,38.6
2025-10-01,2,7,1,Days,15,14.8
2025-10-01,2,7,2,A,18,17.7
2025-10-01,2,7,2,B,24,23.8
2025-10-01,2,7,2,C,15,15.0
2025-10-01,2,7,2,Days,8,8.0
2025-10-01,2,7,3,A,24,23.4
2025-10-01,2,7,3,B,30,29.3
2025-10-01,2,7,3,C,19,19.0
2025-10-01,2,7,3,Days,3,2.9
2025-10-01,2,7,4,A,2,2.0
2025-10-01,2,7,4,B,3,2.8
2025-10-01,2,7,4,C,1,1.0
2025-10-01,2,8,5,A,47,46.7
2025-10-01,2,8,5,B,28,27.8
2025-10-01,2,8,5,C,26,25.6
2025-10-01,2,8,5,Days,10,10.0
2025-10-01,2,8,6,A,16,15.6
2025-10-01,2,8,6,B,14,14.0
2025-10-01,2,8,6,C,15,15.0
2025-10-01,2,8,6,Days,3,3.0
2025-10-01,2,8,7,A,8,7.9
2025-10-01,2,8,7,B,4,4.0
2025-10-01,2,8,7,C,4,4.0
2025-10-01,2,9,8,A,15,14.9
2025-10-01,2,9,8,Days,55,54.7
2025-10-01,2,9,9,A,8,8.0
2025-10-01,2,9,9,Days,23,23.0
2025-10-01,2,10,10,Days,42,41.4
2025-10-01,2,10,11,A,2,2.0
2025-10-01,2,10,11,Days,32,31.4
2025-10-01,2,11,12,A,1,1.0
2025-10-01,2,11,12,Days,39,38.5
2025-10-01,2,11,13,Days,29,28.1
2025-10-01,2,11,14,Days,8,7.7
2025-10-01,2,12,15,A,1,1.0
2025-10-01,2,12,15,Days,45,44.6
2025-10-01,2,12,16,Days,33,32.7
2025-10-01,2,12,17,Days,17,17.0
2025-10-01,3,13,1,A,65,64.1
2025-10-01,3,13,1,B,77,76.2
2025-10-01,3,13,1,C,52,51.6
2025-10-01,3,13,1,Days,19,18.8
2025-10-01,3,13,2,A,24,23.4
2025-10-01,3,13,2,B,28,27.6
2025-10-01,3,13,2,C,14,13.9
2025-10-01,3,13,2,Days,3,3.0
2025-10-01,3,13,3,A,26,26.0
2025-10-01,3,13,3,B,22,21.7
2025-10-01,3,13,3,C,20,19.7
2025-10-01,3,13,3,Days,6,6.0
2025-10-01,3,13,4,A,3,3.0
2025-10-01,3,13,4,B,6,6.0
2025-10-01,3,13,4,C,4,4.0
2025-10-01,3,14,5,A,35,34.6
2025-10-01,3,14,5,B,38,37.7
2025-10-01,3,14,5,C,17,16.8
2025-10-01,3,14,5,Days,9,9.0
2025-10-01,3,14,6,A,18,17.8
2025-10-01,3,14,6,B,11,11.0
2025-10-01,3,14,6,C,16,15.7
2025-10-01,3,14,6,Days,7,6.8
2025-10-01,3,14,7,A,9,8.9
2025-10-01,3,14,7,B,6,5.8
2025-10-01,3,14,7,C,4,4.0
2025-10-01,3,15,8,A,7,6.7
2025-10-01,3,15,8,Days,49,48.4
2025-10-01,3,15,9,A,7,7.0
2025-10-01,3,15,9,Days,21,21.0
2025-10-01,3,16,10,Days,30,29.7
2025-10-01,3,16,11,Days,26,25.6
2025-10-01,3,17,12,A,1,1.0
2025-10-01,3,17,12,Days,28,27.8
2025-10-01,3,17,13,A,1,1.0
2025-10-01,3,17,13,Days,24,23.7
2025-10-01,3,17,14,A,1,1.0
2025-10-01,3,17,14,Days,2,2.0
2025-10-01,3,18,15,A,1,1.0
2025-10-01,3,18,15,Days,21,20.7
2025-10-01,3,18,16,A,2,2.0
2025-10-01,3,18,16,Days,35,34.5
2025-10-01,3,18,17,A,1,1.0
2025-10-01,3,18,17,Days,8,8.0
2025-10-01,4,19,1,A,26,26.0
2025-10-01,4,19,1,B,25,24.8
2025-10-01,4,19,1,C,27,26.7
2025-10-01,4,19,1,Days,2,2.0
2025-10-01,4,19,2,A,8,7.9
2025-10-01,4,19,2,B,10,9.7
2025-10-01,4,19,2,C,10,9.9
2025-10-01,4,19,2,Days,1,1.0
2025-10-01,4,19,3,A,11,10.9
2025-10-01,4,19,3,B,15,15.0
2025-10-01,4,19,3,C,4,4.0
2025-10-01,4,19,3,Days,6,5.8
2025-10-01,4,19,4,A,3,3.0
2025-10-01,4,19,4,B,1,1.0
2025-10-01,4,19,4,C,1,1.0
2025-10-01,4,19,4,Days,1,1.0
2025-10-01,4,20,5,A,12,12.0
2025-10-01,4,20,5,B,27,26.8
2025-10-01,4,20,5,C,11,10.9
2025-10-01,4,20,5,Days,9,8.9
2025-10-01,4,20,6,A,9,9.0
2025-10-01,4,20,6,B,10,9.9
2025-10-01,4,20,6,C,10,10.0
2025-10-01,4,20,6,Days,2,2.0
2025-10-01,4,20,7,A,6,6.0
2025-10-01,4,20,7,B,5,4.9
2025-10-01,4,20,7,C,1,1.0
2025-10-01,4,21,8,A,8,8.0
2025-10-01,4,21,8,Days,36,35.5
2025-10-01,4,21,9,A,7,7.0
2025-10-01,4,21,9,Days,10,10.0
2025-10-01,4,22,10,A,2,2.0
2025-10-01,4,22,10,Days,35,34.5
2025-10-01,4,22,11,A,1,1.0
2025-10-01,4,22,11,Days,18,17.8
2025-10-01,4,23,12,Days,16,15.5
2025-10-01,4,23,13,A,1,1.0
2025-10-01,4,23,13,Days,23,22.9
2025-10-01,4,23,14,Days,7,6.9
2025-10-01,4,24,15,A,2,2.0
2025-10-01,4,24,15,Days,17,17.0
2025-10-01,4,24,16,A,2,2.0
2025-10-01,4,24,16,Days,21,20.9
2025-10-01,4,24,17,A,1,1.0
2025-10-01,4,24,17,Days,6,6.0
2025-11-01,1,1,1,A,62,60.9
2025-11-01,1,1,1,B,75,74.4
2025-11-01,1,1,1,C,53,52.9
2025-11-01,1,1,1,Days,18,17.9
2025-11-01,1,1,2,A,22,22.0
2025-11-01,1,1,2,B,32,31.1
2025-11-01,1,1,2,C,15,14.8
2025-11-01,1,1,2,Days,3,3.0
2025-11-01,1,1,3,A,23,22.7
2025-11-01,1,1,3,B,32,31.5
2025-11-01,1,1,3,C,25,24.6
2025-11-01,1,1,3,Days,12,11.9
2025-11-01,1,1,4,A,1,1.0
2025-11-01,1,1,4,B,6,5.8
2025-11-01,1,1,4,C,2,2.0
2025-11-01,1,2,5,A,49,48.5
2025-11-01,1,2,5,B,37,36.7
2025-11-01,1,2,5,C,31,30.6
2025-11-01,1,2,5,Days,8,7.8
2025-11-01,1,2,6,A,20,19.9
2025-11-01,1,2,6,B,17,17.0
2025-11-01,1,2,6,C,9,8.8
2025-11-01,1,2,6,Days,1,1.0
2025-11-01,1,2,7,A,5,5.0
2025-11-01,1,2,7,B,2,2.0
2025-11-01,1,2,7,C,1,1.0
2025-11-01,1,2,7,Days,2,2.0
2025-11-01,1,3,8,A,9,8.8
2025-11-01,1,3,8,Days,41,40.8
2025-11-01,1,3,9,A,5,4.9
2025-11-01,1,3,9,Days,24,23.6
2025-11-01,1,4,10,A,2,2.0
2025-11-01,1,4,10,Days,41,40.1
2025-11-01,1,4,11,A,2,2.0
2025-11-01,1,4,11,Days,34,33.8
2025-11-01,1,5,12,Days,43,42.6
2025-11-01,1,5,13,A,2,2.0
2025-11-01,1,5,13,Days,36,35.9
2025-11-01,1,5,14,A,1,1.0
2025-11-01,1,5,14,Days,6,5.8
2025-11-01,1,6,15,Days,42,41.4
2025-11-01,1,6,16,A,4,3.8
2025-11-01,1,6,16,Days,50,49.6
2025-11-01,1,6,17,Days,13,12.9
2025-11-01,2,7,1,A,46,45.5
2025-11-01,2,7,1,B,59,58.5
2025-11-01,2,7,1,C,38,37.6
2025-11-01,2,7,1,Days,14,13.8
2025-11-01,2,7,2,A,18,17.7
2025-11-01,2,7,2,B,24,23.8
2025-11-01,2,7,2,C,15,15.0
2025-11-01,2,7,2,Days,8,8.0
2025-11-01,2,7,3,A,24,23.4
2025-11-01,2,7,3,B,30,29.3
2025-11-01,2,7,3,C,19,19.0
2025-11-01,2,7,3,Days,3,2.9
2025-11-01,2,7,4,A,2,2.0
2025-11-01,2,7,4,B,3,2.8
2025-11-01,2,7,4,C,1,1.0
2025-11-01,2,8,5,A,47,46.7
2025-11-01,2,8,5,B,28,27.8
2025-11-01,2,8,5,C,26,25.6
2025-11-01,2,8,5,Days,10,10.0
2025-11-01,2,8,6,A,16,15.6
2025-11-01,2,8,6,B,14,14.0
2025-11-01,2,8,6,C,15,15.0
2025-11-01,2,8,6,Days,3,3.0
2025-11-01,2,8,7,A,8,7.9
2025-11-01,2,8,7,B,4,4.0
2025-11-01,2,8,7,C,4,4.0
2025-11-01,2,9,8,A,15,14.9
2025-11-01,2,9,8,Days,55,54.7
2025-11-01,2,9,9,A,8,8.0
2025-11-01,2,9,9,Days,23,23.0
2025-11-01,2,10,10,Days,42,41.4
2025-11-01,2,10,11,A,2,2.0
2025-11-01,2,10,11,Days,32,31.4
2025-11-01,2,11,12,A,1,1.0
2025-11-01,2,11,12,Days,39,38.5
2025-11-01,2,11,13,Days,29,28.1
2025-11-01,2,11,14,Days,8,7.7
2025-11-01,2,12,15,A,1,1.0
2025-11-01,2,12,15,Days,44,43.6
2025-11-01,2,12,16,Days,33,32.7
2025-11-01,2,12,17,Days,16,16.0
2025-11-01,3,13,1,A,65,64.1
2025-11-01,3,13,1,B,78,77.3
2025-11-01,3,13,1,C,52,51.6
2025-11-01,3,13,1,Days,18,17.8
2025-11-01,3,13,2,A,23,22.3
2025-11-01,3,13,2,B,28,27.6
2025-11-01,3,13,2,C,14,13.9
2025-11-01,3,13,2,Days,3,3.0
2025-11-01,3,13,3,A,26,26.0
2025-11-01,3,13,3,B,22,21.7
2025-11-01,3,13,3,C,19,18.7
2025-11-01,3,13,3,Days,6,6.0
2025-11-01,3,13,4,A,3,3.0
2025-11-01,3,13,4,B,6,6.0
2025-11-01,3,13,4,C,4,4.0
2025-11-01,3,14,5,A,38,37.6
2025-11-01,3,14,5,B,40,39.7
2025-11-01,3,14,5,C,17,16.8
2025-11-01,3,14,5,Days,9,9.0
2025-11-01,3,14,6,A,19,18.8
2025-11-01,3,14,6,B,11,11.0
2025-11-01,3,14,6,C,17,16.7
2025-11-01,3,14,6,Days,7,6.8
2025-11-01,3,14,7,A,9,8.9
2025-11-01,3,14,7,B,6,5.8
2025-11-01,3,14,7,C,4,4.0
2025-11-01,3,15,8,A,8,7.7
2025-11-01,3,15,8,Days,49,48.4
2025-11-01,3,15,9,A,7,7.0
2025-11-01,3,15,9,Days,21,21.0
2025-11-01,3,16,10,Days,31,30.7
2025-11-01,3,16,11,Days,27,26.6
2025-11-01,3,17,12,A,1,1.0
2025-11-01,3,17,12,Days,29,28.8
2025-11-01,3,17,13,A,1,1.0
2025-11-01,3,17,13,Days,24,23.7
2025-11-01,3,17,14,A,1,1.0
2025-11-01,3,17,14,Days,2,2.0
2025-11-01,3,18,15,A,1,1.0
2025-11-01,3,18,15,Days,23,22.7
2025-11-01,3,18,16,A,2,2.0
2025-11-01,3,18,16,Days,35,34.5
2025-11-01,3,18,17,A,1,1.0
2025-11-01,3,18,17,Days,8,8.0
2025-11-01,4,19,1,A,26,26.0
2025-11-01,4,19,1,B,25,24.8
2025-11-01,4,19,1,C,27,26.7
2025-11-01,4,19,1,Days,1,1.0
2025-11-01,4,19,2,A,8,7.9
2025-11-01,4,19,2,B,11,10.7
2025-11-01,4,19,2,C,10,9.9
2025-11-01,4,19,2,Days,1,1.0
2025-11-01,4,19,3,A,11,10.9
2025-11-01,4,19,3,B,15,15.0
2025-11-01,4,19,3,C,4,4.0
2025-11-01,4,19,3,Days,6,5.8
2025-11-01,4,19,4,A,3,3.0
2025-11-01,4,19,4,B,1,1.0
2025-11-01,4,19,4,C,1,1.0
2025-11-01,4,19,4,Days,1,1.0
2025-11-01,4,20,5,A,12,12.0
2025-11-01,4,20,5,B,27,26.8
2025-11-01,4,20,5,C,11,10.9
2025-11-01,4,20,5,Days,9,8.9
2025-11-01,4,20,6,A,10,10.0
2025-11-01,4,20,6,B,9,8.9
2025-11-01,4,20,6,C,10,10.0
2025-11-01,4,20,6,Days,2,2.0
2025-11-01,4,20,7,A,6,6.0
2025-11-01,4,20,7,B,5,4.9
2025-11-01,4,20,7,C,1,1.0
2025-11-01,4,21,8,A,7,7.0
2025-11-01,4,21,8,Days,35,34.5
2025-11-01,4,21,9,A,7,7.0
2025-11-01,4,21,9,Days,10,10.0
2025-11-01,4,22,10,A,2,2.0
2025-11-01,4,22,10,Days,35,34.5
2025-11-01,4,22,11,A,1,1.0
2025-11-01,4,22,11,Days,18,17.8
2025-11-01,4,23,12,Days,16,15.5
2025-11-01,4,23,13,A,1,1.0
2025-11-01,4,23,13,Days,22,21.9
2025-11-01,4,23,14,Days,7,6.9
2025-11-01,4,24,15,A,2,2.0
2025-11-01,4,24,15,Days,18,18.0
2025-11-01,4,24,16,A,2,2.0
2025-11-01,4,24,16,Days,21,20.9
2025-11-01,4,24,17,A,1,1.0
2025-11-01,4,24,17,Days,6,6.0
2025-12-01,1,1,1,A,58,57.0
2025-12-01,1,1,1,B,73,72.5
2025-12-01,1,1,1,C,52,51.9
2025-12-01,1,1,1,Days,18,17.9
2025-12-01,1,1,2,A,22,22.0
2025-12-01,1,1,2,B,32,31.1
2025-12-01,1,1,2,C,15,14.8
2025-12-01,1,1,2,Days,2,2.0
2025-12-01,1,1,3,A,23,22.7
2025-12-01,1,1,3,B,31,30.5
2025-12-01,1,1,3,C,25,24.6
2025-12-01,1,1,3,Days,12,11.9
2025-12-01,1,1,4,A,1,1.0
2025-12-01,1,1,4,B,6,5.8
2025-12-01,1,1,4,C,2,2.0
2025-12-01,1,2,5,A,49,48.5
2025-12-01,1,2,5,B,36,35.7
2025-12-01,1,2,5,C,31,30.6
2025-12-01,1,2,5,Days,8,7.8
2025-12-01,1,2,6,A,20,19.9
2025-12-01,1,2,6,B,16,16.0
2025-12-01,1,2,6,C,9,8.8
2025-12-01,1,2,6,Days,1,1.0
2025-12-01,1,2,7,A,5,5.0
2025-12-01,1,2,7,B,2,2.0
2025-12-01,1,2,7,C,1,1.0
2025-12-01,1,2,7,Days,2,2.0
2025-12-01,1,3,8,A,9,8.8
2025-12-01,1,3,8,Days,40,39.8
2025-12-01,1,3,9,A,5,4.9
2025-12-01,1,3,9,Days,24,23.6
2025-12-01,1,4,10,A,2,2.0
2025-12-01,1,4,10,Days,41,40.1
2025-12-01,1,4,11,A,2,2.0
2025-12-01,1,4,11,Days,34,33.8
2025-12-01,1,5,12,Days,43,42.6
2025-12-01,1,5,13,A,2,2.0
2025-12-01,1,5,13,Days,36,35.9
2025-12-01,1,5,14,A,1,1.0
2025-12-01,1,5,14,Days,6,5.8
2025-12-01,1,6,15,Days,42,41.4
2025-12-01,1,6,16,A,4,3.8
2025-12-01,1,6,16,Days,50,49.6
2025-12-01,1,6,17,Days,13,12.9
2025-12-01,2,7,1,A,43,42.6
2025-12-01,2,7,1,B,56,55.7
2025-12-01,2,7,1,C,37,36.6
2025-12-01,2,7,1,Days,13,12.8
2025-12-01,2,7,2,A,18,17.7
2025-12-01,2,7,2,B,24,23.8
2025-12-01,2,7,2,C,13,13.0
2025-12-01,2,7,2,Days,8,8.0
2025-12-01,2,7,3,A,23,22.4
2025-12-01,2,7,3,B,30,29.3
2025-12-01,2,7,3,C,19,19.0
2025-12-01,2,7,3,Days,3,2.9
2025-12-01,2,7,4,A,2,2.0
2025-12-01,2,7,4,B,3,2.8
2025-12-01,2,7,4,C,1,1.0
2025-12-01,2,8,5,A,47,46.7
2025-12-01,2,8,5,B,28,27.8
2025-12-01,2,8,5,C,26,25.6
2025-12-01,2,8,5,Days,10,10.0
2025-12-01,2,8,6,A,16,15.6
2025-12-01,2,8,6,B,14,14.0
2025-12-01,2,8,6,C,14,14.0
2025-12-01,2,8,6,Days,3,3.0
2025-12-01,2,8,7,A,8,7.9
2025-12-01,2,8,7,B,4,4.0
2025-12-01,2,8,7,C,4,4.0
2025-12-01,2,9,8,A,14,13.9
2025-12-01,2,9,8,Days,55,54.7
2025-12-01,2,9,9,A,8,8.0
2025-12-01,2,9,9,Days,23,23.0
2025-12-01,2,10,10,Days,39,38.4
2025-12-01,2,10,11,A,2,2.0
2025-12-01,2,10,11,Days,32,31.4
2025-12-01,2,11,12,A,1,1.0
2025-12-01,2,11,12,Days,37,36.5
2025-12-01,2,11,13,Days,29,28.1
2025-12-01,2,11,14,Days,8,7.7
2025-12-01,2,12,15,A,1,1.0
2025-12-01,2,12,15,Days,44,43.6
2025-12-01,2,12,16,Days,33,32.7
2025-12-01,2,12,17,Days,16,16.0
2025-12-01,3,13,1,A,64,63.1
2025-12-01,3,13,1,B,78,77.3
2025-12-01,3,13,1,C,50,49.7
2025-12-01,3,13,1,Days,18,17.8
2025-12-01,3,13,2,A,22,21.3
2025-12-01,3,13,2,B,27,26.6
2025-12-01,3,13,2,C,14,13.9
2025-12-01,3,13,2,Days,3,3.0
2025-12-01,3,13,3,A,26,26.0
2025-12-01,3,13,3,B,23,22.7
2025-12-01,3,13,3,C,18,17.7
2025-12-01,3,13,3,Days,6,6.0
2025-12-01,3,13,4,A,4,4.0
2025-12-01,3,13,4,B,6,6.0
2025-12-01,3,13,4,C,4,4.0
2025-12-01,3,14,5,A,38,37.6
2025-12-01,3,14,5,B,38,37.7
2025-12-01,3,14,5,C,17,16.8
2025-12-01,3,14,5,Days,9,9.0
2025-12-01,3,14,6,A,19,18.8
2025-12-01,3,14,6,B,11,11.0
2025-12-01,3,14,6,C,16,15.7
2025-12-01,3,14,6,Days,7,6.8
2025-12-01,3,14,7,A,9,8.9
2025-12-01,3,14,7,B,6,5.8
2025-12-01,3,14,7,C,4,4.0
2025-12-01,3,15,8,A,8,7.7
2025-12-01,3,15,8,Days,49,48.4
2025-12-01,3,15,9,A,7,7.0
2025-12-01,3,15,9,Days,22,22.0
2025-12-01,3,16,10,A,1,1.0
2025-12-01,3,16,10,Days,31,30.7
2025-12-01,3,16,11,Days,27,26.6
2025-12-01,3,17,12,A,1,1.0
2025-12-01,3,17,12,Days,30,29.8
2025-12-01,3,17,13,A,1,1.0
2025-12-01,3,17,13,Days,24,23.7
2025-12-01,3,17,14,A,1,1.0
2025-12-01,3,17,14,Days,2,2.0
2025-12-01,3,18,15,A,1,1.0
2025-12-01,3,18,15,Days,24,23.7
2025-12-01,3,18,16,A,2,2.0
2025-12-01,3,18,16,Days,35,34.5
2025-12-01,3,18,17,A,1,1.0
2025-12-01,3,18,17,Days,8,8.0
2025-12-01,4,19,1,A,25,25.0
2025-12-01,4,19,1,B,24,23.8
2025-12-01,4,19,1,C,27,26.7
2025-12-01,4,19,1,Days,1,1.0
2025-12-01,4,19,2,A,8,7.9
2025-12-01,4,19,2,B,11,10.7
2025-12-01,4,19,2,C,10,9.9
2025-12-01,4,19,2,Days,1,1.0
2025-12-01,4,19,3,A,11,10.9
2025-12-01,4,19,3,B,15,15.0
2025-12-01,4,19,3,C,4,4.0
2025-12-01,4,19,3,Days,6,5.8
2025-12-01,4,19,4,A,3,3.0
2025-12-01,4,19,4,B,1,1.0
2025-12-01,4,19,4,C,1,1.0
2025-12-01,4,19,4,Days,1,1.0
2025-12-01,4,20,5,A,12,12.0
2025-12-01,4,20,5,B,27,26.8
2025-12-01,4,20,5,C,10,9.9
2025-12-01,4,20,5,Days,9,8.9
2025-12-01,4,20,6,A,10,10.0
2025-12-01,4,20,6,B,9,8.9
2025-12-01,4,20,6,C,10,10.0
2025-12-01,4,20,6,Days,2,2.0
2025-12-01,4,20,7,A,6,6.0
2025-12-01,4,20,7,B,5,4.9
2025-12-01,4,20,7,C,1,1.0
2025-12-01,4,21,8,A,7,7.0
2025-12-01,4,21,8,Days,35,34.5
2025-12-01,4,21,9,A,7,7.0
2025-12-01,4,21,9,Days,10,10.0
2025-12-01,4,22,10,A,2,2.0
2025-12-01,4,22,10,Days,34,33.5
2025-12-01,4,22,11,A,1,1.0
2025-12-01,4,22,11,Days,18,17.8
2025-12-01,4,23,12,Days,16,15.5
2025-12-01,4,23,13,A,1,1.0
2025-12-01,4,23,13,Days,22,21.9
2025-12-01,4,23,14,Days,7,6.9
2025-12-01,4,24,15,A,2,2.0
2025-12-01,4,24,15,Days,17,17.0
2025-12-01,4,24,16,A,2,2.0
2025-12-01,4,24,16,Days,21,20.9
2025-12-01,4,24,17,A,1,1.0
2025-12-01,4,24,17,Days,6,6.0
2026-01-01,1,1,1,A,58,57.0
2026-01-01,1,1,1,B,71,70.5
2026-01-01,1,1,1,C,51,50.9
2026-01-01,1,1,1,Days,18,17.9
2026-01-01,1,1,2,A,22,22.0
2026-01-01,1,1,2,B,31,30.1
2026-01-01,1,1,2,C,15,14.8
2026-01-01,1,1,2,Days,2,2.0
2026-01-01,1,1,3,A,23,22.7
2026-01-01,1,1,3,B,30,29.5
2026-01-01,1,1,3,C,23,22.6
2026-01-01,1,1,3,Days,12,11.9
2026-01-01,1,1,4,A,1,1.0
2026-01-01,1,1,4,B,6,5.8
2026-01-01,1,1,4,C,2,2.0
2026-01-01,1,2,5,A,49,48.5
2026-01-01,1,2,5,B,35,34.7
2026-01-01,1,2,5,C,30,29.6
2026-01-01,1,2,5,Days,8,7.8
2026-01-01,1,2,6,A,20,19.9
2026-01-01,1,2,6,B,15,15.0
2026-01-01,1,2,6,C,9,8.8
2026-01-01,1,2,6,Days,1,1.0
2026-01-01,1,2,7,A,5,5.0
2026-01-01,1,2,7,B,2,2.0
2026-01-01,1,2,7,C,1,1.0
2026-01-01,1,2,7,Days,2,2.0
2026-01-01,1,3,8,A,9,8.8
2026-01-01,1,3,8,Days,39,38.8
2026-01-01,1,3,9,A,5,4.9
2026-01-01,1,3,9,Days,24,23.6
2026-01-01,1,4,10,A,2,2.0
2026-01-01,1,4,10,Days,41,40.1
2026-01-01,1,4,11,A,2,2.0
2026-01-01,1,4,11,Days,34,33.8
2026-01-01,1,5,12,Days,43,42.6
2026-01-01,1,5,13,A,2,2.0
2026-01-01,1,5,13,Days,36,35.9
2026-01-01,1,5,14,A,1,1.0
2026-01-01,1,5,14,Days,5,4.8
2026-01-01,1,6,15,Days,42,41.4
2026-01-01,1,6,16,A,4,3.8
2026-01-01,1,6,16,Days,49,48.6
2026-01-01,1,6,17,Days,13,12.9
2026-01-01,2,7,1,A,43,42.6
2026-01-01,2,7,1,B,56,55.7
2026-01-01,2,7,1,C,37,36.6
2026-01-01,2,7,1,Days,13,12.8
2026-01-01,2,7,2,A,18,17.7
2026-01-01,2,7,2,B,24,23.8
2026-01-01,2,7,2,C,13,13.0
2026-01-01,2,7,2,Days,8,8.0
2026-01-01,2,7,3,A,23,22.4
2026-01-01,2,7,3,B,30,29.3
2026-01-01,2,7,3,C,19,19.0
2026-01-01,2,7,3,Days,3,2.9
2026-01-01,2,7,4,A,2,2.0
2026-01-01,2,7,4,B,3,2.8
2026-01-01,2,8,5,A,46,45.7
2026-01-01,2,8,5,B,27,26.8
2026-01-01,2,8,5,C,26,25.6
2026-01-01,2,8,5,Days,10,10.0
2026-01-01,2,8,6,A,16,15.6
2026-01-01,2,8,6,B,14,14.0
2026-01-01,2,8,6,C,14,14.0
2026-01-01,2,8,6,Days,3,3.0
2026-01-01,2,8,7,A,8,7.9
2026-01-01,2,8,7,B,4,4.0
2026-01-01,2,8,7,C,4,4.0
2026-01-01,2,9,8,A,14,13.9
2026-01-01,2,9,8,Days,54,53.7
2026-01-01,2,9,9,A,8,8.0
2026-01-01,2,9,9,Days,23,23.0
2026-01-01,2,10,10,Days,39,38.4
2026-01-01,2,10,11,A,2,2.0
2026-01-01,2,10,11,Days,32,31.4
2026-01-01,2,11,12,A,1,1.0
2026-01-01,2,11,12,Days,37,36.5
2026-01-01,2,11,13,Days,29,28.1
2026-01-01,2,11,14,Days,7,6.7
2026-01-01,2,12,15,A,1,1.0
2026-01-01,2,12,15,Days,44,43.6
2026-01-01,2,12,16,Days,33,32.7
2026-01-01,2,12,17,Days,15,15.0
2026-01-01,3,13,1,A,63,62.1
2026-01-01,3,13,1,B,76,75.5
2026-01-01,3,13,1,C,48,47.7
2026-01-01,3,13,1,Days,18,17.8
2026-01-01,3,13,2,A,22,21.3
2026-01-01,3,13,2,B,26,25.7
2026-01-01,3,13,2,C,14,13.9
2026-01-01,3,13,2,Days,4,4.0
2026-01-01,3,13,3,A,26,26.0
2026-01-01,3,13,3,B,23,22.7
2026-01-01,3,13,3,C,18,17.7
2026-01-01,3,13,3,Days,6,6.0
2026-01-01,3,13,4,A,4,4.0
2026-01-01,3,13,4,B,6,6.0
2026-01-01,3,13,4,C,4,4.0
2026-01-01,3,14,5,A,38,37.6
2026-01-01,3,14,5,B,36,35.7
2026-01-01,3,14,5,C,16,15.8
2026-01-01,3,14,5,Days,9,9.0
2026-01-01,3,14,6,A,19,18.8
2026-01-01,3,14,6,B,11,11.0
2026-01-01,3,14,6,C,15,14.7
2026-01-01,3,14,6,Days,7,6.8
2026-01-01,3,14,7,A,8,7.9
2026-01-01,3,14,7,B,6,5.8
2026-01-01,3,14,7,C,4,4.0
2026-01-01,3,15,8,A,8,7.7
2026-01-01,3,15,8,Days,49,48.4
2026-01-01,3,15,9,A,7,7.0
2026-01-01,3,15,9,Days,22,22.0
2026-01-01,3,16,10,A,1,1.0
2026-01-01,3,16,10,Days,31,30.7
2026-01-01,3,16,11,Days,27,26.6
2026-01-01,3,17,12,A,1,1.0
2026-01-01,3,17,12,Days,29,28.8
2026-01-01,3,17,13,A,1,1.0
2026-01-01,3,17,13,Days,23,22.7
2026-01-01,3,17,14,A,1,1.0
2026-01-01,3,17,14,Days,2,2.0
2026-01-01,3,18,15,A,1,1.0
2026-01-01,3,18,15,Days,21,20.7
2026-01-01,3,18,16,A,2,2.0
2026-01-01,3,18,16,Days,34,33.5
2026-01-01,3,18,17,A,1,1.0
2026-01-01,3,18,17,Days,8,8.0
2026-01-01,4,19,1,A,25,25.0
2026-01-01,4,19,1,B,23,22.8
2026-01-01,4,19,1,C,27,26.7
2026-01-01,4,19,1,Days,1,1.0
2026-01-01,4,19,2,A,8,7.9
2026-01-01,4,19,2,B,11,10.7
2026-01-01,4,19,2,C,10,9.9
2026-01-01,4,19,2,Days,1,1.0
2026-01-01,4,19,3,A,11,10.9
2026-01-01,4,19,3,B,15,15.0
2026-01-01,4,19,3,C,4,4.0
2026-01-01,4,19,3,Days,6,5.8
2026-01-01,4,19,4,A,3,3.0
2026-01-01,4,19,4,B,1,1.0
2026-01-01,4,19,4,C,1,1.0
2026-01-01,4,19,4,Days,1,1.0
2026-01-01,4,20,5,A,11,11.0
2026-01-01,4,20,5,B,26,25.8
2026-01-01,4,20,5,C,10,9.9
2026-01-01,4,20,5,Days,9,8.9
2026-01-01,4,20,6,A,10,10.0
2026-01-01,4,20,6,B,9,8.9
2026-01-01,4,20,6,C,10,10.0
2026-01-01,4,20,6,Days,2,2.0
2026-01-01,4,20,7,A,6,6.0
2026-01-01,4,20,7,B,5,4.9
2026-01-01,4,20,7,C,1,1.0
2026-01-01,4,21,8,A,7,7.0
2026-01-01,4,21,8,Days,35,34.5
2026-01-01,4,21,9,A,7,7.0
2026-01-01,4,21,9,Days,10,10.0
2026-01-01,4,22,10,A,2,2.0
2026-01-01,4,22,10,Days,34,33.5
2026-01-01,4,22,11,A,1,1.0
2026-01-01,4,22,11,Days,18,17.8
2026-01-01,4,23,12,Days,16,15.5
2026-01-01,4,23,13,A,1,1.0
2026-01-01,4,23,13,Days,22,21.9
2026-01-01,4,23,14,Days,6,5.9
2026-01-01,4,24,15,A,2,2.0
2026-01-01,4,24,15,Days,17,17.0
2026-01-01,4,24,16,A,2,2.0
2026-01-01,4,24,16,Days,21,20.9
2026-01-01,4,24,17,A,1,1.0
2026-01-01,4,24,17,Days,6,6.0
2026-02-01,1,1,1,A,58,57.0
2026-02-01,1,1,1,B,70,69.5
2026-02-01,1,1,1,C,50,49.9
2026-02-01,1,1,1,Days,18,17.9
2026-02-01,1,1,2,A,22,22.0
2026-02-01,1,1,2,B,31,30.1
2026-02-01,1,1,2,C,15,14.8
2026-02-01,1,1,2,Days,2,2.0
2026-02-01,1,1,3,A,22,21.7
2026-02-01,1,1,3,B,30,29.5
2026-02-01,1,1,3,C,23,22.6
2026-02-01,1,1,3,Days,11,10.9
2026-02-01,1,1,4,B,6,5.8
2026-02-01,1,1,4,C,2,2.0
2026-02-01,1,2,5,A,47,46.5
2026-02-01,1,2,5,B,35,34.7
2026-02-01,1,2,5,C,29,28.6
2026-02-01,1,2,5,Days,8,7.8
2026-02-01,1,2,6,A,19,18.9
2026-02-01,1,2,6,B,15,15.0
2026-02-01,1,2,6,C,9,8.8
2026-02-01,1,2,6,Days,1,1.0
2026-02-01,1,2,7,A,5,5.0
2026-02-01,1,2,7,B,2,2.0
2026-02-01,1,2,7,C,1,1.0
2026-02-01,1,2,7,Days,2,2.0
2026-02-01,1,3,8,A,9,8.8
2026-02-01,1,3,8,Days,39,38.8
2026-02-01,1,3,9,A,5,4.9
2026-02-01,1,3,9,Days,24,23.6
2026-02-01,1,4,10,A,2,2.0
2026-02-01,1,4,10,Days,40,39.1
2026-02-01,1,4,11,A,2,2.0
2026-02-01,1,4,11,Days,34,33.8
2026-02-01,1,5,12,Days,43,42.6
2026-02-01,1,5,13,A,2,2.0
2026-02-01,1,5,13,Days,36,35.9
2026-02-01,1,5,14,A,1,1.0
2026-02-01,1,5,14,Days,5,4.8
2026-02-01,1,6,15,Days,41,40.4
2026-02-01,1,6,16,A,4,3.8
2026-02-01,1,6,16,Days,47,46.8
2026-02-01,1,6,17,Days,13,12.9
2026-02-01,2,7,1,A,43,42.6
2026-02-01,2,7,1,B,55,54.7
2026-02-01,2,7,1,C,37,36.6
2026-02-01,2,7,1,Days,13,12.8
2026-02-01,2,7,2,A,17,16.7
2026-02-01,2,7,2,B,24,23.8
2026-02-01,2,7,2,C,12,12.0
2026-02-01,2,7,2,Days,8,8.0
2026-02-01,2,7,3,A,22,21.5
2026-02-01,2,7,3,B,30,29.3
2026-02-01,2,7,3,C,18,18.0
2026-02-01,2,7,3,Days,3,2.9
2026-02-01,2,7,4,A,2,2.0
2026-02-01,2,7,4,B,3,2.8
2026-02-01,2,8,5,A,46,45.7
2026-02-01,2,8,5,B,27,26.8
2026-02-01,2,8,5,C,26,25.6
2026-02-01,2,8,5,Days,10,10.0
2026-02-01,2,8,6,A,16,15.6
2026-02-01,2,8,6,B,14,14.0
2026-02-01,2,8,6,C,14,14.0
2026-02-01,2,8,6,Days,3,3.0
2026-02-01,2,8,7,A,8,7.9
2026-02-01,2,8,7,B,4,4.0
2026-02-01,2,8,7,C,4,4.0
2026-02-01,2,9,8,A,14,13.9
2026-02-01,2,9,8,Days,54,53.7
2026-02-01,2,9,9,A,8,8.0
2026-02-01,2,9,9,Days,23,23.0
2026-02-01,2,10,10,Days,38,37.5
2026-02-01,2,10,11,A,2,2.0
2026-02-01,2,10,11,Days,31,30.5
2026-02-01,2,11,12,A,1,1.0
2026-02-01,2,11,12,Days,37,36.5
2026-02-01,2,11,13,Days,28,27.1
2026-02-01,2,11,14,Days,7,6.7
2026-02-01,2,12,15,A,1,1.0
2026-02-01,2,12,15,Days,44,43.6
2026-02-01,2,12,16,Days,32,31.7
2026-02-01,2,12,17,Days,15,15.0
2026-02-01,3,13,1,A,63,62.1
2026-02-01,3,13,1,B,72,71.5
2026-02-01,3,13,1,C,46,45.7
2026-02-01,3,13,1,Days,17,16.8
2026-02-01,3,13,2,A,21,20.3
2026-02-01,3,13,2,B,26,25.7
2026-02-01,3,13,2,C,14,13.9
2026-02-01,3,13,2,Days,4,4.0
2026-02-01,3,13,3,A,26,26.0
2026-02-01,3,13,3,B,23,22.7
2026-02-01,3,13,3,C,18,17.7
2026-02-01,3,13,3,Days,6,6.0
2026-02-01,3,13,4,A,4,4.0
2026-02-01,3,13,4,B,6,6.0
2026-02-01,3,13,4,C,4,4.0
2026-02-01,3,14,5,A,37,36.6
2026-02-01,3,14,5,B,35,34.7
2026-02-01,3,14,5,C,16,15.8
2026-02-01,3,14,5,Days,9,9.0
2026-02-01,3,14,6,A,19,18.8
2026-02-01,3,14,6,B,11,11.0
2026-02-01,3,14,6,C,15,14.7
2026-02-01,3,14,6,Days,6,5.9
2026-02-01,3,14,7,A,8,7.9
2026-02-01,3,14,7,B,6,5.8
2026-02-01,3,14,7,C,4,4.0
2026-02-01,3,15,8,A,7,6.7
2026-02-01,3,15,8,Days,48,47.4
2026-02-01,3,15,9,A,7,7.0
2026-02-01,3,15,9,Days,22,22.0
2026-02-01,3,16,10,A,1,1.0
2026-02-01,3,16,10,Days,30,29.7
2026-02-01,3,16,11,Days,27,26.6
2026-02-01,3,17,12,A,1,1.0
2026-02-01,3,17,12,Days,29,28.8
2026-02-01,3,17,13,A,1,1.0
2026-02-01,3,17,13,Days,23,22.7
2026-02-01,3,17,14,A,1,1.0
2026-02-01,3,17,14,Days,2,2.0
2026-02-01,3,18,15,A,1,1.0
2026-02-01,3,18,15,Days,21,20.7
2026-02-01,3,18,16,A,2,2.0
2026-02-01,3,18,16,Days,34,33.5
2026-02-01,3,18,17,A,1,1.0
2026-02-01,3,18,17,Days,8,8.0
2026-02-01,4,19,1,A,25,25.0
2026-02-01,4,19,1,B,21,20.8
2026-02-01,4,19,1,C,27,26.7
2026-02-01,4,19,1,Days,1,1.0
2026-02-01,4,19,2,A,8,7.9
2026-02-01,4,19,2,B,11,10.7
2026-02-01,4,19,2,C,10,9.9
2026-02-01,4,19,2,Days,1,1.0
2026-02-01,4,19,3,A,10,9.9
2026-02-01,4,19,3,B,15,15.0
2026-02-01,4,19,3,C,4,4.0
2026-02-01,4,19,3,Days,6,5.8
2026-02-01,4,19,4,A,3,3.0
2026-02-01,4,19,4,B,1,1.0
2026-02-01,4,19,4,C,1,1.0
2026-02-01,4,19,4,Days,1,1.0
2026-02-01,4,20,5,A,10,10.0
2026-02-01,4,20,5,B,25,24.8
2026-02-01,4,20,5,C,10,9.9
2026-02-01,4,20,5,Days,8,8.0
2026-02-01,4,20,6,A,10,10.0
2026-02-01,4,20,6,B,9,8.9
2026-02-01,4,20,6,C,10,10.0
2026-02-01,4,20,6,Days,1,1.0
2026-02-01,4,20,7,A,6,6.0
2026-02-01,4,20,7,B,4,4.0
2026-02-01,4,20,7,C,1,1.0
2026-02-01,4,21,8,A,7,7.0
2026-02-01,4,21,8,Days,35,34.5
2026-02-01,4,21,9,A,7,7.0
2026-02-01,4,21,9,Days,10,10.0
2026-02-01,4,22,10,A,2,2.0
2026-02-01,4,22,10,Days,34,33.5
2026-02-01,4,22,11,A,1,1.0
2026-02-01,4,22,11,Days,18,17.8
2026-02-01,4,23,12,Days,16,15.5
2026-02-01,4,23,13,A,1,1.0
2026-02-01,4,23,13,Days,21,20.9
2026-02-01,4,23,14,Days,6,5.9
2026-02-01,4,24,15,A,2,2.0
2026-02-01,4,24,15,Days,17,17.0
2026-02-01,4,24,16,A,2,2.0
2026-02-01,4,24,16,Days,21,20.9
2026-02-01,4,24,17,A,1,1.0
2026-02-01,4,24,17,Days,6,6.0
2026-03-01,1,1,1,A,56,55.0
2026-03-01,1,1,1,B,69,68.5
2026-03-01,1,1,1,C,50,49.9
2026-03-01,1,1,1,Days,18,17.9
2026-03-01,1,1,2,A,21,21.0
2026-03-01,1,1,2,B,31,30.1
2026-03-01,1,1,2,C,15,14.8
2026-03-01,1,1,2,Days,2,2.0
2026-03-01,1,1,3,A,22,21.7
2026-03-01,1,1,3,B,29,28.5
2026-03-01,1,1,3,C,23,22.6
2026-03-01,1,1,3,Days,10,9.9
2026-03-01,1,1,4,B,6,5.8
2026-03-01,1,1,4,C,2,2.0
2026-03-01,1,2,5,A,47,46.5
2026-03-01,1,2,5,B,34,33.7
2026-03-01,1,2,5,C,28,27.6
2026-03-01,1,2,5,Days,8,7.8
2026-03-01,1,2,6,A,19,18.9
2026-03-01,1,2,6,B,15,15.0
2026-03-01,1,2,6,C,9,8.8
2026-03-01,1,2,6,Days,1,1.0
2026-03-01,1,2,7,A,5,5.0
2026-03-01,1,2,7,B,2,2.0
2026-03-01,1,2,7,C,1,1.0
2026-03-01,1,2,7,Days,2,2.0
2026-03-01,1,3,8,A,8,7.8
2026-03-01,1,3,8,Days,38,37.8
2026-03-01,1,3,9,A,5,4.9
2026-03-01,1,3,9,Days,24,23.6
2026-03-01,1,4,10,A,2,2.0
2026-03-01,1,4,10,Days,40,39.1
2026-03-01,1,4,11,A,2,2.0
2026-03-01,1,4,11,Days,34,33.8
2026-03-01,1,5,12,Days,43,42.6
2026-03-01,1,5,13,A,1,1.0
2026-03-01,1,5,13,Days,36,35.9
2026-03-01,1,5,14,A,1,1.0
2026-03-01,1,5,14,Days,5,4.8
2026-03-01,1,6,15,Days,41,40.4
2026-03-01,1,6,16,A,4,3.8
2026-03-01,1,6,16,Days,47,46.8
2026-03-01,1,6,17,Days,12,11.9
2026-03-01,2,7,1,A,41,40.6
2026-03-01,2,7,1,B,54,53.7
2026-03-01,2,7,1,C,37,36.6
2026-03-01,2,7,1,Days,13,12.8
2026-03-01,2,7,2,A,17,16.7
2026-03-01,2,7,2,B,23,22.8
2026-03-01,2,7,2,C,12,12.0
2026-03-01,2,7,2,Days,8,8.0
2026-03-01,2,7,3,A,22,21.5
2026-03-01,2,7,3,B,30,29.3
2026-03-01,2,7,3,C,18,18.0
2026-03-01,2,7,3,Days,3,2.9
2026-03-01,2,7,4,A,2,2.0
2026-03-01,2,7,4,B,3,2.8
2026-03-01,2,8,5,A,43,42.8
2026-03-01,2,8,5,B,27,26.8
2026-03-01,2,8,5,C,26,25.6
2026-03-01,2,8,5,Days,10,10.0
2026-03-01,2,8,6,A,16,15.6
2026-03-01,2,8,6,B,14,14.0
2026-03-01,2,8,6,C,14,14.0
2026-03-01,2,8,6,Days,3,3.0
2026-03-01,2,8,7,A,8,7.9
2026-03-01,2,8,7,B,4,4.0
2026-03-01,2,8,7,C,4,4.0
2026-03-01,2,9,8,A,14,13.9
2026-03-01,2,9,8,Days,53,52.7
2026-03-01,2,9,9,A,8,8.0
2026-03-01,2,9,9,Days,23,23.0
2026-03-01,2,10,10,Days,38,37.5
2026-03-01,2,10,11,A,2,2.0
2026-03-01,2,10,11,Days,31,30.5
2026-03-01,2,11,12,A,1,1.0
2026-03-01,2,11,12,Days,37,36.5
2026-03-01,2,11,13,Days,28,27.1
2026-03-01,2,11,14,Days,7,6.7
2026-03-01,2,12,15,A,1,1.0
2026-03-01,2,12,15,Days,44,43.6
2026-03-01,2,12,16,Days,32,31.7
2026-03-01,2,12,17,Days,15,15.0
2026-03-01,3,13,1,A,59,58.2
2026-03-01,3,13,1,B,72,71.5
2026-03-01,3,13,1,C,44,43.7
2026-03-01,3,13,1,Days,16,15.8
2026-03-01,3,13,2,A,20,19.5
2026-03-01,3,13,2,B,25,24.7
2026-03-01,3,13,2,C,14,13.9
2026-03-01,3,13,2,Days,4,4.0
2026-03-01,3,13,3,A,26,26.0
2026-03-01,3,13,3,B,23,22.7
2026-03-01,3,13,3,C,17,16.7
2026-03-01,3,13,3,Days,6,6.0
2026-03-01,3,13,4,A,4,4.0
2026-03-01,3,13,4,B,6,6.0
2026-03-01,3,13,4,C,4,4.0
2026-03-01,3,14,5,A,35,34.6
2026-03-01,3,14,5,B,35,34.7
2026-03-01,3,14,5,C,16,15.8
2026-03-01,3,14,5,Days,9,9.0
2026-03-01,3,14,6,A,18,17.8
2026-03-01,3,14,6,B,11,11.0
2026-03-01,3,14,6,C,15,14.7
2026-03-01,3,14,6,Days,5,4.9
2026-03-01,3,14,7,A,8,7.9
2026-03-01,3,14,7,B,5,4.9
2026-03-01,3,14,7,C,4,4.0
2026-03-01,3,15,8,A,7,6.7
2026-03-01,3,15,8,Days,46,45.4
2026-03-01,3,15,9,A,7,7.0
2026-03-01,3,15,9,Days,22,22.0
2026-03-01,3,16,10,A,1,1.0
2026-03-01,3,16,10,Days,30,29.7
2026-03-01,3,16,11,Days,27,26.6
2026-03-01,3,17,12,A,1,1.0
2026-03-01,3,17,12,Days,29,28.8
2026-03-01,3,17,13,A,1,1.0
2026-03-01,3,17,13,Days,23,22.7
2026-03-01,3,17,14,A,1,1.0
2026-03-01,3,17,14,Days,2,2.0
2026-03-01,3,18,15,A,1,1.0
2026-03-01,3,18,15,Days,21,20.7
2026-03-01,3,18,16,A,2,2.0
2026-03-01,3,18,16,Days,34,33.5
2026-03-01,3,18,17,A,1,1.0
2026-03-01,3,18,17,Days,8,8.0
2026-03-01,4,19,1,A,24,24.0
2026-03-01,4,19,1,B,21,20.8
2026-03-01,4,19,1,C,27,26.7
2026-03-01,4,19,1,Days,1,1.0
2026-03-01,4,19,2,A,8,7.9
2026-03-01,4,19,2,B,10,9.7
2026-03-01,4,19,2,C,10,9.9
2026-03-01,4,19,2,Days,1,1.0
2026-03-01,4,19,3,A,10,9.9
2026-03-01,4,19,3,B,15,15.0
2026-03-01,4,19,3,C,4,4.0
2026-03-01,4,19,3,Days,6,5.8
2026-03-01,4,19,4,A,3,3.0
2026-03-01,4,19,4,B,1,1.0
2026-03-01,4,19,4,C,1,1.0
2026-03-01,4,19,4,Days,1,1.0
2026-03-01,4,20,5,A,10,10.0
2026-03-01,4,20,5,B,25,24.8
2026-03-01,4,20,5,C,10,9.9
2026-03-01,4,20,5,Days,8,8.0
2026-03-01,4,20,6,A,10,10.0
2026-03-01,4,20,6,B,8,7.9
2026-03-01,4,20,6,C,10,10.0
2026-03-01,4,20,6,Days,1,1.0
2026-03-01,4,20,7,A,5,5.0
2026-03-01,4,20,7,B,4,4.0
2026-03-01,4,20,7,C,1,1.0
2026-03-01,4,21,8,A,7,7.0
2026-03-01,4,21,8,Days,35,34.5
2026-03-01,4,21,9,A,7,7.0
2026-03-01,4,21,9,Days,10,10.0
2026-03-01,4,22,10,A,2,2.0
2026-03-01,4,22,10,Days,34,33.5
2026-03-01,4,22,11,A,1,1.0
2026-03-01,4,22,11,Days,18,17.8
2026-03-01,4,23,12,Days,16,15.5
2026-03-01,4,23,13,A,1,1.0
2026-03-01,4,23,13,Days,21,20.9
2026-03-01,4,23,14,Days,6,5.9
2026-03-01,4,24,15,A,2,2.0
2026-03-01,4,24,15,Days,17,17.0
2026-03-01,4,24,16,A,2,2.0
2026-03-01,4,24,16,Days,21,20.9
2026-03-01,4,24,17,A,1,1.0
2026-03-01,4,24,17,Days,6,6.0
2026-04-01,1,1,1,A,55,54.0
2026-04-01,1,1,1,B,67,66.5
2026-04-01,1,1,1,C,50,49.9
2026-04-01,1,1,1,Days,18,17.9
2026-04-01,1,1,2,A,21,21.0
2026-04-01,1,1,2,B,30,29.1
2026-04-01,1,1,2,C,15,14.8
2026-04-01,1,1,2,Days,2,2.0
2026-04-01,1,1,3,A,22,21.7
2026-04-01,1,1,3,B,28,27.5
2026-04-01,1,1,3,C,23,22.6
2026-04-01,1,1,3,Days,10,9.9
2026-04-01,1,1,4,B,6,5.8
2026-04-01,1,1,4,C,2,2.0
2026-04-01,1,2,5,A,47,46.5
2026-04-01,1,2,5,B,34,33.7
2026-04-01,1,2,5,C,28,27.6
2026-04-01,1,2,5,Days,8,7.8
2026-04-01,1,2,6,A,19,18.9
2026-04-01,1,2,6,B,15,15.0
2026-04-01,1,2,6,C,9,8.8
2026-04-01,1,2,6,Days,1,1.0
2026-04-01,1,2,7,A,5,5.0
2026-04-01,1,2,7,B,2,2.0
2026-04-01,1,2,7,C,1,1.0
2026-04-01,1,2,7,Days,2,2.0
2026-04-01,1,3,8,A,8,7.8
2026-04-01,1,3,8,Days,37,36.8
2026-04-01,1,3,9,A,5,4.9
2026-04-01,1,3,9,Days,22,21.7
2026-04-01,1,4,10,A,2,2.0
2026-04-01,1,4,10,Days,40,39.1
2026-04-01,1,4,11,A,2,2.0
2026-04-01,1,4,11,Days,34,33.8
2026-04-01,1,5,12,Days,43,42.6
2026-04-01,1,5,13,A,1,1.0
2026-04-01,1,5,13,Days,36,35.9
2026-04-01,1,5,14,A,1,1.0
2026-04-01,1,5,14,Days,5,4.8
2026-04-01,1,6,15,Days,40,39.5
2026-04-01,1,6,16,A,4,3.8
2026-04-01,1,6,16,Days,46,45.8
2026-04-01,1,6,17,Days,12,11.9
2026-04-01,2,7,1,A,41,40.6
2026-04-01,2,7,1,B,53,52.7
2026-04-01,2,7,1,C,37,36.6
2026-04-01,2,7,1,Days,12,11.8
2026-04-01,2,7,2,A,17,16.7
2026-04-01,2,7,2,B,23,22.8
2026-04-01,2,7,2,C,12,12.0
2026-04-01,2,7,2,Days,8,8.0
2026-04-01,2,7,3,A,21,20.7
2026-04-01,2,7,3,B,29,28.3
2026-04-01,2,7,3,C,18,18.0
2026-04-01,2,7,3,Days,3,2.9
2026-04-01,2,7,4,A,2,2.0
2026-04-01,2,7,4,B,3,2.8
2026-04-01,2,8,5,A,42,41.8
2026-04-01,2,8,5,B,27,26.8
2026-04-01,2,8,5,C,25,24.6
2026-04-01,2,8,5,Days,10,10.0
2026-04-01,2,8,6,A,16,15.6
2026-04-01,2,8,6,B,14,14.0
2026-04-01,2,8,6,C,14,14.0
2026-04-01,2,8,6,Days,3,3.0
2026-04-01,2,8,7,A,8,7.9
2026-04-01,2,8,7,B,4,4.0
2026-04-01,2,8,7,C,4,4.0
2026-04-01,2,9,8,A,14,13.9
2026-04-01,2,9,8,Days,53,52.7
2026-04-01,2,9,9,A,8,8.0
2026-04-01,2,9,9,Days,23,23.0
2026-04-01,2,10,10,Days,38,37.5
2026-04-01,2,10,11,A,2,2.0
2026-04-01,2,10,11,Days,31,30.5
2026-04-01,2,11,12,A,1,1.0
2026-04-01,2,11,12,Days,37,36.5
2026-04-01,2,11,13,Days,28,27.1
2026-04-01,2,11,14,Days,7,6.7
2026-04-01,2,12,15,A,1,1.0
2026-04-01,2,12,15,Days,43,42.6
2026-04-01,2,12,16,Days,31,30.7
2026-04-01,2,12,17,Days,14,14.0
2026-04-01,3,13,1,A,54,53.2
2026-04-01,3,13,1,B,71,70.5
2026-04-01,3,13,1,C,44,43.7
2026-04-01,3,13,1,Days,16,15.8
2026-04-01,3,13,2,A,20,19.5
2026-04-01,3,13,2,B,25,24.7
2026-04-01,3,13,2,C,13,13.0
2026-04-01,3,13,2,Days,4,4.0
2026-04-01,3,13,3,A,26,26.0
2026-04-01,3,13,3,B,23,22.7
2026-04-01,3,13,3,C,17,16.7
2026-04-01,3,13,3,Days,6,6.0
2026-04-01,3,13,4,A,4,4.0
2026-04-01,3,13,4,B,6,6.0
2026-04-01,3,13,4,C,4,4.0
2026-04-01,3,14,5,A,35,34.6
2026-04-01,3,14,5,B,35,34.7
2026-04-01,3,14,5,C,16,15.8
2026-04-01,3,14,5,Days,8,8.0
2026-04-01,3,14,6,A,18,17.8
2026-04-01,3,14,6,B,11,11.0
2026-04-01,3,14,6,C,14,13.8
2026-04-01,3,14,6,Days,5,4.9
2026-04-01,3,14,7,A,8,7.9
2026-04-01,3,14,7,B,5,4.9
2026-04-01,3,14,7,C,4,4.0
2026-04-01,3,15,8,A,7,6.7
2026-04-01,3,15,8,Days,45,44.5
2026-04-01,3,15,9,A,7,7.0
2026-04-01,3,15,9,Days,22,22.0
2026-04-01,3,16,10,A,1,1.0
2026-04-01,3,16,10,Days,30,29.7
2026-04-01,3,16,11,Days,27,26.6
2026-04-01,3,17,12,A,1,1.0
2026-04-01,3,17,12,Days,29,28.8
2026-04-01,3,17,13,A,1,1.0
2026-04-01,3,17,13,Days,23,22.7
2026-04-01,3,17,14,A,1,1.0
2026-04-01,3,17,14,Days,2,2.0
2026-04-01,3,18,15,A,1,1.0
2026-04-01,3,18,15,Days,20,19.9
2026-04-01,3,18,16,A,2,2.0
2026-04-01,3,18,16,Days,34,33.5
2026-04-01,3,18,17,A,1,1.0
2026-04-01,3,18,17,Days,8,8.0
2026-04-01,4,19,1,A,23,23.0
2026-04-01,4,19,1,B,21,20.8
2026-04-01,4,19,1,C,27,26.7
2026-04-01,4,19,1,Days,1,1.0
2026-04-01,4,19,2,A,8,7.9
2026-04-01,4,19,2,B,10,9.7
2026-04-01,4,19,2,C,10,9.9
2026-04-01,4,19,2,Days,1,1.0
2026-04-01,4,19,3,A,10,9.9
2026-04-01,4,19,3,B,14,14.0
2026-04-01,4,19,3,C,4,4.0
2026-04-01,4,19,3,Days,6,5.8
2026-04-01,4,19,4,A,3,3.0
2026-04-01,4,19,4,B,1,1.0
2026-04-01,4,19,4,C,1,1.0
2026-04-01,4,19,4,Days,1,1.0
2026-04-01,4,20,5,A,10,10.0
2026-04-01,4,20,5,B,24,23.8
2026-04-01,4,20,5,C,10,9.9
2026-04-01,4,20,5,Days,7,7.0
2026-04-01,4,20,6,A,10,10.0
2026-04-01,4,20,6,B,8,7.9
2026-04-01,4,20,6,C,9,9.0
2026-04-01,4,20,6,Days,1,1.0
2026-04-01,4,20,7,A,5,5.0
2026-04-01,4,20,7,B,4,4.0
2026-04-01,4,20,7,C,1,1.0
2026-04-01,4,21,8,A,7,7.0
2026-04-01,4,21,8,Days,35,34.5
2026-04-01,4,21,9,A,6,6.0
2026-04-01,4,21,9,Days,8,8.0
2026-04-01,4,22,10,A,2,2.0
2026-04-01,4,22,10,Days,34,33.5
2026-04-01,4,22,11,A,1,1.0
2026-04-01,4,22,11,Days,18,17.8
2026-04-01,4,23,12,Days,16,15.5
2026-04-01,4,23,13,A,1,1.0
2026-04-01,4,23,13,Days,21,20.9
2026-04-01,4,23,14,Days,6,5.9
2026-04-01,4,24,15,A,2,2.0
2026-04-01,4,24,15,Days,17,17.0
2026-04-01,4,24,16,A,2,2.0
2026-04-01,4,24,16,Days,21,20.9
2026-04-01,4,24,17,A,1,1.0
2026-04-01,4,24,17,Days,6,6.0
2026-05-01,1,1,1,A,53,52.0
2026-05-01,1,1,1,B,67,66.5
2026-05-01,1,1,1,C,49,48.9
2026-05-01,1,1,1,Days,18,17.9
2026-05-01,1,1,2,A,21,21.0
2026-05-01,1,1,2,B,30,29.1
2026-05-01,1,1,2,C,15,14.8
2026-05-01,1,1,2,Days,2,2.0
2026-05-01,1,1,3,A,22,21.7
2026-05-01,1,1,3,B,28,27.5
2026-05-01,1,1,3,C,21,20.6
2026-05-01,1,1,3,Days,10,9.9
2026-05-01,1,1,4,B,6,5.8
2026-05-01,1,1,4,C,2,2.0
2026-05-01,1,2,5,A,47,46.5
2026-05-01,1,2,5,B,34,33.7
2026-05-01,1,2,5,C,28,27.6
2026-05-01,1,2,5,Days,8,7.8
2026-05-01,1,2,6,A,18,17.9
2026-05-01,1,2,6,B,15,15.0
2026-05-01,1,2,6,C,9,8.8
2026-05-01,1,2,6,Days,1,1.0
2026-05-01,1,2,7,A,5,5.0
2026-05-01,1,2,7,B,2,2.0
2026-05-01,1,2,7,C,1,1.0
2026-05-01,1,2,7,Days,2,2.0
2026-05-01,1,3,8,A,8,7.8
2026-05-01,1,3,8,Days,37,36.8
2026-05-01,1,3,9,A,5,4.9
2026-05-01,1,3,9,Days,22,21.7
2026-05-01,1,4,10,A,2,2.0
2026-05-01,1,4,10,Days,40,39.1
2026-05-01,1,4,11,A,2,2.0
2026-05-01,1,4,11,Days,34,33.8
2026-05-01,1,5,12,Days,43,42.6
2026-05-01,1,5,13,A,1,1.0
2026-05-01,1,5,13,Days,36,35.9
2026-05-01,1,5,14,A,1,1.0
2026-05-01,1,5,14,Days,5,4.8
2026-05-01,1,6,15,Days,40,39.5
2026-05-01,1,6,16,A,4,3.8
2026-05-01,1,6,16,Days,46,45.8
2026-05-01,1,6,17,Days,12,11.9
2026-05-01,2,7,1,A,40,39.6
2026-05-01,2,7,1,B,52,51.7
2026-05-01,2,7,1,C,37,36.6
2026-05-01,2,7,1,Days,12,11.8
2026-05-01,2,7,2,A,17,16.7
2026-05-01,2,7,2,B,23,22.8
2026-05-01,2,7,2,C,12,12.0
2026-05-01,2,7,2,Days,8,8.0
2026-05-01,2,7,3,A,20,19.8
2026-05-01,2,7,3,B,29,28.3
2026-05-01,2,7,3,C,17,17.0
2026-05-01,2,7,3,Days,3,2.9
2026-05-01,2,7,4,A,2,2.0
2026-05-01,2,7,4,B,3,2.8
2026-05-01,2,8,5,A,40,39.9
2026-05-01,2,8,5,B,26,25.8
2026-05-01,2,8,5,C,25,24.6
2026-05-01,2,8,5,Days,10,10.0
2026-05-01,2,8,6,A,16,15.6
2026-05-01,2,8,6,B,13,13.0
2026-05-01,2,8,6,C,14,14.0
2026-05-01,2,8,6,Days,3,3.0
2026-05-01,2,8,7,A,7,7.0
2026-05-01,2,8,7,B,4,4.0
2026-05-01,2,8,7,C,4,4.0
2026-05-01,2,9,8,A,14,13.9
2026-05-01,2,9,8,Days,52,51.7
2026-05-01,2,9,9,A,8,8.0
2026-05-01,2,9,9,Days,23,23.0
2026-05-01,2,10,10,Days,38,37.5
2026-05-01,2,10,11,A,2,2.0
2026-05-01,2,10,11,Days,31,30.5
2026-05-01,2,11,12,A,1,1.0
2026-05-01,2,11,12,Days,37,36.5
2026-05-01,2,11,13,Days,27,26.1
2026-05-01,2,11,14,Days,7,6.7
2026-05-01,2,12,15,A,1,1.0
2026-05-01,2,12,15,Days,42,41.6
2026-05-01,2,12,16,Days,31,30.7
2026-05-01,2,12,17,Days,13,13.0
2026-05-01,3,13,1,A,54,53.2
2026-05-01,3,13,1,B,68,67.5
2026-05-01,3,13,1,C,43,42.7
2026-05-01,3,13,1,Days,16,15.8
2026-05-01,3,13,2,A,19,18.5
2026-05-01,3,13,2,B,25,24.7
2026-05-01,3,13,2,C,13,13.0
2026-05-01,3,13,2,Days,4,4.0
2026-05-01,3,13,3,A,26,26.0
2026-05-01,3,13,3,B,23,22.7
2026-05-01,3,13,3,C,17,16.7
2026-05-01,3,13,3,Days,6,6.0
2026-05-01,3,13,4,A,4,4.0
2026-05-01,3,13,4,B,6,6.0
2026-05-01,3,13,4,C,4,4.0
2026-05-01,3,14,5,A,35,34.6
2026-05-01,3,14,5,B,34,33.7
2026-05-01,3,14,5,C,16,15.8
2026-05-01,3,14,5,Days,8,8.0
2026-05-01,3,14,6,A,18,17.8
2026-05-01,3,14,6,B,11,11.0
2026-05-01,3,14,6,C,14,13.8
2026-05-01,3,14,6,Days,5,4.9
2026-05-01,3,14,7,A,8,7.9
2026-05-01,3,14,7,B,5,4.9
2026-05-01,3,14,7,C,4,4.0
2026-05-01,3,15,8,A,7,6.7
2026-05-01,3,15,8,Days,44,43.5
2026-05-01,3,15,9,A,5,5.0
2026-05-01,3,15,9,Days,22,22.0
2026-05-01,3,16,10,A,1,1.0
2026-05-01,3,16,10,Days,30,29.7
2026-05-01,3,16,11,Days,26,25.6
2026-05-01,3,17,12,A,1,1.0
2026-05-01,3,17,12,Days,29,28.8
2026-05-01,3,17,13,A,1,1.0
2026-05-01,3,17,13,Days,23,22.7
2026-05-01,3,17,14,A,1,1.0
2026-05-01,3,17,14,Days,2,2.0
2026-05-01,3,18,15,A,1,1.0
2026-05-01,3,18,15,Days,20,19.9
2026-05-01,3,18,16,A,2,2.0
2026-05-01,3,18,16,Days,34,33.5
2026-05-01,3,18,17,A,1,1.0
2026-05-01,3,18,17,Days,8,8.0
2026-05-01,4,19,1,A,23,23.0
2026-05-01,4,19,1,B,21,20.8
2026-05-01,4,19,1,C,27,26.7
2026-05-01,4,19,1,Days,1,1.0
2026-05-01,4,19,2,A,8,7.9
2026-05-01,4,19,2,B,10,9.7
2026-05-01,4,19,2,C,10,9.9
2026-05-01,4,19,2,Days,1,1.0
2026-05-01,4,19,3,A,9,8.9
2026-05-01,4,19,3,B,14,14.0
2026-05-01,4,19,3,C,4,4.0
2026-05-01,4,19,3,Days,6,5.8
2026-05-01,4,19,4,A,3,3.0
2026-05-01,4,19,4,B,1,1.0
2026-05-01,4,19,4,C,1,1.0
2026-05-01,4,19,4,Days,1,1.0
2026-05-01,4,20,5,A,10,10.0
2026-05-01,4,20,5,B,24,23.8
2026-05-01,4,20,5,C,10,9.9
2026-05-01,4,20,5,Days,7,7.0
2026-05-01,4,20,6,A,10,10.0
2026-05-01,4,20,6,B,8,7.9
2026-05-01,4,20,6,C,9,9.0
2026-05-01,4,20,6,Days,1,1.0
2026-05-01,4,20,7,A,5,5.0
2026-05-01,4,20,7,B,4,4.0
2026-05-01,4,20,7,C,1,1.0
2026-05-01,4,21,8,A,6,6.0
2026-05-01,4,21,8,Days,34,33.5
2026-05-01,4,21,9,A,6,6.0
2026-05-01,4,21,9,Days,8,8.0
2026-05-01,4,22,10,A,2,2.0
2026-05-01,4,22,10,Days,33,32.5
2026-05-01,4,22,11,A,1,1.0
2026-05-01,4,22,11,Days,18,17.8
2026-05-01,4,23,12,Days,16,15.5
2026-05-01,4,23,13,A,1,1.0
2026-05-01,4,23,13,Days,21,20.9
2026-05-01,4,23,14,Days,6,5.9
2026-05-01,4,24,15,A,1,1.0
2026-05-01,4,24,15,Days,17,17.0
2026-05-01,4,24,16,A,2,2.0
2026-05-01,4,24,16,Days,20,19.9
2026-05-01,4,24,17,A,1,1.0
2026-05-01,4,24,17,Days,6,6.0
2026-06-01,1,1,1,A,53,52.0
2026-06-01,1,1,1,B,66,65.5
2026-06-01,1,1,1,C,47,46.9
2026-06-01,1,1,1,Days,18,17.9
2026-06-01,1,1,2,A,19,19.0
2026-06-01,1,1,2,B,30,29.1
2026-06-01,1,1,2,C,15,14.8
2026-06-01,1,1,2,Days,2,2.0
2026-06-01,1,1,3,A,22,21.7
2026-06-01,1,1,3,B,25,24.5
2026-06-01,1,1,3,C,21,20.6
2026-06-01,1,1,3,Days,8,8.0
2026-06-01,1,1,4,B,6,5.8
2026-06-01,1,1,4,C,2,2.0
2026-06-01,1,2,5,A,46,45.5
2026-06-01,1,2,5,B,33,32.7
2026-06-01,1,2,5,C,28,27.6
2026-06-01,1,2,5,Days,8,7.8
2026-06-01,1,2,6,A,18,17.9
2026-06-01,1,2,6,B,14,14.0
2026-06-01,1,2,6,C,9,8.8
2026-06-01,1,2,6,Days,1,1.0
2026-06-01,1,2,7,A,5,5.0
2026-06-01,1,2,7,B,2,2.0
2026-06-01,1,2,7,C,1,1.0
2026-06-01,1,2,7,Days,2,2.0
2026-06-01,1,3,8,A,8,7.8
2026-06-01,1,3,8,Days,37,36.8
2026-06-01,1,3,9,A,5,4.9
2026-06-01,1,3,9,Days,22,21.7
2026-06-01,1,4,10,A,2,2.0
2026-06-01,1,4,10,Days,39,38.1
2026-06-01,1,4,11,A,2,2.0
2026-06-01,1,4,11,Days,34,33.8
2026-06-01,1,5,12,Days,43,42.6
2026-06-01,1,5,13,A,1,1.0
2026-06-01,1,5,13,Days,36,35.9
2026-06-01,1,5,14,A,1,1.0
2026-06-01,1,5,14,Days,5,4.8
2026-06-01,1,6,15,Days,39,38.5
2026-06-01,1,6,16,A,4,3.8
2026-06-01,1,6,16,Days,45,44.8
2026-06-01,1,6,17,Days,12,11.9
2026-06-01,2,7,1,A,40,39.6
2026-06-01,2,7,1,B,52,51.7
2026-06-01,2,7,1,C,36,35.6
2026-06-01,2,7,1,Days,12,12.0
2026-06-01,2,7,2,A,16,15.7
2026-06-01,2,7,2,B,23,22.8
2026-06-01,2,7,2,C,12,12.0
2026-06-01,2,7,2,Days,9,9.0
2026-06-01,2,7,3,A,20,19.8
2026-06-01,2,7,3,B,29,28.3
2026-06-01,2,7,3,C,17,17.0
2026-06-01,2,7,3,Days,3,2.9
2026-06-01,2,7,4,A,2,2.0
2026-06-01,2,7,4,B,3,2.8
2026-06-01,2,8,5,A,41,40.9
2026-06-01,2,8,5,B,25,24.8
2026-06-01,2,8,5,C,25,24.6
2026-06-01,2,8,5,Days,10,10.0
2026-06-01,2,8,6,A,16,15.6
2026-06-01,2,8,6,B,13,13.0
2026-06-01,2,8,6,C,14,14.0
2026-06-01,2,8,6,Days,3,3.0
2026-06-01,2,8,7,A,7,7.0
2026-06-01,2,8,7,B,4,4.0
2026-06-01,2,8,7,C,4,4.0
2026-06-01,2,9,8,A,14,13.9
2026-06-01,2,9,8,Days,52,51.7
2026-06-01,2,9,9,A,8,8.0
2026-06-01,2,9,9,Days,23,23.0
2026-06-01,2,10,10,Days,38,37.5
2026-06-01,2,10,11,A,2,2.0
2026-06-01,2,10,11,Days,31,30.5
2026-06-01,2,11,12,A,1,1.0
2026-06-01,2,11,12,Days,37,36.5
2026-06-01,2,11,13,Days,26,25.1
2026-06-01,2,11,14,Days,7,6.7
2026-06-01,2,12,15,A,1,1.0
2026-06-01,2,12,15,Days,43,42.6
2026-06-01,2,12,16,Days,31,30.7
2026-06-01,2,12,17,Days,13,13.0
2026-06-01,3,13,1,A,54,53.2
2026-06-01,3,13,1,B,67,66.5
2026-06-01,3,13,1,C,42,41.7
2026-06-01,3,13,1,Days,16,15.8
2026-06-01,3,13,2,A,18,17.5
2026-06-01,3,13,2,B,25,24.7
2026-06-01,3,13,2,C,13,13.0
2026-06-01,3,13,2,Days,4,4.0
2026-06-01,3,13,3,A,26,26.0
2026-06-01,3,13,3,B,22,21.7
2026-06-01,3,13,3,C,16,15.7
2026-06-01,3,13,3,Days,5,5.0
2026-06-01,3,13,4,A,4,4.0
2026-06-01,3,13,4,B,6,6.0
2026-06-01,3,13,4,C,4,4.0
2026-06-01,3,14,5,A,35,34.6
2026-06-01,3,14,5,B,34,33.7
2026-06-01,3,14,5,C,16,15.8
2026-06-01,3,14,5,Days,8,8.0
2026-06-01,3,14,6,A,18,17.8
2026-06-01,3,14,6,B,11,11.0
2026-06-01,3,14,6,C,14,13.8
2026-06-01,3,14,6,Days,5,4.9
2026-06-01,3,14,7,A,8,7.9
2026-06-01,3,14,7,B,5,4.9
2026-06-01,3,14,7,C,4,4.0
2026-06-01,3,15,8,A,7,6.7
2026-06-01,3,15,8,Days,43,42.5
2026-06-01,3,15,9,A,5,5.0
2026-06-01,3,15,9,Days,21,21.0
2026-06-01,3,16,10,A,1,1.0
2026-06-01,3,16,10,Days,30,29.7
2026-06-01,3,16,11,Days,25,24.6
2026-06-01,3,17,12,A,1,1.0
2026-06-01,3,17,12,Days,28,27.8
2026-06-01,3,17,13,A,1,1.0
2026-06-01,3,17,13,Days,23,22.7
2026-06-01,3,17,14,A,1,1.0
2026-06-01,3,17,14,Days,2,2.0
2026-06-01,3,18,15,A,1,1.0
2026-06-01,3,18,15,Days,19,18.9
2026-06-01,3,18,16,A,2,2.0
2026-06-01,3,18,16,Days,33,32.7
2026-06-01,3,18,17,A,1,1.0
2026-06-01,3,18,17,Days,8,8.0
2026-06-01,4,19,1,A,23,23.0
2026-06-01,4,19,1,B,20,19.8
2026-06-01,4,19,1,C,26,25.7
2026-06-01,4,19,1,Days,1,1.0
2026-06-01,4,19,2,A,8,7.9
2026-06-01,4,19,2,B,10,9.7
2026-06-01,4,19,2,C,9,8.9
2026-06-01,4,19,2,Days,1,1.0
2026-06-01,4,19,3,A,9,8.9
2026-06-01,4,19,3,B,13,13.0
2026-06-01,4,19,3,C,4,4.0
2026-06-01,4,19,3,Days,6,5.8
2026-06-01,4,19,4,A,3,3.0
2026-06-01,4,19,4,B,1,1.0
2026-06-01,4,19,4,C,1,1.0
2026-06-01,4,19,4,Days,1,1.0
2026-06-01,4,20,5,A,10,10.0
2026-06-01,4,20,5,B,24,23.8
2026-06-01,4,20,5,C,10,9.9
2026-06-01,4,20,5,Days,7,7.0
2026-06-01,4,20,6,A,10,10.0
2026-06-01,4,20,6,B,8,7.9
2026-06-01,4,20,6,C,9,9.0
2026-06-01,4,20,6,Days,1,1.0
2026-06-01,4,20,7,A,4,4.0
2026-06-01,4,20,7,B,4,4.0
2026-06-01,4,20,7,C,1,1.0
2026-06-01,4,21,8,A,6,6.0
2026-06-01,4,21,8,Days,34,33.5
2026-06-01,4,21,9,A,6,6.0
2026-06-01,4,21,9,Days,8,8.0
2026-06-01,4,22,10,A,1,1.0
2026-06-01,4,22,10,Days,32,31.5
2026-06-01,4,22,11,A,1,1.0
2026-06-01,4,22,11,Days,18,17.8
2026-06-01,4,23,12,Days,16,15.5
2026-06-01,4,23,13,A,1,1.0
2026-06-01,4,23,13,Days,21,20.9
2026-06-01,4,23,14,Days,6,5.9
2026-06-01,4,24,15,A,1,1.0
2026-06-01,4,24,15,Days,17,17.0
2026-06-01,4,24,16,A,2,2.0
2026-06-01,4,24,16,Days,20,19.9
2026-06-01,4,24,17,A,1,1.0
2026-06-01,4,24,17,Days,6,6.0
2026-07-01,1,1,1,A,56,55.0
2026-07-01,1,1,1,B,67,66.5
2026-07-01,1,1,1,C,45,44.9
2026-07-01,1,1,1,Days,19,18.9
2026-07-01,1,1,2,A,19,19.0
2026-07-01,1,1,2,B,30,29.1
2026-07-01,1,1,2,C,15,14.8
2026-07-01,1,1,2,Days,2,2.0
2026-07-01,1,1,3,A,24,23.6
2026-07-01,1,1,3,B,26,25.5
2026-07-01,1,1,3,C,21,20.6
2026-07-01,1,1,3,Days,8,8.0
2026-07-01,1,1,4,B,6,5.8
2026-07-01,1,1,4,C,2,2.0
2026-07-01,1,2,5,A,47,46.1
2026-07-01,1,2,5,B,34,33.7
2026-07-01,1,2,5,C,28,27.6
2026-07-01,1,2,5,Days,8,7.8
2026-07-01,1,2,6,A,17,16.9
2026-07-01,1,2,6,B,16,16.0
2026-07-01,1,2,6,C,8,7.8
2026-07-01,1,2,6,Days,1,1.0
2026-07-01,1,2,7,A,4,4.0
2026-07-01,1,2,7,B,3,3.0
2026-07-01,1,2,7,C,2,2.0
2026-07-01,1,2,7,Days,2,2.0
2026-07-01,1,3,8,A,8,7.8
2026-07-01,1,3,8,Days,37,36.8
2026-07-01,1,3,9,A,5,4.9
2026-07-01,1,3,9,Days,23,22.7
2026-07-01,1,4,10,A,2,2.0
2026-07-01,1,4,10,Days,39,38.1
2026-07-01,1,4,11,A,2,2.0
2026-07-01,1,4,11,Days,35,34.8
2026-07-01,1,5,12,Days,44,43.6
2026-07-01,1,5,13,A,1,1.0
2026-07-01,1,5,13,Days,38,37.9
2026-07-01,1,5,14,A,1,1.0
2026-07-01,1,5,14,Days,5,4.8
2026-07-01,1,6,15,Days,39,38.5
2026-07-01,1,6,16,A,4,3.8
2026-07-01,1,6,16,Days,45,44.8
2026-07-01,1,6,17,Days,13,12.9
2026-07-01,2,7,1,A,39,38.6
2026-07-01,2,7,1,B,54,53.7
2026-07-01,2,7,1,C,36,35.6
2026-07-01,2,7,1,Days,13,13.0
2026-07-01,2,7,2,A,17,16.7
2026-07-01,2,7,2,B,24,23.8
2026-07-01,2,7,2,C,13,12.9
2026-07-01,2,7,2,Days,9,9.0
2026-07-01,2,7,3,A,20,19.8
2026-07-01,2,7,3,B,31,30.3
2026-07-01,2,7,3,C,17,17.0
2026-07-01,2,7,3,Days,3,2.9
2026-07-01,2,7,4,A,2,2.0
2026-07-01,2,7,4,B,3,2.8
2026-07-01,2,7,4,Days,1,0.9
2026-07-01,2,8,5,A,42,41.9
2026-07-01,2,8,5,B,26,25.8
2026-07-01,2,8,5,C,25,24.6
2026-07-01,2,8,5,Days,10,10.0
2026-07-01,2,8,6,A,17,16.6
2026-07-01,2,8,6,B,13,13.0
2026-07-01,2,8,6,C,14,14.0
2026-07-01,2,8,6,Days,3,3.0
2026-07-01,2,8,7,A,7,7.0
2026-07-01,2,8,7,B,4,4.0
2026-07-01,2,8,7,C,4,4.0
2026-07-01,2,9,8,A,14,13.9
2026-07-01,2,9,8,Days,51,50.7
2026-07-01,2,9,9,A,8,8.0
2026-07-01,2,9,9,Days,27,27.0
2026-07-01,2,10,10,Days,38,37.5
2026-07-01,2,10,11,A,2,2.0
2026-07-01,2,10,11,Days,31,30.5
2026-07-01,2,11,12,A,1,1.0
2026-07-01,2,11,12,Days,39,38.5
2026-07-01,2,11,13,Days,26,25.1
2026-07-01,2,11,14,Days,7,6.8
2026-07-01,2,12,15,A,1,1.0
2026-07-01,2,12,15,Days,44,43.5
2026-07-01,2,12,16,Days,32,31.7
2026-07-01,2,12,17,Days,13,13.0
2026-07-01,3,13,1,A,54,53.2
2026-07-01,3,13,1,B,65,64.5
2026-07-01,3,13,1,C,42,41.7
2026-07-01,3,13,1,Days,16,15.8
2026-07-01,3,13,2,A,18,17.5
2026-07-01,3,13,2,B,24,23.7
2026-07-01,3,13,2,C,13,13.0
2026-07-01,3,13,2,Days,4,4.0
2026-07-01,3,13,3,A,25,25.0
2026-07-01,3,13,3,B,22,21.7
2026-07-01,3,13,3,C,15,14.7
2026-07-01,3,13,3,Days,5,5.0
2026-07-01,3,13,4,A,4,4.0
2026-07-01,3,13,4,B,5,5.0
2026-07-01,3,13,4,C,4,4.0
2026-07-01,3,14,5,A,35,34.6
2026-07-01,3,14,5,B,34,33.7
2026-07-01,3,14,5,C,16,15.8
2026-07-01,3,14,5,Days,8,8.0
2026-07-01,3,14,6,A,18,17.8
2026-07-01,3,14,6,B,11,11.0
2026-07-01,3,14,6,C,14,13.8
2026-07-01,3,14,6,Days,5,4.9
2026-07-01,3,14,7,A,8,7.9
2026-07-01,3,14,7,B,5,4.9
2026-07-01,3,14,7,C,4,4.0
2026-07-01,3,15,8,A,7,6.7
2026-07-01,3,15,8,Days,42,41.5
2026-07-01,3,15,9,A,5,5.0
2026-07-01,3,15,9,Days,21,21.0
2026-07-01,3,16,10,A,1,1.0
2026-07-01,3,16,10,Days,30,29.7
2026-07-01,3,16,11,Days,25,24.6
2026-07-01,3,17,12,A,1,1.0
2026-07-01,3,17,12,Days,28,27.8
2026-07-01,3,17,13,A,1,1.0
2026-07-01,3,17,13,Days,23,22.7
2026-07-01,3,17,14,A,1,1.0
2026-07-01,3,17,14,Days,2,2.0
2026-07-01,3,18,15,A,1,1.0
2026-07-01,3,18,15,Days,18,17.9
2026-07-01,3,18,16,A,2,2.0
2026-07-01,3,18,16,Days,33,32.7
2026-07-01,3,18,17,A,1,1.0
2026-07-01,3,18,17,Days,8,8.0
2026-07-01,4,19,1,A,23,23.0
2026-07-01,4,19,1,B,20,19.8
2026-07-01,4,19,1,C,26,25.7
2026-07-01,4,19,1,Days,1,1.0
2026-07-01,4,19,2,A,8,7.9
2026-07-01,4,19,2,B,10,9.7
2026-07-01,4,19,2,C,9,8.9
2026-07-01,4,19,2,Days,1,1.0
2026-07-01,4,19,3,A,8,7.9
2026-07-01,4,19,3,B,15,14.8
2026-07-01,4,19,3,C,4,4.0
2026-07-01,4,19,3,Days,5,4.8
2026-07-01,4,19,4,A,3,3.0
2026-07-01,4,19,4,B,1,1.0
2026-07-01,4,19,4,C,1,1.0
2026-07-01,4,19,4,Days,1,1.0
2026-07-01,4,20,5,A,10,10.0
2026-07-01,4,20,5,B,24,23.8
2026-07-01,4,20,5,C,10,9.9
2026-07-01,4,20,5,Days,7,7.0
2026-07-01,4,20,6,A,9,9.0
2026-07-01,4,20,6,B,8,7.9
2026-07-01,4,20,6,C,9,9.0
2026-07-01,4,20,6,Days,1,1.0
2026-07-01,4,20,7,A,4,4.0
2026-07-01,4,20,7,B,4,4.0
2026-07-01,4,20,7,C,1,1.0
2026-07-01,4,21,8,A,6,6.0
2026-07-01,4,21,8,Days,35,34.5
2026-07-01,4,21,9,A,6,6.0
2026-07-01,4,21,9,Days,8,8.0
2026-07-01,4,22,10,A,1,1.0
2026-07-01,4,22,10,Days,31,30.5
2026-07-01,4,22,11,A,1,1.0
2026-07-01,4,22,11,Days,17,16.8
2026-07-01,4,23,12,Days,16,15.5
2026-07-01,4,23,13,A,1,1.0
2026-07-01,4,23,13,Days,22,21.9
2026-07-01,4,23,14,Days,6,5.9
2026-07-01,4,24,15,A,1,1.0
2026-07-01,4,24,15,Days,16,16.0
2026-07-01,4,24,16,A,2,2.0
2026-07-01,4,24,16,Days,18,17.9
2026-07-01,4,24,17,A,1,1.0
2026-07-01,4,24,17,Days,6,6.0
2026-08-01,1,1,1,A,57,56.0
2026-08-01,1,1,1,B,70,69.6
2026-08-01,1,1,1,C,48,47.9
2026-08-01,1,1,1,Days,19,18.9
2026-08-01,1,1,2,A,20,20.0
2026-08-01,1,1,2,B,31,30.1
2026-08-01,1,1,2,C,16,15.8
2026-08-01,1,1,2,Days,2,2.0
2026-08-01,1,1,3,A,24,23.6
2026-08-01,1,1,3,B,27,26.5
2026-08-01,1,1,3,C,21,20.6
2026-08-01,1,1,3,Days,8,8.0
2026-08-01,1,1,4,B,6,5.8
2026-08-01,1,1,4,C,2,2.0
2026-08-01,1,2,5,A,47,46.1
2026-08-01,1,2,5,B,33,32.7
2026-08-01,1,2,5,C,29,28.6
2026-08-01,1,2,5,Days,8,7.8
2026-08-01,1,2,6,A,18,17.9
2026-08-01,1,2,6,B,16,16.0
2026-08-01,1,2,6,C,9,8.6
2026-08-01,1,2,6,Days,1,1.0
2026-08-01,1,2,7,A,4,4.0
2026-08-01,1,2,7,B,3,3.0
2026-08-01,1,2,7,C,1,1.0
2026-08-01,1,2,7,Days,2,2.0
2026-08-01,1,3,8,A,8,7.8
2026-08-01,1,3,8,Days,38,37.8
2026-08-01,1,3,9,A,5,4.9
2026-08-01,1,3,9,Days,23,22.7
2026-08-01,1,4,10,A,2,2.0
2026-08-01,1,4,10,Days,40,39.1
2026-08-01,1,4,11,A,2,2.0
2026-08-01,1,4,11,Days,34,33.8
2026-08-01,1,5,12,Days,44,43.6
2026-08-01,1,5,13,A,1,1.0
2026-08-01,1,5,13,Days,39,38.8
2026-08-01,1,5,14,A,1,1.0
2026-08-01,1,5,14,Days,5,4.8
2026-08-01,1,6,15,Days,45,44.5
2026-08-01,1,6,16,A,4,3.8
2026-08-01,1,6,16,Days,45,44.8
2026-08-01,1,6,17,Days,13,12.9
2026-08-01,2,7,1,A,42,41.6
2026-08-01,2,7,1,B,54,53.7
2026-08-01,2,7,1,C,38,37.6
2026-08-01,2,7,1,Days,14,14.0
2026-08-01,2,7,2,A,17,16.7
2026-08-01,2,7,2,B,24,23.8
2026-08-01,2,7,2,C,14,13.9
2026-08-01,2,7,2,Days,10,10.0
2026-08-01,2,7,3,A,20,19.8
2026-08-01,2,7,3,B,31,30.3
2026-08-01,2,7,3,C,17,17.0
2026-08-01,2,7,3,Days,3,2.9
2026-08-01,2,7,4,A,2,2.0
2026-08-01,2,7,4,B,3,2.8
2026-08-01,2,7,4,Days,1,0.9
2026-08-01,2,8,5,A,42,41.9
2026-08-01,2,8,5,B,26,25.8
2026-08-01,2,8,5,C,25,24.6
2026-08-01,2,8,5,Days,10,10.0
2026-08-01,2,8,6,A,17,16.6
2026-08-01,2,8,6,B,15,15.0
2026-08-01,2,8,6,C,13,13.0
2026-08-01,2,8,6,Days,3,3.0
2026-08-01,2,8,7,A,8,7.8
2026-08-01,2,8,7,B,4,4.0
2026-08-01,2,8,7,C,4,4.0
2026-08-01,2,9,8,A,13,12.9
2026-08-01,2,9,8,Days,52,51.7
2026-08-01,2,9,9,A,8,8.0
2026-08-01,2,9,9,Days,29,29.0
2026-08-01,2,10,10,Days,40,39.5
2026-08-01,2,10,11,A,2,2.0
2026-08-01,2,10,11,Days,32,31.5
2026-08-01,2,11,12,A,1,1.0
2026-08-01,2,11,12,Days,39,38.5
2026-08-01,2,11,13,Days,26,25.1
2026-08-01,2,11,14,Days,9,8.8
2026-08-01,2,12,15,A,1,1.0
2026-08-01,2,12,15,Days,45,44.5
2026-08-01,2,12,16,Days,32,31.8
2026-08-01,2,12,17,Days,13,13.0
2026-08-01,3,13,1,A,54,53.2
2026-08-01,3,13,1,B,67,66.6
2026-08-01,3,13,1,C,43,42.7
2026-08-01,3,13,1,Days,17,16.8
2026-08-01,3,13,2,A,18,17.5
2026-08-01,3,13,2,B,24,23.7
2026-08-01,3,13,2,C,14,14.0
2026-08-01,3,13,2,Days,4,4.0
2026-08-01,3,13,3,A,25,24.9
2026-08-01,3,13,3,B,22,21.7
2026-08-01,3,13,3,C,15,14.7
2026-08-01,3,13,3,Days,5,5.0
2026-08-01,3,13,4,A,4,4.0
2026-08-01,3,13,4,B,5,5.0
2026-08-01,3,13,4,C,4,4.0
2026-08-01,3,14,5,A,34,33.6
2026-08-01,3,14,5,B,33,32.7
2026-08-01,3,14,5,C,17,16.8
2026-08-01,3,14,5,Days,8,8.0
2026-08-01,3,14,6,A,17,16.8
2026-08-01,3,14,6,B,12,12.0
2026-08-01,3,14,6,C,13,12.8
2026-08-01,3,14,6,Days,5,4.9
2026-08-01,3,14,7,A,8,7.9
2026-08-01,3,14,7,B,5,4.9
2026-08-01,3,14,7,C,4,4.0
2026-08-01,3,15,8,A,7,6.7
2026-08-01,3,15,8,Days,42,41.5
2026-08-01,3,15,9,A,5,5.0
2026-08-01,3,15,9,Days,20,20.0
2026-08-01,3,16,10,A,1,1.0
2026-08-01,3,16,10,Days,31,30.7
2026-08-01,3,16,11,Days,25,24.6
2026-08-01,3,17,12,A,1,1.0
2026-08-01,3,17,12,Days,29,28.8
2026-08-01,3,17,13,A,1,1.0
2026-08-01,3,17,13,Days,24,23.7
2026-08-01,3,17,14,A,1,1.0
2026-08-01,3,17,14,Days,2,2.0
2026-08-01,3,18,15,A,1,1.0
2026-08-01,3,18,15,Days,17,16.9
2026-08-01,3,18,16,A,1,1.0
2026-08-01,3,18,16,Days,33,32.7
2026-08-01,3,18,17,A,1,1.0
2026-08-01,3,18,17,Days,8,8.0
2026-08-01,4,19,1,A,21,21.0
2026-08-01,4,19,1,B,20,19.8
2026-08-01,4,19,1,C,27,26.7
2026-08-01,4,19,1,Days,2,2.0
2026-08-01,4,19,2,A,8,7.9
2026-08-01,4,19,2,B,12,11.7
2026-08-01,4,19,2,C,9,8.9
2026-08-01,4,19,2,Days,1,1.0
2026-08-01,4,19,3,A,8,7.9
2026-08-01,4,19,3,B,15,14.8
2026-08-01,4,19,3,C,4,4.0
2026-08-01,4,19,3,Days,6,5.8
2026-08-01,4,19,4,A,2,2.0
2026-08-01,4,19,4,B,1,1.0
2026-08-01,4,19,4,C,1,1.0
2026-08-01,4,19,4,Days,1,1.0
2026-08-01,4,20,5,A,10,10.0
2026-08-01,4,20,5,B,24,23.8
2026-08-01,4,20,5,C,10,9.9
2026-08-01,4,20,5,Days,7,7.0
2026-08-01,4,20,6,A,8,8.0
2026-08-01,4,20,6,B,8,7.9
2026-08-01,4,20,6,C,9,9.0
2026-08-01,4,20,6,Days,1,1.0
2026-08-01,4,20,7,A,4,4.0
2026-08-01,4,20,7,B,4,4.0
2026-08-01,4,20,7,C,1,1.0
2026-08-01,4,21,8,A,6,6.0
2026-08-01,4,21,8,Days,35,34.5
2026-08-01,4,21,9,A,6,6.0
2026-08-01,4,21,9,Days,8,8.0
2026-08-01,4,22,10,A,1,1.0
2026-08-01,4,22,10,Days,31,30.5
2026-08-01,4,22,11,A,1,1.0
2026-08-01,4,22,11,Days,17,16.8
2026-08-01,4,23,12,Days,16,15.5
2026-08-01,4,23,13,A,1,1.0
2026-08-01,4,23,13,Days,21,20.9
2026-08-01,4,23,14,Days,7,6.9
2026-08-01,4,24,15,A,1,1.0
2026-08-01,4,24,15,Days,18,18.0
2026-08-01,4,24,16,A,2,2.0
2026-08-01,4,24,16,Days,18,17.9
2026-08-01,4,24,17,A,1,1.0
2026-08-01,4,24,17,Days,6,6.0
