employee_id,site_id,cost_center_id,role_id,shift,hire_date,term_date,fte,annual_salary_usd
10001,1,3,8,Days,2021-07-21,,1.0,55500.0
10002,1,1,1,A,2012-07-05,,1.0,35700.0
10003,1,1,2,B,2016-07-13,,1.0,42100.0
10004,1,1,2,B,2007-04-03,,1.0,44300.0
10005,1,6,15,Days,2013-11-30,,1.0,84050.0
10006,1,4,11,Days,2010-10-18,,1.0,84800.0
10007,1,5,13,Days,2009-08-26,,1.0,61200.0
10008,1,1,1,A,2019-07-05,,1.0,42700.0
10009,1,3,8,Days,2013-06-08,2023-09-30,1.0,66400.0
10010,1,2,6,A,2017-02-20,2024-02-29,1.0,59200.0
10011,1,6,16,Days,2009-05-13,,1.0,106000.0
10012,1,1,1,A,2014-04-13,,0.9,39600.0
10013,1,5,13,Days,2014-04-18,,1.0,54500.0
10014,1,1,1,B,2010-06-10,2026-04-30,1.0,42650.0
10015,1,1,4,B,2016-02-08,,1.0,143100.0
10016,1,3,8,Days,2007-06-04,2026-03-31,1.0,60650.0
10017,1,6,17,Days,2010-11-24,,1.0,138850.0
10018,1,2,6,A,2015-03-04,,1.0,54600.0
10019,1,2,6,A,2005-07-07,2024-03-31,1.0,66750.0
10020,1,5,13,Days,2014-08-03,,1.0,67250.0
10021,1,4,11,Days,2010-10-01,,1.0,92350.0
10022,1,6,16,Days,2006-05-20,,1.0,106500.0
10023,1,5,12,Days,2005-08-05,,1.0,72650.0
10024,1,1,1,A,2011-09-09,,1.0,36300.0
10025,1,2,5,C,2016-04-05,2026-02-28,1.0,36050.0
10026,1,3,8,Days,2012-04-03,2026-01-31,1.0,74500.0
10027,1,1,1,A,2010-01-24,,1.0,40350.0
10028,1,6,15,Days,2006-08-11,,1.0,91000.0
10029,1,1,3,B,2018-01-23,2025-08-31,1.0,70150.0
10030,1,1,1,B,2019-01-02,2026-04-30,1.0,36050.0
10031,1,4,11,Days,2008-12-03,,1.0,85150.0
10032,1,1,1,B,2016-09-19,,1.0,47650.0
10033,1,1,1,C,2005-11-12,,1.0,52500.0
10034,1,5,14,Days,2005-05-06,2026-01-31,1.0,147850.0
10035,1,2,5,A,2016-03-21,,1.0,42500.0
10036,1,4,10,Days,2011-12-30,,0.8,44750.0
10037,1,2,5,A,2008-05-05,,0.9,36500.0
10038,1,4,11,Days,2020-03-31,2025-08-31,1.0,88550.0
10039,1,1,1,A,2005-06-09,2025-12-31,1.0,40900.0
10040,1,1,1,B,2006-04-01,,1.0,39800.0
10041,1,1,1,Days,2010-02-16,,1.0,41500.0
10042,1,1,1,A,2008-12-11,,1.0,39550.0
10043,1,1,4,Days,2011-12-12,2024-12-31,1.0,140000.0
10044,1,6,17,Days,2006-05-11,,1.0,150700.0
10045,1,5,13,A,2008-07-13,,1.0,66550.0
10046,1,1,3,A,2009-01-20,,1.0,68500.0
10047,1,1,1,B,2010-07-21,,1.0,43350.0
10048,1,1,3,C,2011-06-29,2026-01-31,1.0,75400.0
10049,1,2,5,C,2014-12-27,,1.0,39600.0
10050,1,2,5,A,2012-06-02,,1.0,45250.0
10051,1,6,16,Days,2010-08-30,,1.0,110000.0
10052,1,6,16,Days,2007-05-17,2024-09-30,1.0,110200.0
10053,1,1,3,C,2018-11-02,,1.0,65700.0
10054,1,6,17,Days,2006-07-20,,1.0,137450.0
10055,1,1,1,Days,2008-02-11,2025-06-30,1.0,46050.0
10056,1,1,1,C,2007-06-25,,1.0,37400.0
10057,1,1,1,A,2007-02-15,,1.0,42100.0
10058,1,1,3,Days,2014-01-21,2026-03-31,1.0,69200.0
10059,1,3,9,Days,2012-11-11,2026-04-30,0.9,104300.0
10060,1,1,1,A,2005-06-01,2025-02-28,1.0,47900.0
10061,1,4,11,Days,2014-04-25,,1.0,87950.0
10062,1,3,9,Days,2023-03-08,,1.0,87450.0
10063,1,4,10,Days,2008-12-16,,1.0,43500.0
10064,1,5,12,Days,2008-04-28,,1.0,76400.0
10065,1,1,1,B,2014-08-21,,0.9,38800.0
10066,1,2,5,A,2014-07-17,2024-05-31,1.0,34000.0
10067,1,2,6,B,2010-03-07,2026-06-30,1.0,63250.0
10068,1,6,15,Days,2007-05-17,,1.0,103400.0
10069,1,3,9,Days,2013-12-08,,1.0,90750.0
10070,1,1,1,C,2015-08-06,2024-08-31,1.0,44200.0
10071,1,1,1,C,2009-07-02,,1.0,42200.0
10072,1,1,3,A,2007-12-07,,1.0,75950.0
10073,1,1,1,A,2005-06-20,,1.0,44150.0
10074,1,5,14,Days,2008-12-30,,0.9,125300.0
10075,1,6,16,Days,2009-09-24,,1.0,89250.0
10076,1,4,10,Days,2011-09-12,,1.0,42700.0
10077,1,4,11,Days,2011-01-04,2025-08-31,1.0,91700.0
10078,1,1,1,A,2010-09-27,,1.0,44600.0
10079,1,3,8,Days,2020-01-03,,1.0,61350.0
10080,1,6,16,Days,2010-02-14,2024-12-31,1.0,113450.0
10081,1,1,1,C,2022-09-24,2025-07-31,1.0,45350.0
10082,1,4,11,Days,2010-08-27,,1.0,90750.0
10083,1,2,5,C,2021-05-13,2026-01-31,1.0,41850.0
10084,1,1,1,B,2009-08-07,,1.0,45250.0
10085,1,1,1,B,2009-04-29,2025-01-31,1.0,40300.0
10086,1,1,1,C,2007-10-21,,1.0,43600.0
10087,1,1,1,B,2019-06-11,,0.8,39150.0
10088,1,4,11,Days,2009-03-17,,1.0,101750.0
10089,1,1,1,C,2017-07-29,2023-12-31,1.0,43050.0
10090,1,4,11,Days,2017-03-20,,1.0,104300.0
10091,1,5,12,Days,2005-05-23,,1.0,65600.0
10092,1,1,1,C,2008-05-20,2025-03-31,1.0,35700.0
10093,1,1,3,B,2007-08-31,,1.0,77450.0
10094,1,1,1,B,2012-05-29,,1.0,41400.0
10095,1,5,12,Days,2007-01-20,,1.0,76300.0
10096,1,2,7,A,2008-02-23,,1.0,81850.0
10097,1,2,5,C,2011-07-26,2023-12-31,1.0,43600.0
10098,1,1,1,B,2006-05-08,2025-09-30,1.0,36900.0
10099,1,1,3,A,2021-05-18,,1.0,69450.0
10100,1,6,15,Days,2008-07-24,,0.9,88400.0
10101,1,1,1,C,2008-04-27,,1.0,39600.0
10102,1,4,10,Days,2019-02-11,,1.0,41700.0
10103,1,2,5,B,2011-09-20,,1.0,37600.0
10104,1,1,1,A,2015-06-20,2026-03-31,1.0,46550.0
10105,1,2,5,A,2007-10-16,,1.0,38600.0
10106,1,2,5,A,2014-11-14,,1.0,34000.0
10107,1,1,1,A,2022-02-21,2024-09-30,0.8,37100.0
10108,1,1,1,C,2006-07-03,,1.0,40300.0
10109,1,2,5,A,2012-03-21,,0.9,34100.0
10110,1,1,2,A,2019-09-08,,1.0,49000.0
10111,1,2,7,A,2014-06-28,2025-03-31,1.0,81800.0
10112,1,1,1,B,2010-12-29,,1.0,38300.0
10113,1,6,16,Days,2014-06-18,,1.0,110450.0
10114,1,1,1,A,2009-02-03,2024-08-31,1.0,41250.0
10115,1,1,2,A,2012-01-24,2024-09-30,1.0,46400.0
10116,1,2,7,C,2008-09-27,2025-05-31,1.0,80950.0
10117,1,3,8,Days,2005-09-29,2026-04-30,1.0,67550.0
10118,1,1,1,C,2017-04-04,2024-08-31,1.0,38600.0
10119,1,1,2,C,2018-04-07,,0.9,43500.0
10120,1,1,1,A,2020-11-23,,1.0,42000.0
10121,1,1,3,B,2005-06-04,,0.9,76150.0
10122,1,1,3,B,2020-11-18,2024-03-31,1.0,68000.0
10123,1,6,16,Days,2016-11-28,,1.0,111550.0
10124,1,1,3,A,2008-12-18,,1.0,70750.0
10125,1,1,3,B,2005-08-12,2025-03-31,1.0,66100.0
10126,1,6,16,A,2012-10-16,,1.0,111800.0
10127,1,2,5,B,2012-08-24,,1.0,36200.0
10128,1,1,3,B,2010-08-11,,1.0,61500.0
10129,1,1,2,A,2005-04-18,,1.0,43400.0
10130,1,1,3,B,2005-01-30,,1.0,65850.0
10131,1,5,13,Days,2011-05-07,,1.0,64600.0
10132,1,1,1,Days,2010-08-01,,1.0,35700.0
10133,1,5,12,Days,2006-07-23,,1.0,78300.0
10134,1,5,12,Days,2014-11-15,,0.8,69250.0
10135,1,2,5,B,2017-08-30,2026-06-30,1.0,36600.0
10136,1,1,2,B,2016-10-01,,1.0,46850.0
10137,1,4,11,Days,2020-09-29,,1.0,84700.0
10138,1,5,13,Days,2005-03-18,,1.0,62500.0
10139,1,2,6,B,2006-06-28,2024-03-31,1.0,54350.0
10140,1,1,1,B,2009-03-02,2025-12-31,0.9,43450.0
10141,1,1,2,C,2008-09-02,2024-01-31,1.0,50400.0
10142,1,1,3,C,2008-05-03,2026-01-31,1.0,63900.0
10143,1,1,3,Days,2009-06-25,,1.0,65750.0
10144,1,3,8,Days,2006-06-16,,1.0,60900.0
10145,1,1,1,B,2007-05-17,,1.0,37750.0
10146,1,4,10,Days,2017-03-02,,1.0,44100.0
10147,1,1,1,B,2005-12-26,2024-01-31,1.0,42000.0
10148,1,5,13,Days,2006-02-13,,1.0,58650.0
10149,1,1,2,B,2010-01-27,2024-09-30,1.0,49450.0
10150,1,1,1,B,2011-07-28,,1.0,40150.0
10151,1,6,17,Days,2014-08-24,2025-02-28,1.0,126200.0
10152,1,4,11,Days,2020-07-16,,1.0,88450.0
10153,1,1,2,B,2007-05-04,2024-06-30,1.0,43800.0
10154,1,4,11,Days,2009-02-09,,1.0,85300.0
10155,1,3,8,Days,2014-05-26,,1.0,63400.0
10156,1,4,10,Days,2017-01-14,,0.8,46600.0
10157,1,2,6,A,2005-12-23,2023-11-30,1.0,53050.0
10158,1,4,10,Days,2013-11-16,,1.0,45750.0
10159,1,6,16,A,2006-08-08,,0.9,107700.0
10160,1,4,10,Days,2022-02-26,,1.0,41750.0
10161,1,3,9,A,2010-02-11,,1.0,90150.0
10162,1,6,17,Days,2010-06-09,2026-03-31,1.0,144550.0
10163,1,5,12,Days,2006-01-10,2025-03-31,1.0,76650.0
10164,1,2,6,A,2018-12-30,,1.0,60600.0
10165,1,3,9,Days,2008-01-11,,1.0,94200.0
10166,1,1,1,Days,2011-06-24,,1.0,44850.0
10167,1,1,3,C,2012-03-04,,1.0,65300.0
10168,1,6,15,Days,2013-07-15,,1.0,86250.0
10169,1,5,13,Days,2012-01-01,,1.0,66100.0
10170,1,1,2,A,2018-03-23,2025-02-28,1.0,48900.0
10171,1,1,3,A,2016-03-05,,1.0,68350.0
10172,1,5,12,Days,2017-10-04,,1.0,71750.0
10173,1,3,8,Days,2021-07-07,2025-06-30,1.0,58650.0
10174,1,1,1,C,2008-01-18,2026-07-31,1.0,43850.0
10175,1,4,10,Days,2011-02-16,2023-09-30,0.9,51050.0
10176,1,5,13,Days,2011-01-03,,1.0,60200.0
10177,1,2,6,B,2012-10-31,,1.0,63800.0
10178,1,2,5,B,2019-12-16,,1.0,40600.0
10179,1,1,1,B,2005-01-20,,1.0,46250.0
10180,1,5,13,Days,2009-03-21,,1.0,62200.0
10181,1,2,5,B,2015-12-02,,1.0,42800.0
10182,1,3,8,A,2013-04-11,,1.0,62850.0
10183,1,5,12,Days,2019-02-09,,1.0,64800.0
10184,1,2,5,B,2014-01-13,,1.0,38550.0
10185,1,4,11,Days,2006-07-05,,1.0,87150.0
10186,1,1,1,A,2009-02-21,,1.0,45550.0
10187,1,1,2,C,2007-10-15,,1.0,55000.0
10188,1,2,5,Days,2009-04-29,,1.0,39050.0
10189,1,1,2,A,2016-12-06,2023-09-30,1.0,55750.0
10190,1,2,5,B,2012-11-05,,1.0,40250.0
10191,1,4,10,Days,2016-03-11,,1.0,43900.0
10192,1,2,5,A,2019-05-09,,1.0,34550.0
10193,1,3,9,Days,2015-01-27,,1.0,88250.0
10194,1,1,1,C,2012-05-20,2026-02-28,1.0,47600.0
10195,1,3,8,Days,2020-09-04,2024-12-31,1.0,58950.0
10196,1,1,1,A,2015-05-22,2024-07-31,1.0,44200.0
10197,1,1,2,B,2013-03-07,,1.0,48500.0
10198,1,5,12,Days,2020-10-19,,1.0,69900.0
10199,1,2,6,B,2010-04-09,2024-09-30,1.0,66350.0
10200,1,5,13,Days,2009-08-28,,1.0,58550.0
10201,1,5,13,Days,2015-08-17,,1.0,56450.0
10202,1,1,1,A,2017-03-17,,1.0,44850.0
10203,1,6,16,Days,2013-09-11,,1.0,105400.0
10204,1,1,3,B,2009-11-14,2026-06-30,1.0,71050.0
10205,1,4,11,Days,2011-05-29,2025-05-31,1.0,101500.0
10206,1,3,9,Days,2009-07-27,,1.0,85750.0
10207,1,1,1,A,2012-03-11,,1.0,39100.0
10208,1,2,6,A,2020-04-04,,1.0,61800.0
10209,1,5,13,Days,2009-09-12,,1.0,60550.0
10210,1,2,6,A,2007-03-17,2024-03-31,1.0,52700.0
10211,1,1,1,C,2020-02-01,2024-06-30,1.0,41100.0
10212,1,1,1,B,2015-07-16,,1.0,38100.0
10213,1,1,1,B,2013-04-20,,1.0,37150.0
10214,1,3,8,Days,2019-12-13,2023-11-30,1.0,55100.0
10215,1,4,11,Days,2009-02-21,,1.0,89450.0
10216,1,1,2,B,2005-05-11,2025-08-31,1.0,46950.0
10217,1,6,15,Days,2014-05-22,,1.0,88150.0
10218,1,4,10,Days,2008-10-06,,1.0,39050.0
10219,1,1,1,A,2013-06-21,2025-12-31,0.9,39600.0
10220,1,1,3,A,2019-08-04,2026-07-31,1.0,68350.0
10221,1,5,12,Days,2006-04-29,,1.0,75800.0
10222,1,1,3,C,2006-12-12,2025-02-28,1.0,71900.0
10223,1,2,6,A,2012-09-07,,1.0,60200.0
10224,1,2,5,C,2010-10-29,,1.0,45200.0
10225,1,5,14,A,2013-05-20,,1.0,132900.0
10226,1,2,6,C,2005-05-17,2024-07-31,1.0,66750.0
10227,1,1,3,B,2009-05-07,2026-03-31,1.0,74000.0
10228,1,1,1,C,2007-10-12,,1.0,36600.0
10229,1,2,5,B,2005-08-07,,1.0,41050.0
10230,1,2,7,B,2015-10-10,2025-10-31,1.0,92400.0
10231,1,6,16,Days,2006-11-08,2026-06-30,1.0,101350.0
10232,1,3,9,Days,2017-11-25,,1.0,103200.0
10233,1,1,3,B,2015-05-19,2023-12-31,1.0,65400.0
10234,1,1,1,B,2014-07-16,,1.0,41700.0
10235,1,2,6,B,2018-08-14,2024-08-31,1.0,58350.0
10236,1,1,2,A,2012-05-24,,1.0,47700.0
10237,1,3,9,Days,2019-05-02,,1.0,76500.0
10238,1,2,5,B,2013-01-05,2023-09-30,0.8,39550.0
10239,1,1,3,B,2022-01-06,,1.0,61550.0
10240,1,4,10,Days,2013-12-25,,1.0,40550.0
10241,1,1,1,C,2007-08-01,,1.0,42450.0
10242,1,4,10,Days,2011-12-15,,1.0,43800.0
10243,1,1,1,Days,2005-10-01,,1.0,41900.0
10244,1,1,3,C,2013-07-26,,1.0,77100.0
10245,1,1,3,C,2013-05-19,2024-09-30,1.0,57800.0
10246,1,2,7,B,2011-05-11,2024-03-31,1.0,105000.0
10247,1,4,11,Days,2019-07-15,,1.0,91700.0
10248,1,3,8,Days,2014-06-11,,1.0,61750.0
10249,1,1,3,B,2020-10-18,,0.8,65650.0
10250,1,6,16,Days,2019-08-28,,1.0,128200.0
10251,1,3,8,Days,2005-07-12,,1.0,61750.0
10252,1,4,10,Days,2013-05-30,2024-08-31,1.0,45300.0
10253,1,3,8,Days,2005-07-28,,1.0,55250.0
10254,1,3,8,Days,2015-07-03,,1.0,59100.0
10255,1,1,1,A,2010-06-08,,1.0,44750.0
10256,1,6,15,Days,2011-06-14,,1.0,94850.0
10257,1,6,15,Days,2012-02-24,2025-08-31,1.0,92050.0
10258,1,1,3,C,2010-09-17,,1.0,72550.0
10259,1,6,16,Days,2009-05-24,,1.0,106400.0
10260,1,4,11,Days,2021-06-28,,1.0,96900.0
10261,1,2,5,A,2009-09-27,2024-08-31,0.8,39250.0
10262,1,4,10,A,2007-01-16,,1.0,40700.0
10263,1,2,5,C,2008-11-01,,1.0,38700.0
10264,1,6,17,Days,2012-05-04,,1.0,136450.0
10265,1,1,1,C,2017-04-15,2026-06-30,1.0,48650.0
10266,1,5,13,Days,2015-06-26,2024-07-31,1.0,54450.0
10267,1,1,1,A,2010-11-01,2024-02-29,0.9,44800.0
10268,1,4,11,Days,2009-10-31,,1.0,102000.0
10269,1,1,2,B,2020-09-04,,1.0,48400.0
10270,1,3,8,Days,2011-05-08,,0.9,55050.0
10271,1,2,6,A,2007-04-08,2024-08-31,1.0,66950.0
10272,1,2,5,A,2016-06-03,2023-09-30,1.0,41250.0
10273,1,4,11,Days,2006-08-06,2025-05-31,1.0,86950.0
10274,1,2,5,A,2015-02-28,,1.0,38950.0
10275,1,1,1,C,2009-09-10,2026-07-31,1.0,39950.0
10276,1,1,1,B,2007-10-12,,1.0,45900.0
10277,1,1,3,B,2021-08-23,,0.9,69100.0
10278,1,1,3,B,2011-05-25,2025-12-31,1.0,72950.0
10279,1,2,5,C,2006-10-04,,1.0,40250.0
10280,1,1,1,B,2010-04-25,,1.0,38800.0
10281,1,2,5,Days,2007-10-06,,1.0,46400.0
10282,1,1,1,Days,2007-05-22,,1.0,48200.0
10283,1,1,1,A,2011-03-10,2025-02-28,1.0,40100.0
10284,1,2,5,A,2009-10-26,2025-07-31,1.0,43150.0
10285,1,1,2,A,2005-02-06,,1.0,50250.0
10286,1,3,9,Days,2014-07-25,,1.0,82200.0
10287,1,6,16,Days,2010-02-16,2024-08-31,1.0,114400.0
10288,1,6,16,Days,2007-07-15,,1.0,106600.0
10289,1,2,6,B,2017-02-25,,1.0,66500.0
10290,1,1,1,A,2005-07-31,2025-04-30,1.0,46050.0
10291,1,1,1,C,2008-09-12,2024-07-31,0.9,45800.0
10292,1,1,1,A,2017-12-02,2024-12-31,1.0,38050.0
10293,1,2,5,Days,2014-04-24,,1.0,36650.0
10294,1,4,11,Days,2009-04-26,,1.0,103150.0
10295,1,1,1,Days,2010-06-26,,1.0,41450.0
10296,1,3,8,A,2014-04-03,,1.0,63150.0
10297,1,1,2,B,2018-04-30,,0.8,52000.0
10298,1,5,12,Days,2014-09-25,,1.0,61200.0
10299,1,2,5,A,2015-05-16,2026-02-28,1.0,44500.0
10300,1,1,2,A,2009-09-09,,1.0,45600.0
10301,1,2,5,B,2009-05-23,,1.0,44450.0
10302,1,1,3,B,2010-08-05,,0.9,73500.0
10303,1,5,12,Days,2011-08-28,,1.0,64350.0
10304,1,1,1,C,2010-04-05,2025-09-30,0.9,36200.0
10305,1,6,17,Days,2017-01-19,,1.0,153400.0
10306,1,2,7,Days,2005-09-17,,1.0,91850.0
10307,1,1,1,Days,2010-05-07,,1.0,46200.0
10308,1,2,6,B,2005-09-09,2025-12-31,1.0,61600.0
10309,1,1,1,A,2017-05-03,,1.0,41500.0
10310,1,2,5,C,2007-11-08,,1.0,34350.0
10311,1,5,12,Days,2011-02-05,2025-10-31,1.0,75250.0
10312,1,1,1,C,2015-04-15,,0.9,44300.0
10313,1,1,1,B,2008-04-14,,1.0,43550.0
10314,1,1,1,C,2012-10-08,2025-10-31,1.0,42650.0
10315,1,1,3,A,2018-06-11,,1.0,68550.0
10316,1,1,2,B,2007-12-21,,1.0,50000.0
10317,1,2,6,A,2010-10-11,2025-05-31,1.0,62300.0
10318,1,1,2,A,2012-02-14,2024-02-29,1.0,40800.0
10319,1,1,1,B,2010-08-19,2026-01-31,1.0,40100.0
10320,1,1,2,A,2016-05-24,,1.0,52100.0
10321,1,5,13,Days,2012-01-08,,1.0,49800.0
10322,1,4,11,Days,2012-12-03,,1.0,96150.0
10323,1,1,1,Days,2013-10-11,,0.9,49100.0
10324,1,1,3,C,2012-09-18,,0.8,73350.0
10325,1,3,9,Days,2012-07-14,,1.0,95800.0
10326,1,3,8,Days,2009-01-27,,1.0,57400.0
10327,1,1,1,C,2010-10-12,,1.0,42700.0
10328,1,1,1,B,2008-12-02,,1.0,42000.0
10329,1,1,1,Days,2013-10-01,2025-11-30,1.0,46650.0
10330,1,1,3,A,2007-09-29,2024-06-30,1.0,74450.0
10331,1,1,2,C,2021-02-27,,1.0,47750.0
10332,1,1,3,A,2016-02-24,,1.0,62500.0
10333,1,1,2,A,2007-02-18,,1.0,46400.0
10334,1,1,2,A,2017-10-16,,1.0,45000.0
10335,1,1,3,Days,2005-07-29,2026-02-28,1.0,62300.0
10336,1,6,16,Days,2005-08-27,2026-02-28,1.0,109350.0
10337,1,1,1,C,2017-08-25,2024-04-30,1.0,43650.0
10338,1,3,9,Days,2007-04-04,,0.9,85050.0
10339,1,2,5,A,2018-01-07,,1.0,45500.0
10340,1,1,1,A,2008-04-06,,1.0,38950.0
10341,1,2,5,C,2006-06-11,,1.0,36600.0
10342,1,5,14,Days,2013-12-22,,0.9,130550.0
10343,1,6,17,Days,2018-06-12,,1.0,135900.0
10344,1,6,16,Days,2010-07-27,,1.0,101550.0
10345,1,1,1,B,2015-04-10,2025-08-31,1.0,45750.0
10346,1,5,12,Days,2005-12-20,,1.0,71250.0
10347,1,1,1,Days,2017-09-23,,1.0,40300.0
10348,1,1,3,B,2013-03-09,,1.0,69550.0
10349,1,3,9,A,2015-05-09,,1.0,85650.0
10350,1,4,11,Days,2017-03-08,,1.0,93250.0
10351,1,2,5,A,2009-05-04,2024-05-31,1.0,44450.0
10352,1,4,11,Days,2012-08-29,2024-09-30,1.0,89250.0
10353,1,1,1,B,2011-03-28,2023-09-30,1.0,39150.0
10354,1,2,5,A,2022-09-02,,1.0,37550.0
10355,1,1,1,C,2005-04-01,2026-06-30,1.0,44550.0
10356,1,1,1,A,2019-01-08,,1.0,35700.0
10357,1,5,12,Days,2015-03-01,2024-06-30,1.0,61200.0
10358,1,1,3,B,2008-10-13,,1.0,61450.0
10359,1,4,10,Days,2019-02-06,2023-09-30,1.0,47200.0
10360,1,2,6,B,2012-04-27,,1.0,62200.0
10361,1,1,1,A,2010-11-29,,1.0,44900.0
10362,1,1,3,C,2019-09-05,,1.0,64000.0
10363,1,1,1,Days,2005-10-20,2025-09-30,1.0,42100.0
10364,1,1,1,A,2019-08-06,,1.0,36700.0
10365,1,1,1,C,2006-03-05,2023-11-30,1.0,47400.0
10366,1,2,5,B,2005-04-14,,1.0,39650.0
10367,1,1,3,B,2007-09-16,,1.0,72250.0
10368,1,6,15,Days,2011-06-17,,1.0,96100.0
10369,1,3,8,Days,2009-02-02,,1.0,59550.0
10370,1,1,2,C,2008-06-05,,1.0,46450.0
10371,1,1,1,B,2022-10-17,,1.0,43450.0
10372,1,2,5,A,2010-07-14,2026-02-28,1.0,41500.0
10373,1,1,1,B,2009-12-06,2025-12-31,1.0,40900.0
10374,1,6,17,Days,2006-01-27,,1.0,145100.0
10375,1,1,1,B,2017-11-25,,1.0,38800.0
10376,1,2,5,A,2019-08-06,,1.0,41350.0
10377,1,2,5,A,2016-08-08,,0.9,37800.0
10378,1,5,12,Days,2014-01-13,,1.0,78950.0
10379,1,6,15,Days,2017-12-19,2024-10-31,1.0,87300.0
10380,1,6,16,Days,2014-09-18,2026-04-30,1.0,124950.0
10381,1,1,3,B,2013-04-01,2026-01-31,1.0,61300.0
10382,1,2,5,Days,2008-10-24,,1.0,38350.0
10383,1,3,8,Days,2012-04-01,2024-06-30,1.0,61400.0
10384,1,2,5,B,2009-06-14,2026-01-31,1.0,36850.0
10385,1,4,11,Days,2019-09-09,2025-06-30,1.0,79050.0
10386,1,3,9,Days,2010-09-09,,1.0,89350.0
10387,1,2,5,C,2009-05-21,2026-03-31,1.0,37150.0
10388,1,1,2,B,2005-03-07,,1.0,52400.0
10389,1,6,15,Days,2012-05-17,,1.0,85050.0
10390,1,2,5,C,2012-02-20,,1.0,39500.0
10391,1,2,5,A,2013-10-08,,1.0,41550.0
10392,1,6,15,Days,2017-10-30,,1.0,94100.0
10393,1,2,5,C,2011-09-04,,1.0,38200.0
10394,1,1,2,C,2006-09-25,2024-06-30,1.0,54650.0
10395,1,6,15,Days,2015-08-12,,1.0,100350.0
10396,1,1,2,B,2016-11-04,2024-11-30,1.0,47300.0
10397,1,2,5,B,2016-07-25,,1.0,41450.0
10398,1,5,12,Days,2020-01-23,,1.0,81250.0
10399,1,1,1,C,2011-12-16,,1.0,39100.0
10400,1,2,5,C,2010-01-30,,1.0,36700.0
10401,1,5,12,Days,2008-07-02,,1.0,73900.0
10402,1,1,2,B,2016-11-15,2024-07-31,1.0,49450.0
10403,1,1,1,B,2013-02-14,,1.0,35700.0
10404,1,2,5,A,2011-06-23,,1.0,34000.0
10405,1,1,1,A,2013-07-13,,1.0,45900.0
10406,1,2,5,C,2008-10-10,,1.0,39150.0
10407,1,1,3,A,2021-04-12,,1.0,64800.0
10408,1,2,6,B,2008-01-14,,1.0,61300.0
10409,1,1,3,B,2007-08-19,2026-04-30,1.0,76350.0
10410,1,2,5,C,2005-02-09,2024-11-30,1.0,41300.0
10411,1,1,1,B,2005-01-01,,1.0,35700.0
10412,1,4,11,Days,2015-10-02,2024-08-31,1.0,101900.0
10413,1,3,8,Days,2009-06-17,,1.0,60450.0
10414,1,1,1,A,2014-11-27,2025-12-31,1.0,43150.0
10415,1,1,3,Days,2015-03-01,,1.0,79550.0
10416,1,4,11,Days,2005-12-01,,1.0,103750.0
10417,1,5,13,Days,2015-07-02,2026-08-31,1.0,55600.0
10418,1,2,5,B,2015-02-19,,1.0,36700.0
10419,1,6,16,Days,2019-02-11,,0.9,91000.0
10420,1,1,3,C,2023-01-29,,1.0,77750.0
10421,1,2,5,A,2009-01-16,2026-06-30,1.0,40700.0
10422,1,1,3,B,2015-02-20,2026-06-30,1.0,73650.0
10423,1,2,5,C,2011-07-16,2024-04-30,1.0,44550.0
10424,1,2,6,B,2018-04-08,2024-06-30,1.0,67100.0
10425,1,6,16,Days,2016-06-16,,1.0,115550.0
10426,1,1,1,B,2009-03-03,2026-03-31,1.0,48550.0
10427,1,1,1,C,2012-12-01,2023-11-30,1.0,39050.0
10428,1,1,1,A,2011-09-01,2026-05-31,1.0,37650.0
10429,1,1,3,Days,2008-08-19,,1.0,69400.0
10430,1,1,1,A,2008-03-08,,1.0,42950.0
10431,1,1,3,A,2007-08-26,2024-02-29,0.8,72150.0
10432,1,1,1,C,2009-03-25,,1.0,45250.0
10433,1,1,2,C,2012-09-02,,1.0,53200.0
10434,1,2,7,A,2013-02-12,,1.0,99250.0
10435,1,1,2,B,2019-05-17,,1.0,49050.0
10436,1,5,12,Days,2009-02-12,2023-12-31,1.0,63300.0
10437,1,4,10,Days,2014-08-22,,0.9,43250.0
10438,1,2,5,Days,2009-12-26,,0.8,40050.0
10439,1,6,16,Days,2018-01-26,,1.0,99150.0
10440,1,6,15,Days,2007-09-09,,1.0,83250.0
10441,1,1,3,B,2020-02-18,,1.0,62350.0
10442,1,3,8,Days,2019-06-06,2024-12-31,1.0,59950.0
10443,1,1,1,C,2011-02-26,,1.0,38300.0
10444,1,5,12,Days,2008-10-27,,1.0,77200.0
10445,1,5,12,Days,2020-03-22,,1.0,68150.0
10446,1,4,10,Days,2008-01-23,,1.0,43050.0
10447,1,1,1,C,2005-07-11,,1.0,42850.0
10448,1,4,11,Days,2015-02-19,2023-09-30,1.0,96350.0
10449,1,5,12,Days,2015-01-28,,1.0,77600.0
10450,1,1,2,B,2011-04-30,,1.0,49950.0
10451,1,1,2,A,2010-04-06,2024-08-31,1.0,55350.0
10452,1,1,1,A,2011-09-28,2025-04-30,0.9,43850.0
10453,1,5,14,Days,2010-07-23,,1.0,130100.0
10454,1,4,10,Days,2015-02-02,,1.0,48350.0
10455,1,6,16,A,2016-12-15,,0.9,113550.0
10456,1,1,1,B,2006-10-14,,1.0,43600.0
10457,1,1,1,B,2010-05-28,,1.0,38700.0
10458,1,4,11,Days,2016-08-09,2026-08-31,1.0,88250.0
10459,1,1,1,B,2012-09-11,2026-02-28,1.0,47900.0
10460,1,1,3,C,2009-02-18,,1.0,58700.0
10461,1,2,5,A,2015-09-23,,0.8,39650.0
10462,1,6,16,Days,2006-03-02,,1.0,101400.0
10463,1,6,15,Days,2019-05-09,,1.0,103800.0
10464,1,2,5,A,2005-05-25,,1.0,41900.0
10465,1,5,13,Days,2008-07-26,,1.0,60800.0
10466,1,4,10,Days,2010-02-11,2024-10-31,1.0,46100.0
10467,1,1,3,A,2010-10-19,,1.0,67750.0
10468,1,1,3,C,2008-10-03,,1.0,70750.0
10469,1,5,12,Days,2014-01-24,,1.0,63350.0
10470,1,1,1,B,2005-02-06,,1.0,41550.0
10471,1,4,10,Days,2015-07-01,,1.0,51750.0
10472,1,6,16,Days,2018-02-07,,1.0,106200.0
10473,1,3,8,A,2010-02-23,,1.0,69500.0
10474,1,2,6,C,2018-02-24,2025-06-30,1.0,66200.0
10475,1,1,1,B,2011-11-27,2026-06-30,1.0,41350.0
10476,1,3,8,Days,2017-02-06,,1.0,60700.0
10477,1,6,16,Days,2021-02-11,,1.0,95950.0
10478,1,1,1,A,2014-12-06,,1.0,44250.0
10479,1,2,6,C,2009-06-27,,0.8,62950.0
10480,1,2,6,B,2011-07-20,,1.0,57400.0
10481,1,1,1,C,2014-03-22,,1.0,51700.0
10482,1,2,7,Days,2007-09-25,,1.0,100200.0
10483,1,3,9,A,2015-03-06,2023-12-31,1.0,95050.0
10484,1,5,12,Days,2007-05-11,,1.0,71900.0
10485,1,1,3,C,2010-01-02,,1.0,76300.0
10486,1,6,16,Days,2010-05-29,2026-02-28,0.8,107300.0
10487,1,6,15,Days,2011-06-09,2026-02-28,1.0,95600.0
10488,1,2,6,A,2023-05-09,2026-02-28,1.0,65450.0
10489,1,3,9,Days,2005-12-01,,1.0,76500.0
10490,1,4,11,Days,2006-10-07,,1.0,84400.0
10491,1,6,15,Days,2012-12-05,,1.0,105150.0
10492,1,4,11,Days,2005-06-09,,0.9,108150.0
10493,1,3,9,Days,2005-10-20,,1.0,92800.0
10494,1,3,9,A,2018-03-10,,0.9,95500.0
10495,1,1,3,A,2005-01-22,,1.0,80550.0
10496,1,1,3,A,2010-05-19,,1.0,61200.0
10497,1,1,1,C,2005-03-12,,1.0,40800.0
10498,1,6,15,Days,2012-02-15,,1.0,84500.0
10499,1,1,1,B,2018-09-11,,1.0,48850.0
10500,1,2,5,A,2013-03-16,,1.0,38700.0
10501,1,5,13,Days,2009-03-20,,1.0,60200.0
10502,1,1,1,A,2005-07-16,2025-05-31,1.0,39700.0
10503,1,4,11,Days,2010-08-22,2024-08-31,1.0,86550.0
10504,1,1,1,C,2005-08-24,,1.0,39450.0
10505,1,1,1,C,2016-05-23,,1.0,41650.0
10506,1,1,1,B,2015-09-27,2025-02-28,1.0,39400.0
10507,1,1,1,A,2013-07-02,2025-08-31,1.0,40200.0
10508,1,1,1,A,2017-02-23,,1.0,40700.0
10509,1,1,1,C,2012-11-24,2023-09-30,1.0,39950.0
10510,1,6,15,Days,2013-05-11,,1.0,93650.0
10511,1,1,1,C,2015-02-20,2024-12-31,1.0,44650.0
10512,1,2,5,B,2005-04-29,2024-06-30,1.0,41500.0
10513,1,5,13,Days,2012-07-24,,1.0,61900.0
10514,1,1,2,B,2006-02-07,2024-02-29,1.0,45050.0
10515,1,5,13,Days,2008-11-13,,1.0,64250.0
10516,1,6,15,Days,2007-03-23,,0.8,114400.0
10517,1,2,6,C,2005-01-10,,1.0,71300.0
10518,1,1,1,A,2013-01-18,2024-07-31,1.0,38050.0
10519,1,2,6,B,2006-06-12,,1.0,57500.0
10520,1,1,3,Days,2010-01-25,2026-06-30,0.9,70700.0
10521,1,2,5,B,2018-11-21,,1.0,37350.0
10522,1,2,5,A,2009-10-12,,1.0,41650.0
10523,1,2,5,C,2008-08-28,,1.0,40400.0
10524,1,6,15,Days,2006-03-03,,1.0,107550.0
10525,1,1,2,A,2011-06-12,2026-03-31,1.0,54900.0
10526,1,2,5,B,2007-01-05,,1.0,46450.0
10527,1,1,3,C,2016-04-08,2024-11-30,1.0,74800.0
10528,1,2,5,B,2017-06-02,,1.0,35600.0
10529,1,5,12,Days,2006-05-18,,1.0,74250.0
10530,1,2,6,A,2005-12-04,,1.0,58800.0
10531,1,2,5,A,2009-06-04,,1.0,38350.0
10532,1,5,12,Days,2010-01-31,,1.0,70000.0
10533,1,4,10,Days,2008-09-20,2026-02-28,1.0,38250.0
10534,1,5,13,Days,2009-04-07,2024-07-31,1.0,52750.0
10535,1,1,3,A,2007-07-27,,1.0,63550.0
10536,1,1,3,A,2015-06-13,,0.9,62100.0
10537,1,3,8,Days,2012-06-24,,1.0,52950.0
10538,1,5,12,Days,2012-11-26,,1.0,73800.0
10539,1,5,13,Days,2013-04-12,,1.0,59300.0
10540,1,6,16,Days,2009-05-10,2024-08-31,1.0,106900.0
10541,1,6,15,Days,2014-07-31,,1.0,99650.0
10542,1,2,6,C,2009-02-02,2026-07-31,1.0,53600.0
10543,1,6,15,Days,2015-04-25,2026-07-31,1.0,92400.0
10544,1,1,1,B,2008-03-28,,1.0,37750.0
10545,1,6,16,Days,2008-12-10,2024-02-29,1.0,108800.0
10546,1,1,1,C,2018-03-04,,1.0,40500.0
10547,1,1,1,A,2008-11-03,,1.0,41900.0
10548,1,4,10,Days,2014-01-02,,1.0,41900.0
10549,1,2,5,Days,2006-07-12,,1.0,42900.0
10550,1,5,12,Days,2013-02-26,,1.0,67650.0
10551,1,1,1,B,2016-07-02,,1.0,39150.0
10552,1,3,8,Days,2007-08-02,,1.0,61100.0
10553,1,3,8,Days,2022-11-03,,1.0,60500.0
10554,1,4,11,Days,2019-04-05,,1.0,84400.0
10555,1,6,15,Days,2013-02-16,2023-09-30,1.0,101700.0
10556,1,5,13,Days,2016-09-16,,1.0,58350.0
10557,1,3,8,Days,2013-10-12,,1.0,64450.0
10558,1,1,2,B,2014-09-22,,1.0,54200.0
10559,1,6,15,Days,2005-01-17,,1.0,101950.0
10560,1,6,15,Days,2012-10-20,,1.0,112100.0
10561,1,4,10,Days,2010-01-17,2024-08-31,1.0,52150.0
10562,1,1,1,Days,2010-10-26,,1.0,43600.0
10563,1,3,9,Days,2021-10-27,,1.0,82200.0
10564,1,1,2,A,2008-08-21,,1.0,46750.0
10565,1,3,8,Days,2015-02-10,,1.0,66050.0
10566,1,1,1,A,2018-07-14,,1.0,45300.0
10567,1,1,1,C,2010-12-25,,1.0,45800.0
10568,1,1,1,A,2005-10-02,2024-06-30,1.0,42950.0
10569,1,6,16,Days,2006-11-25,,1.0,91550.0
10570,1,1,1,Days,2015-05-19,,1.0,41600.0
10571,1,2,5,A,2018-12-03,,1.0,40900.0
10572,1,4,11,Days,2019-01-22,,1.0,86900.0
10573,1,3,8,Days,2017-02-25,,1.0,61550.0
10574,1,5,12,Days,2016-11-17,,1.0,70250.0
10575,1,1,3,B,2006-09-18,,1.0,74350.0
10576,1,1,1,B,2005-08-24,,1.0,45400.0
10577,1,5,12,Days,2008-11-09,,1.0,80600.0
10578,1,5,12,Days,2005-04-17,,1.0,73600.0
10579,1,1,1,A,2020-08-28,2026-04-30,1.0,39500.0
10580,1,2,7,C,2010-05-22,,1.0,80700.0
10581,1,2,5,C,2008-07-27,2024-12-31,1.0,37300.0
10582,1,1,2,Days,2006-11-08,2025-12-31,1.0,52750.0
10583,1,3,9,A,2017-06-19,,1.0,97450.0
10584,1,1,1,A,2005-05-01,2025-10-31,1.0,43750.0
10585,1,1,1,C,2015-10-16,,1.0,44250.0
10586,1,1,2,A,2011-05-12,,1.0,44700.0
10587,1,2,5,B,2023-06-26,2024-11-30,1.0,38700.0
10588,1,1,3,B,2008-12-12,,1.0,74100.0
10589,1,1,2,B,2012-01-02,,1.0,44650.0
10590,1,1,1,B,2007-10-29,,1.0,37550.0
10591,1,6,16,Days,2014-09-14,,1.0,107350.0
10592,1,3,8,Days,2008-04-20,,1.0,62250.0
10593,1,6,16,Days,2012-12-21,,1.0,111750.0
10594,1,6,16,Days,2006-11-15,,1.0,110450.0
10595,1,3,8,Days,2005-06-28,,1.0,70700.0
10596,1,5,13,Days,2011-07-29,2024-03-31,1.0,61250.0
10597,1,2,5,B,2008-03-10,2025-04-30,1.0,42800.0
10598,1,1,3,C,2005-03-23,,1.0,63650.0
10599,1,6,16,Days,2005-04-29,,1.0,100700.0
10600,1,1,3,C,2008-07-23,,0.9,59400.0
10601,1,3,8,Days,2016-06-27,,1.0,53650.0
10602,1,3,8,Days,2005-06-19,,1.0,51000.0
10603,1,1,1,B,2013-08-24,,1.0,37150.0
10604,1,5,13,Days,2014-10-25,,1.0,61800.0
10605,1,1,2,A,2017-09-28,2023-12-31,1.0,49700.0
10606,1,1,2,A,2006-11-07,2025-02-28,1.0,50650.0
10607,1,1,1,C,2007-02-26,,1.0,45650.0
10608,1,2,6,C,2015-09-27,,1.0,55850.0
10609,1,3,8,A,2005-10-30,,0.8,57650.0
10610,1,1,2,C,2015-06-20,2025-10-31,1.0,52500.0
10611,1,5,13,Days,2006-01-01,2024-01-31,1.0,51950.0
10612,1,4,10,Days,2005-05-25,2024-07-31,1.0,43600.0
10613,1,1,1,B,2017-01-29,2024-02-29,1.0,40350.0
10614,1,2,5,C,2015-05-26,,1.0,39400.0
10615,1,1,1,Days,2014-02-26,2024-06-30,1.0,39950.0
10616,1,2,6,A,2013-07-19,,1.0,57100.0
10617,1,1,1,B,2019-11-16,,1.0,44000.0
10618,1,1,1,A,2013-12-29,2026-08-31,1.0,43300.0
10619,1,2,6,Days,2005-01-12,2025-01-31,1.0,59350.0
10620,1,6,16,Days,2009-09-19,,1.0,97050.0
10621,1,1,3,B,2005-12-13,,1.0,65550.0
10622,1,5,13,Days,2013-04-07,2024-01-31,1.0,68000.0
10623,1,6,16,Days,2016-09-01,,1.0,115050.0
10624,1,1,2,C,2019-12-19,,1.0,46700.0
10625,1,2,5,C,2018-10-22,,0.8,40750.0
10626,1,6,15,Days,2007-12-25,2025-10-31,1.0,84200.0
10627,1,1,3,B,2020-05-08,2026-06-30,1.0,68600.0
10628,1,1,1,A,2009-06-29,,1.0,44550.0
10629,1,2,5,C,2009-05-06,,1.0,39600.0
10630,1,6,16,Days,2018-09-30,,1.0,101900.0
10631,1,4,10,Days,2012-04-06,2026-07-31,1.0,43100.0
10632,1,1,1,Days,2007-05-11,,1.0,41600.0
10633,1,3,9,Days,2005-12-20,2024-07-31,1.0,98700.0
10634,1,2,5,B,2018-04-17,2026-03-31,1.0,38750.0
10635,1,6,16,Days,2014-06-22,,1.0,94650.0
10636,1,2,5,C,2017-05-16,,1.0,42400.0
10637,1,1,3,C,2007-05-01,,0.9,74050.0
10638,1,2,5,A,2014-09-23,,1.0,39850.0
10639,1,2,5,B,2014-01-05,2026-08-31,1.0,35000.0
10640,1,1,2,A,2012-01-24,2025-01-31,1.0,42400.0
10641,1,2,5,B,2013-06-10,,1.0,40050.0
10642,1,4,11,Days,2012-04-14,,1.0,98250.0
10643,1,5,12,Days,2011-11-17,,1.0,75550.0
10644,1,5,12,Days,2006-08-15,,1.0,79050.0
10645,1,6,15,Days,2019-08-12,,1.0,104850.0
10646,1,1,3,B,2010-01-15,,1.0,69400.0
10647,1,6,16,Days,2011-09-26,,1.0,106900.0
10648,1,1,1,B,2011-11-06,2026-01-31,1.0,36600.0
10649,1,3,9,Days,2006-09-30,2024-01-31,1.0,82200.0
10650,1,1,2,Days,2005-07-29,2024-11-30,1.0,47650.0
10651,1,2,5,B,2013-07-15,2025-11-30,1.0,39350.0
10652,1,1,1,B,2006-01-17,,1.0,42750.0
10653,1,1,1,C,2005-03-19,2025-08-31,1.0,45050.0
10654,1,1,1,B,2010-09-05,,1.0,36400.0
10655,1,3,8,Days,2006-11-24,,1.0,55550.0
10656,1,5,13,Days,2011-07-08,,1.0,57550.0
10657,1,1,1,B,2017-04-07,,1.0,43250.0
10658,1,3,8,A,2018-06-03,,1.0,64200.0
10659,1,2,5,A,2011-08-21,,1.0,40950.0
10660,1,2,6,A,2017-05-15,2026-05-31,1.0,62200.0
10661,1,1,1,Days,2015-05-03,2024-11-30,1.0,41400.0
10662,1,3,8,Days,2009-01-27,,1.0,59650.0
10663,1,6,15,Days,2006-07-08,,1.0,98900.0
10664,1,1,1,C,2009-02-06,,1.0,36000.0
10665,1,2,5,B,2010-01-12,,1.0,41850.0
10666,1,2,5,A,2012-07-17,2024-01-31,1.0,46050.0
10667,1,2,6,B,2020-12-06,,1.0,59400.0
10668,1,2,6,C,2006-12-29,,1.0,62300.0
10669,1,2,5,B,2013-05-05,,1.0,41800.0
10670,1,1,2,C,2010-01-20,,1.0,41600.0
10671,1,1,1,A,2018-01-09,,1.0,40550.0
10672,1,1,2,C,2016-09-28,2025-01-31,1.0,55700.0
10673,1,1,2,C,2022-08-16,2025-01-31,1.0,46550.0
10674,1,3,9,Days,2015-06-04,,1.0,93200.0
10675,1,1,3,B,2008-10-29,,1.0,62800.0
10676,1,2,5,B,2015-06-03,,1.0,40350.0
10677,1,4,11,Days,2006-08-31,,1.0,91600.0
10678,1,1,1,B,2012-11-06,,1.0,40100.0
10679,1,3,9,Days,2017-05-18,,1.0,100050.0
10680,1,2,5,A,2020-01-05,,1.0,45800.0
10681,1,1,2,B,2005-03-03,,1.0,40800.0
10682,1,5,12,Days,2009-05-11,,1.0,64000.0
10683,1,5,12,Days,2014-10-24,,1.0,72400.0
10684,1,1,1,A,2015-09-15,,0.8,44050.0
10685,1,4,10,Days,2013-08-18,,1.0,44900.0
10686,1,1,3,Days,2014-11-04,,1.0,65950.0
10687,1,6,16,Days,2014-12-28,2023-11-30,0.9,99200.0
10688,1,1,1,A,2018-09-27,,0.9,40800.0
10689,1,5,13,Days,2005-06-25,2024-05-31,1.0,53850.0
10690,1,2,6,Days,2007-09-11,2025-02-28,1.0,52700.0
10691,1,2,5,A,2010-01-31,2024-09-30,1.0,34000.0
10692,1,3,8,A,2015-11-22,,1.0,51000.0
10693,1,1,1,A,2006-12-08,,1.0,42600.0
10694,1,6,15,Days,2011-09-02,2024-12-31,1.0,92250.0
10695,1,6,17,Days,2008-10-17,,1.0,139900.0
10696,1,1,1,B,2016-06-13,,1.0,35700.0
10697,1,1,2,C,2005-11-25,2026-07-31,1.0,48450.0
10698,1,1,2,B,2011-08-02,,0.8,43200.0
10699,1,6,16,A,2006-07-02,,1.0,103850.0
10700,1,2,6,B,2020-05-09,,1.0,65450.0
10701,1,2,6,A,2012-12-16,2024-02-29,0.8,60250.0
10702,1,3,8,Days,2022-04-16,2025-12-31,1.0,54950.0
10703,1,2,5,A,2015-04-23,,1.0,37700.0
10704,1,2,6,B,2016-04-14,,1.0,58900.0
10705,1,1,1,B,2016-12-11,,1.0,44150.0
10706,1,1,1,A,2012-05-07,,0.9,43550.0
10707,1,1,1,B,2007-04-04,2026-08-31,0.8,44350.0
10708,1,4,10,Days,2007-07-04,,1.0,41500.0
10709,1,1,1,C,2008-09-12,,1.0,39500.0
10710,1,1,2,Days,2013-07-01,,1.0,44950.0
10711,1,1,3,Days,2018-05-06,2026-06-30,1.0,61000.0
10712,1,1,1,C,2007-07-27,,1.0,39750.0
10713,1,4,10,Days,2006-04-04,2025-10-31,1.0,46350.0
10714,1,5,13,Days,2013-11-25,,1.0,60200.0
10715,1,1,1,A,2017-05-07,,1.0,41450.0
10716,1,1,3,B,2012-02-25,,1.0,75800.0
10717,1,6,15,Days,2012-08-19,2024-06-30,1.0,85500.0
10718,1,3,8,Days,2019-07-02,,1.0,51000.0
10719,1,5,12,Days,2010-08-15,2025-05-31,1.0,75900.0
10720,1,1,3,A,2009-03-02,2024-01-31,1.0,70100.0
10721,1,1,1,C,2009-07-18,,1.0,38550.0
10722,1,1,4,B,2011-09-04,,1.0,119250.0
10723,1,2,6,A,2005-05-03,,1.0,57200.0
10724,1,2,6,A,2010-12-24,,1.0,56850.0
10725,1,2,5,B,2007-04-08,2023-11-30,1.0,40000.0
10726,1,5,12,Days,2006-09-30,,1.0,72050.0
10727,1,6,16,Days,2005-08-05,,1.0,103400.0
10728,1,1,1,B,2013-04-15,2024-01-31,1.0,44350.0
10729,1,1,1,B,2008-02-08,,1.0,39800.0
10730,1,4,11,Days,2006-01-07,,1.0,95600.0
10731,1,4,10,Days,2007-03-21,2023-11-30,1.0,43750.0
10732,1,2,6,A,2015-01-27,2025-01-31,1.0,68850.0
10733,1,1,1,A,2010-10-24,,1.0,40850.0
10734,1,1,1,B,2017-08-12,,1.0,36700.0
10735,1,4,10,Days,2005-01-07,2025-03-31,1.0,49900.0
10736,1,1,1,B,2007-08-16,,1.0,35700.0
10737,1,5,13,Days,2007-02-12,2026-08-31,1.0,58050.0
10738,1,2,5,B,2008-02-06,,1.0,45500.0
10739,1,2,5,C,2005-03-13,2024-05-31,1.0,38000.0
10740,1,1,1,A,2005-09-14,2026-03-31,1.0,46250.0
10741,1,1,3,A,2006-04-13,,1.0,64750.0
10742,1,1,1,C,2014-12-31,,1.0,39800.0
10743,1,1,1,B,2007-07-12,2023-09-30,1.0,43650.0
10744,1,1,3,Days,2009-08-25,,1.0,69700.0
10745,1,1,2,C,2009-04-20,2023-12-31,1.0,49200.0
10746,1,4,11,Days,2007-11-10,,1.0,113900.0
10747,1,3,8,A,2013-07-18,2025-04-30,1.0,56300.0
10748,1,3,8,Days,2016-09-22,,1.0,61550.0
10749,1,1,3,B,2006-12-12,2025-06-30,1.0,70550.0
10750,1,1,1,B,2013-05-25,2023-10-31,1.0,44350.0
10751,1,1,3,C,2021-11-16,,1.0,66550.0
10752,1,2,5,B,2013-01-22,2025-08-31,1.0,35400.0
10753,1,2,6,A,2014-02-26,,1.0,70600.0
10754,1,1,1,B,2006-06-12,2023-09-30,1.0,44600.0
10755,1,2,6,B,2006-11-20,,1.0,61800.0
10756,1,2,7,A,2019-10-15,,1.0,99050.0
10757,1,6,16,Days,2019-07-03,,1.0,113050.0
10758,1,1,3,A,2008-06-20,2025-04-30,1.0,65850.0
10759,1,1,3,Days,2014-06-28,,1.0,66950.0
10760,1,1,1,B,2010-12-09,2024-08-31,1.0,37900.0
10761,1,4,10,Days,2012-08-13,,1.0,39850.0
10762,1,6,15,Days,2017-03-28,,1.0,97900.0
10763,1,1,1,B,2005-01-05,,1.0,44950.0
10764,1,1,1,C,2007-10-07,,1.0,41850.0
10765,1,2,6,Days,2016-03-20,,1.0,67250.0
10766,1,1,4,B,2008-03-29,,1.0,135150.0
10767,1,6,15,Days,2014-07-11,,1.0,109000.0
10768,1,3,8,Days,2015-01-01,,0.9,61200.0
10769,1,1,1,A,2020-12-25,,1.0,39850.0
10770,1,5,12,Days,2019-02-23,,1.0,69950.0
10771,1,4,10,Days,2007-05-31,,1.0,38250.0
10772,1,2,6,B,2014-07-21,2025-09-30,1.0,57000.0
10773,1,1,1,C,2007-09-07,2026-05-31,1.0,46600.0
10774,1,1,2,A,2009-03-12,,1.0,42300.0
10775,1,1,1,B,2014-06-22,2024-12-31,1.0,39650.0
10776,1,1,1,B,2008-03-05,,1.0,41950.0
10777,1,2,5,B,2016-01-19,,1.0,43600.0
10778,1,1,1,B,2012-11-14,2024-05-31,1.0,44150.0
10779,1,1,2,B,2017-12-31,,1.0,49750.0
10780,1,4,10,Days,2015-07-27,,1.0,49700.0
10781,1,6,16,Days,2019-03-20,,1.0,100150.0
10782,1,1,4,B,2014-06-22,,0.8,151400.0
10783,1,2,5,C,2017-09-24,,1.0,36200.0
10784,1,5,12,Days,2018-07-30,,0.9,78900.0
10785,1,5,12,Days,2007-01-30,,1.0,70800.0
10786,1,1,1,B,2010-10-08,,1.0,42200.0
10787,1,2,5,C,2008-03-12,,1.0,35900.0
10788,1,1,1,C,2017-02-27,,1.0,39550.0
10789,1,1,1,B,2009-03-02,2024-05-31,1.0,44950.0
10790,1,5,13,Days,2021-11-09,2024-08-31,1.0,52550.0
10791,1,1,1,A,2005-04-04,,1.0,39900.0
10792,1,2,7,A,2011-12-14,2026-07-31,1.0,91050.0
10793,1,2,5,A,2013-12-19,2026-07-31,1.0,37300.0
10794,1,1,1,C,2005-03-29,2025-05-31,1.0,45750.0
10795,1,5,13,Days,2006-03-31,2024-05-31,1.0,57500.0
10796,1,6,15,Days,2009-02-20,,0.9,99300.0
10797,1,2,5,A,2009-07-22,,1.0,46900.0
10798,1,1,1,A,2010-09-16,,1.0,40650.0
10799,1,5,12,Days,2006-07-29,,1.0,84550.0
10800,1,6,17,Days,2017-09-30,,1.0,170150.0
10801,1,2,5,A,2005-07-29,,1.0,39200.0
10802,1,6,15,Days,2012-08-19,,0.9,82200.0
10803,1,6,15,Days,2005-10-01,,1.0,100150.0
10804,1,2,5,A,2015-03-04,,1.0,45000.0
10805,1,3,9,Days,2013-07-12,,1.0,81000.0
10806,1,1,1,A,2006-09-12,,1.0,38750.0
10807,1,1,1,A,2007-10-06,,1.0,41500.0
10808,1,4,11,A,2019-12-11,,1.0,79050.0
10809,1,2,5,A,2014-02-12,,1.0,45050.0
10810,1,1,2,C,2014-04-30,2025-05-31,1.0,49650.0
10811,1,2,6,B,2006-06-02,,1.0,62700.0
10812,1,6,15,Days,2011-01-18,,1.0,93000.0
10813,1,2,5,A,2009-06-27,,1.0,38000.0
10814,1,2,5,A,2012-07-02,2024-06-30,1.0,45650.0
10815,1,1,1,C,2006-12-18,2025-04-30,1.0,43400.0
10816,1,3,8,Days,2017-12-27,,1.0,51000.0
10817,1,2,5,B,2008-05-31,,1.0,37500.0
10818,1,4,10,Days,2008-05-05,,1.0,38250.0
10819,1,1,1,C,2010-12-22,,1.0,45100.0
10820,1,1,3,B,2007-09-19,,1.0,66350.0
10821,1,1,1,C,2006-07-02,,1.0,39900.0
10822,1,2,5,A,2009-07-18,,1.0,45100.0
10823,1,3,8,A,2015-06-08,,1.0,69950.0
10824,1,1,1,B,2010-01-21,,1.0,42250.0
10825,1,2,5,B,2015-08-07,2024-12-31,1.0,40450.0
10826,1,1,1,C,2009-03-09,,1.0,41050.0
10827,1,5,14,Days,2014-08-03,,1.0,142050.0
10828,1,2,5,C,2008-09-08,,1.0,44300.0
10829,1,2,7,A,2010-03-12,,1.0,87150.0
10830,1,1,2,A,2012-06-04,,1.0,50750.0
10831,1,3,8,Days,2015-01-11,2024-11-30,1.0,58250.0
10832,1,4,11,Days,2009-07-05,,1.0,90700.0
10833,1,6,15,Days,2005-02-24,,1.0,80750.0
10834,1,1,2,B,2018-02-16,2024-09-30,1.0,46000.0
10835,1,2,5,C,2016-12-10,,0.8,40700.0
10836,1,3,9,Days,2018-06-07,,0.8,90000.0
10837,1,1,2,B,2013-12-17,,1.0,48950.0
10838,1,4,10,Days,2014-06-02,,1.0,47800.0
10839,1,3,9,Days,2013-10-31,2026-04-30,1.0,92900.0
10840,1,1,3,C,2008-12-07,,1.0,72350.0
10841,1,2,6,B,2009-07-14,,1.0,63100.0
10842,1,4,10,Days,2006-11-25,,1.0,41350.0
10843,1,2,6,C,2016-05-02,,1.0,54050.0
10844,1,1,4,B,2021-04-07,2025-08-31,1.0,161200.0
10845,1,2,5,C,2013-01-10,,1.0,39250.0
10846,1,1,1,A,2012-08-20,2023-12-31,1.0,39200.0
10847,1,6,15,Days,2016-03-03,2024-07-31,1.0,97900.0
10848,1,2,5,B,2021-07-22,,1.0,34000.0
10849,1,6,16,Days,2008-03-01,,1.0,115800.0
10850,1,6,15,Days,2008-11-17,,1.0,84800.0
10851,1,3,8,A,2010-12-30,2026-03-31,1.0,58300.0
10852,1,2,5,B,2020-08-25,,1.0,39250.0
10853,1,2,6,A,2014-05-05,,1.0,61300.0
10854,1,2,5,A,2018-06-09,,1.0,42750.0
10855,1,3,8,Days,2011-02-12,,1.0,64700.0
10856,1,1,1,B,2015-08-06,,1.0,46050.0
10857,1,2,5,C,2018-02-12,2025-07-31,1.0,43200.0
10858,1,1,2,C,2009-12-15,,1.0,49350.0
10859,1,2,6,C,2014-05-03,,1.0,52700.0
10860,1,4,10,Days,2011-11-01,,1.0,42950.0
10861,1,2,6,C,2011-12-27,,1.0,62400.0
10862,1,5,14,Days,2009-09-03,,1.0,142650.0
10863,1,3,9,Days,2007-06-18,,1.0,83400.0
10864,1,2,6,B,2017-02-23,2024-08-31,1.0,62700.0
10865,1,1,3,A,2007-02-11,,1.0,69750.0
10866,1,1,2,B,2012-08-23,,0.8,43450.0
10867,1,1,3,B,2013-11-04,,1.0,59200.0
10868,1,2,6,A,2015-10-07,,0.9,65450.0
10869,1,2,5,B,2011-07-09,2025-12-31,1.0,40850.0
10870,1,6,15,Days,2019-10-30,,1.0,90750.0
10871,1,1,2,A,2011-05-29,,1.0,54300.0
10872,1,3,8,Days,2023-06-24,,1.0,53250.0
10873,1,1,1,C,2010-03-17,2024-03-31,1.0,35700.0
10874,1,1,1,Days,2005-08-20,2025-02-28,1.0,38850.0
10875,1,1,4,B,2022-07-20,2023-09-30,1.0,135100.0
10876,1,2,6,C,2020-05-23,,1.0,66600.0
10877,1,5,12,Days,2006-07-15,2025-02-28,1.0,69650.0
10878,1,1,2,B,2010-09-01,,1.0,51450.0
10879,1,1,3,A,2005-11-07,,0.8,66600.0
10880,1,1,2,B,2022-01-18,,1.0,46200.0
10881,1,6,16,Days,2019-05-12,,1.0,107750.0
10882,1,2,5,B,2016-12-11,2024-11-30,1.0,35750.0
10883,1,1,2,B,2016-10-24,,1.0,48400.0
10884,1,1,1,Days,2010-08-27,,1.0,45950.0
10885,1,3,8,Days,2018-07-23,,1.0,58400.0
10886,1,6,16,Days,2007-08-02,,1.0,89250.0
10887,1,1,2,Days,2011-09-25,,1.0,43400.0
10888,1,1,1,C,2020-05-27,,1.0,37500.0
10889,1,2,6,B,2011-10-12,2023-11-30,0.9,63200.0
10890,1,1,2,C,2005-11-14,2024-07-31,1.0,44950.0
10891,1,1,1,A,2011-09-21,2023-11-30,0.8,43700.0
10892,1,1,1,C,2019-06-05,,1.0,37600.0
10893,1,1,3,A,2014-11-27,2025-03-31,1.0,71300.0
10894,1,1,3,A,2012-02-15,,1.0,74500.0
10895,1,2,6,B,2007-05-02,2025-07-31,1.0,69100.0
10896,1,1,4,C,2011-05-20,,1.0,158350.0
10897,1,2,5,C,2009-05-24,,1.0,36650.0
10898,1,1,1,A,2017-03-21,2025-03-31,1.0,37600.0
10899,1,4,10,Days,2010-11-06,,1.0,49450.0
10900,1,1,1,C,2005-10-26,2024-11-30,0.9,47350.0
10901,1,3,9,Days,2020-11-06,2025-03-31,0.9,76500.0
10902,1,5,12,Days,2013-12-10,,1.0,77350.0
10903,1,1,2,C,2007-08-28,,1.0,49200.0
10904,1,3,8,Days,2016-12-10,,1.0,64100.0
10905,1,1,1,B,2018-12-25,2024-11-30,1.0,41550.0
10906,1,1,3,B,2019-02-23,,1.0,71500.0
10907,1,6,16,Days,2009-05-22,,1.0,113400.0
10908,1,6,17,Days,2010-05-16,,1.0,154100.0
10909,1,1,3,B,2011-10-25,2025-10-31,0.9,67050.0
10910,1,6,15,Days,2007-09-12,2024-07-31,1.0,102900.0
10911,1,4,10,Days,2013-02-19,,0.9,44650.0
10912,1,2,5,A,2005-10-21,,1.0,43450.0
10913,1,1,1,B,2007-09-17,2025-04-30,1.0,41650.0
10914,1,1,1,B,2010-04-20,,1.0,40450.0
10915,1,1,3,C,2009-05-11,,1.0,64350.0
10916,1,2,7,B,2011-02-05,,1.0,78200.0
10917,1,5,13,Days,2007-07-24,,1.0,66200.0
10918,1,2,7,B,2010-05-10,,1.0,88150.0
10919,1,1,3,A,2009-06-19,,1.0,70150.0
10920,1,2,6,A,2007-09-27,2026-07-31,1.0,61500.0
10921,2,8,6,C,2016-09-13,,1.0,60700.0
10922,2,9,8,Days,2008-02-16,,1.0,61550.0
10923,2,8,5,B,2011-06-25,,1.0,34050.0
10924,2,8,5,A,2005-01-15,2026-03-31,1.0,38700.0
10925,2,7,3,C,2018-06-04,,1.0,63150.0
10926,2,7,3,A,2010-03-10,,1.0,58050.0
10927,2,9,9,Days,2011-10-01,,1.0,93000.0
10928,2,7,3,B,2014-06-05,2024-12-31,1.0,70450.0
10929,2,8,5,B,2007-02-09,,1.0,41050.0
10930,2,8,7,C,2007-03-09,,1.0,105050.0
10931,2,12,15,Days,2010-03-27,2025-04-30,1.0,95900.0
10932,2,7,1,B,2018-05-11,,1.0,37500.0
10933,2,8,7,A,2012-03-31,2025-06-30,1.0,97800.0
10934,2,10,10,Days,2022-01-19,,1.0,40950.0
10935,2,7,3,B,2009-03-17,2024-11-30,1.0,69200.0
10936,2,7,1,B,2009-05-13,2023-10-31,0.9,36900.0
10937,2,9,8,Days,2020-12-27,,0.9,54150.0
10938,2,7,1,A,2022-11-08,,1.0,37800.0
10939,2,7,3,B,2013-06-26,,1.0,69000.0
10940,2,7,3,C,2016-08-22,2024-04-30,0.9,60100.0
10941,2,8,6,A,2017-01-09,,1.0,60850.0
10942,2,7,3,A,2007-04-06,2025-12-31,1.0,73650.0
10943,2,12,16,Days,2017-01-12,2026-04-30,1.0,115600.0
10944,2,8,5,C,2014-02-05,,1.0,36850.0
10945,2,10,10,Days,2014-02-04,2023-12-31,1.0,43200.0
10946,2,8,6,A,2011-07-21,,0.9,64450.0
10947,2,8,5,C,2013-01-23,2025-08-31,1.0,42150.0
10948,2,7,1,A,2008-09-04,,1.0,41650.0
10949,2,8,5,C,2017-02-20,,1.0,41100.0
10950,2,9,9,A,2017-03-02,2024-04-30,1.0,80050.0
10951,2,11,14,Days,2011-06-25,2024-11-30,1.0,131800.0
10952,2,10,10,Days,2015-07-24,,1.0,50750.0
10953,2,8,5,A,2017-08-27,2023-09-30,0.8,43500.0
10954,2,10,10,Days,2021-02-27,,1.0,46000.0
10955,2,11,12,Days,2012-01-14,,1.0,70400.0
10956,2,7,2,A,2014-08-20,2026-06-30,1.0,40800.0
10957,2,7,3,C,2008-07-14,,1.0,59000.0
10958,2,11,13,Days,2012-10-09,,1.0,60250.0
10959,2,9,8,A,2006-08-07,,1.0,64950.0
10960,2,7,1,C,2005-08-09,2023-09-30,1.0,42700.0
10961,2,7,2,A,2006-05-11,,0.9,44350.0
10962,2,7,2,B,2013-06-03,,1.0,40850.0
10963,2,8,6,A,2019-11-30,,0.8,62150.0
10964,2,8,5,Days,2005-09-07,2024-01-31,1.0,41550.0
10965,2,10,10,Days,2015-12-25,2025-06-30,1.0,44800.0
10966,2,7,1,A,2011-07-11,2023-12-31,1.0,43200.0
10967,2,9,8,Days,2010-11-04,,1.0,68200.0
10968,2,12,17,Days,2019-12-17,,1.0,135050.0
10969,2,12,17,Days,2014-10-09,,1.0,137650.0
10970,2,11,13,Days,2011-01-07,,0.9,52850.0
10971,2,8,5,B,2018-01-26,2024-09-30,1.0,39700.0
10972,2,11,14,Days,2015-11-04,,1.0,138750.0
10973,2,7,1,B,2009-04-13,,1.0,44000.0
10974,2,7,3,A,2018-01-26,,1.0,63050.0
10975,2,8,6,A,2005-04-28,,1.0,59100.0
10976,2,12,15,A,2008-06-04,,1.0,96250.0
10977,2,9,8,Days,2009-01-05,,1.0,59000.0
10978,2,7,2,A,2016-11-04,,1.0,49800.0
10979,2,7,1,A,2013-04-20,,1.0,45000.0
10980,2,8,5,A,2017-09-28,,1.0,38450.0
10981,2,10,10,Days,2005-04-08,2025-06-30,1.0,42850.0
10982,2,12,15,Days,2010-04-07,,1.0,112700.0
10983,2,8,6,C,2008-09-19,,1.0,57950.0
10984,2,8,5,A,2006-10-31,2025-03-31,1.0,39150.0
10985,2,9,8,A,2010-02-17,,1.0,65900.0
10986,2,8,5,B,2008-12-11,,1.0,40550.0
10987,2,7,3,C,2009-11-01,,1.0,74400.0
10988,2,7,1,B,2013-04-20,2025-12-31,0.8,47300.0
10989,2,11,13,Days,2019-04-10,,0.8,59250.0
10990,2,11,12,Days,2005-04-30,,1.0,67500.0
10991,2,8,5,B,2019-04-27,,1.0,41200.0
10992,2,12,15,Days,2007-11-13,,1.0,94750.0
10993,2,8,6,C,2010-07-08,,1.0,63900.0
10994,2,8,6,C,2020-10-20,2025-04-30,1.0,66500.0
10995,2,8,5,A,2011-11-13,2026-05-31,1.0,45850.0
10996,2,8,6,B,2009-03-07,2024-10-31,1.0,59450.0
10997,2,9,8,Days,2015-08-06,,0.8,67250.0
10998,2,8,6,B,2010-05-19,2025-10-31,1.0,65350.0
10999,2,9,8,Days,2018-05-22,,1.0,60850.0
11000,2,7,1,A,2006-05-22,2024-10-31,1.0,43000.0
11001,2,8,5,A,2005-12-29,,1.0,43550.0
11002,2,10,10,Days,2016-11-14,,1.0,43300.0
11003,2,11,13,Days,2007-01-01,2026-06-30,1.0,57200.0
11004,2,8,5,B,2007-01-16,2024-04-30,1.0,38650.0
11005,2,8,6,A,2013-11-06,2024-11-30,1.0,62600.0
11006,2,12,16,Days,2009-09-20,,1.0,110350.0
11007,2,8,5,B,2007-11-12,,1.0,43050.0
11008,2,8,5,C,2014-05-09,2025-10-31,1.0,34000.0
11009,2,8,5,C,2007-10-10,2026-04-30,1.0,40900.0
11010,2,11,12,Days,2017-10-24,2025-06-30,1.0,68250.0
11011,2,7,3,A,2008-09-11,,1.0,68050.0
11012,2,7,1,A,2007-05-30,,1.0,41000.0
11013,2,7,2,C,2019-12-09,2025-12-31,1.0,50300.0
11014,2,12,15,Days,2016-11-01,,1.0,92500.0
11015,2,12,15,Days,2005-07-28,,1.0,94250.0
11016,2,8,5,A,2018-12-10,2023-09-30,1.0,37650.0
11017,2,7,3,B,2014-11-21,,0.8,71050.0
11018,2,8,5,B,2008-06-23,,1.0,41300.0
11019,2,12,15,Days,2016-12-03,,1.0,95500.0
11020,2,12,15,Days,2018-04-14,,1.0,98700.0
11021,2,9,8,Days,2010-07-01,,1.0,58650.0
11022,2,7,1,B,2005-04-06,,1.0,46450.0
11023,2,11,12,Days,2016-09-30,,1.0,70450.0
11024,2,12,15,Days,2011-06-12,,1.0,90700.0
11025,2,7,1,B,2017-10-15,2025-07-31,1.0,50250.0
11026,2,7,1,B,2005-04-10,2025-07-31,0.8,37800.0
11027,2,7,2,A,2006-11-12,,1.0,45350.0
11028,2,10,10,Days,2009-04-24,,1.0,43600.0
11029,2,8,5,C,2011-07-20,,1.0,40000.0
11030,2,9,8,Days,2018-01-02,,1.0,65650.0
11031,2,9,8,Days,2005-04-23,2024-03-31,1.0,58450.0
11032,2,7,3,C,2007-12-04,2024-12-31,1.0,66300.0
11033,2,9,8,Days,2011-06-19,,1.0,51000.0
11034,2,7,3,B,2012-05-17,2026-04-30,1.0,64100.0
11035,2,7,1,B,2011-12-04,,1.0,40300.0
11036,2,8,6,B,2018-01-03,,1.0,69350.0
11037,2,9,9,Days,2009-02-04,,1.0,95200.0
11038,2,8,7,B,2011-05-26,,1.0,85050.0
11039,2,12,15,Days,2014-03-12,,1.0,87700.0
11040,2,7,1,A,2006-03-27,2024-09-30,1.0,46500.0
11041,2,7,2,A,2013-08-30,,1.0,40950.0
11042,2,7,1,A,2014-06-21,2026-03-31,1.0,37950.0
11043,2,8,5,C,2006-07-25,,1.0,38600.0
11044,2,12,15,Days,2013-03-21,2024-06-30,1.0,85450.0
11045,2,7,1,B,2008-11-24,2024-03-31,1.0,39500.0
11046,2,7,1,C,2012-04-15,2025-09-30,1.0,45950.0
11047,2,11,12,Days,2010-10-20,,0.8,68650.0
11048,2,10,11,Days,2019-02-23,2023-09-30,1.0,96050.0
11049,2,7,1,A,2007-04-24,,1.0,40350.0
11050,2,11,13,Days,2012-05-03,2023-09-30,1.0,54800.0
11051,2,9,9,Days,2012-01-09,,1.0,85850.0
11052,2,8,7,C,2016-03-27,,1.0,78200.0
11053,2,12,16,Days,2010-11-05,,1.0,94200.0
11054,2,8,5,A,2013-06-11,,1.0,38200.0
11055,2,7,1,C,2012-04-19,,1.0,43000.0
11056,2,11,12,Days,2009-04-13,,1.0,77700.0
11057,2,7,1,C,2016-09-06,,1.0,38650.0
11058,2,9,8,Days,2021-01-05,2024-04-30,1.0,58100.0
11059,2,11,12,Days,2009-02-11,,0.9,70850.0
11060,2,11,13,Days,2019-05-20,,1.0,58100.0
11061,2,8,6,A,2013-06-16,2025-03-31,0.9,61550.0
11062,2,7,3,B,2008-02-20,,1.0,65050.0
11063,2,12,15,Days,2005-10-08,2026-04-30,1.0,104900.0
11064,2,7,1,C,2010-02-13,,1.0,46250.0
11065,2,8,5,Days,2017-10-07,,1.0,39900.0
11066,2,8,7,A,2013-04-09,,1.0,101800.0
11067,2,9,9,A,2005-05-29,2024-05-31,1.0,87150.0
11068,2,7,2,C,2005-05-15,,1.0,41050.0
11069,2,12,16,Days,2008-09-12,2023-12-31,1.0,97300.0
11070,2,7,1,C,2007-03-06,,1.0,49900.0
11071,2,8,5,Days,2006-01-08,,1.0,45000.0
11072,2,7,3,Days,2016-04-16,,1.0,73450.0
11073,2,11,12,Days,2007-09-26,2024-09-30,1.0,78050.0
11074,2,8,6,C,2012-08-25,,1.0,52700.0
11075,2,11,13,Days,2007-01-11,2025-02-28,1.0,51200.0
11076,2,10,10,Days,2012-01-09,,1.0,41050.0
11077,2,9,8,Days,2007-06-08,,1.0,59200.0
11078,2,7,3,C,2011-01-30,,1.0,70100.0
11079,2,11,13,Days,2008-10-05,2026-05-31,1.0,57650.0
11080,2,9,9,Days,2007-01-01,2024-01-31,1.0,84450.0
11081,2,7,3,C,2006-05-30,,1.0,79650.0
11082,2,9,9,A,2009-07-17,2023-09-30,1.0,84800.0
11083,2,9,8,Days,2017-03-12,2024-01-31,1.0,63900.0
11084,2,12,16,Days,2018-06-12,2025-10-31,1.0,109250.0
11085,2,8,5,C,2008-12-02,,1.0,43600.0
11086,2,7,1,C,2011-05-29,,1.0,37550.0
11087,2,12,16,Days,2014-11-14,2026-02-28,1.0,109250.0
11088,2,7,3,B,2009-08-30,,1.0,71600.0
11089,2,8,5,A,2022-05-23,,1.0,38050.0
11090,2,9,8,Days,2008-02-13,2026-01-31,1.0,53000.0
11091,2,7,3,Days,2015-10-17,,0.9,75200.0
11092,2,10,10,Days,2020-09-03,,1.0,44000.0
11093,2,8,7,B,2013-05-02,,1.0,91450.0
11094,2,12,15,Days,2006-05-24,,1.0,104000.0
11095,2,7,1,A,2018-06-17,,1.0,44850.0
11096,2,12,17,Days,2014-11-14,,1.0,125750.0
11097,2,7,3,A,2014-04-29,2026-04-30,0.8,68250.0
11098,2,11,13,Days,2009-02-17,,1.0,55350.0
11099,2,7,1,C,2021-01-23,2024-07-31,1.0,49700.0
11100,2,7,2,B,2013-07-29,2025-05-31,1.0,47750.0
11101,2,11,12,Days,2006-07-10,2025-12-31,1.0,73500.0
11102,2,8,6,B,2015-01-22,,1.0,64750.0
11103,2,12,16,Days,2010-12-10,,1.0,106450.0
11104,2,12,16,Days,2021-07-04,,1.0,92450.0
11105,2,8,6,A,2005-07-18,,1.0,65550.0
11106,2,8,5,A,2005-07-02,2026-05-31,0.9,35900.0
11107,2,9,8,Days,2005-07-20,2024-09-30,1.0,66000.0
11108,2,7,2,A,2020-07-21,,1.0,46700.0
11109,2,7,1,B,2005-07-15,2023-11-30,1.0,48550.0
11110,2,7,1,C,2006-09-11,,1.0,40550.0
11111,2,10,10,Days,2009-03-05,2025-12-31,1.0,46100.0
11112,2,9,9,A,2018-02-01,2025-07-31,1.0,84200.0
11113,2,8,5,B,2006-04-22,2025-01-31,1.0,40250.0
11114,2,9,8,Days,2012-04-26,,1.0,51250.0
11115,2,8,6,A,2016-01-03,,1.0,57850.0
11116,2,7,3,B,2012-04-07,,1.0,63200.0
11117,2,7,3,B,2006-02-06,,1.0,70050.0
11118,2,7,1,A,2018-09-15,2025-07-31,1.0,42400.0
11119,2,8,5,A,2015-06-06,,1.0,43550.0
11120,2,7,1,A,2016-11-22,2025-09-30,1.0,45250.0
11121,2,7,1,C,2010-01-29,,1.0,41150.0
11122,2,11,12,Days,2016-10-13,,1.0,86950.0
11123,2,11,13,Days,2018-09-28,,1.0,60500.0
11124,2,9,9,Days,2006-07-02,2024-04-30,1.0,97250.0
11125,2,9,8,Days,2005-04-15,,1.0,56800.0
11126,2,7,1,A,2022-02-27,,0.8,43750.0
11127,2,11,13,Days,2016-04-24,,1.0,52250.0
11128,2,7,1,B,2014-07-17,2024-01-31,1.0,37750.0
11129,2,7,2,Days,2017-07-28,,1.0,51250.0
11130,2,7,3,A,2010-04-29,,1.0,62450.0
11131,2,9,9,A,2008-05-29,,1.0,82450.0
11132,2,7,1,B,2011-07-04,,1.0,39600.0
11133,2,9,8,Days,2007-02-14,,1.0,56300.0
11134,2,7,1,B,2006-03-21,,1.0,43400.0
11135,2,12,16,Days,2013-09-27,,1.0,107750.0
11136,2,7,3,B,2016-02-05,,1.0,72650.0
11137,2,11,12,Days,2009-02-19,,1.0,82550.0
11138,2,9,9,Days,2008-02-20,,1.0,86600.0
11139,2,9,9,Days,2014-11-17,,1.0,93050.0
11140,2,7,4,A,2012-08-08,,1.0,152300.0
11141,2,7,3,B,2021-11-28,,1.0,73450.0
11142,2,7,1,B,2020-01-10,,1.0,35700.0
11143,2,7,1,B,2015-05-06,,1.0,43900.0
11144,2,7,1,C,2008-09-14,2025-09-30,1.0,40150.0
11145,2,12,16,Days,2012-04-05,2025-03-31,1.0,114100.0
11146,2,10,11,Days,2005-08-03,2025-07-31,1.0,99300.0
11147,2,9,9,Days,2006-06-23,2023-10-31,1.0,82000.0
11148,2,10,11,Days,2018-12-08,,1.0,96150.0
11149,2,11,12,Days,2012-03-29,,1.0,73900.0
11150,2,8,5,C,2019-05-06,,1.0,37300.0
11151,2,9,9,Days,2017-08-04,,1.0,92400.0
11152,2,8,6,C,2011-12-09,,1.0,57150.0
11153,2,7,1,C,2017-09-26,2025-07-31,0.9,44500.0
11154,2,12,15,Days,2017-04-18,,1.0,98350.0
11155,2,9,8,Days,2006-02-08,,1.0,56900.0
11156,2,7,2,B,2012-10-28,,1.0,44050.0
11157,2,10,10,Days,2006-01-10,,1.0,49900.0
11158,2,8,5,C,2016-05-26,,1.0,37600.0
11159,2,9,9,Days,2006-04-12,,1.0,89350.0
11160,2,7,2,A,2008-04-04,,0.8,49000.0
11161,2,7,2,B,2019-02-14,,1.0,48500.0
11162,2,10,10,Days,2010-01-02,2025-07-31,1.0,45700.0
11163,2,12,15,Days,2018-08-18,2025-11-30,1.0,93550.0
11164,2,9,8,Days,2018-04-03,,1.0,61200.0
11165,2,12,17,Days,2007-04-05,,1.0,132250.0
11166,2,8,5,C,2013-09-05,2023-09-30,1.0,37150.0
11167,2,9,8,Days,2008-05-23,2026-03-31,1.0,52250.0
11168,2,7,2,C,2018-12-22,,1.0,44450.0
11169,2,7,1,B,2006-04-08,,1.0,37600.0
11170,2,8,5,B,2012-12-10,,1.0,39300.0
11171,2,8,5,Days,2005-10-10,2023-09-30,1.0,41050.0
11172,2,10,11,Days,2018-02-19,,1.0,96050.0
11173,2,7,2,Days,2011-09-20,,1.0,52950.0
11174,2,8,5,A,2018-05-10,,1.0,38700.0
11175,2,7,1,B,2005-02-04,,1.0,44800.0
11176,2,7,3,A,2006-03-15,,1.0,73650.0
11177,2,8,5,C,2018-04-26,,1.0,36300.0
11178,2,12,16,Days,2007-07-22,,1.0,100200.0
11179,2,10,10,Days,2011-04-02,,1.0,47150.0
11180,2,10,10,Days,2009-01-14,,1.0,42600.0
11181,2,8,6,C,2005-06-20,,1.0,67200.0
11182,2,8,6,B,2007-05-16,,1.0,56200.0
11183,2,8,5,B,2016-09-02,2026-05-31,1.0,38150.0
11184,2,8,5,Days,2006-03-04,,1.0,39100.0
11185,2,7,1,C,2007-06-28,2025-05-31,1.0,36300.0
11186,2,9,8,A,2012-10-30,,1.0,63000.0
11187,2,8,6,A,2012-08-14,,1.0,63700.0
11188,2,7,1,A,2017-10-10,,1.0,43000.0
11189,2,8,5,A,2017-03-08,,1.0,42950.0
11190,2,7,1,B,2012-08-26,,1.0,43200.0
11191,2,7,3,B,2016-06-15,,1.0,68100.0
11192,2,7,1,B,2020-02-16,2026-03-31,1.0,38700.0
11193,2,8,6,A,2015-10-25,,0.9,60300.0
11194,2,8,5,B,2007-07-04,,1.0,37850.0
11195,2,9,9,Days,2016-06-08,2023-11-30,0.8,91800.0
11196,2,8,5,A,2006-01-01,2026-04-30,1.0,36100.0
11197,2,11,14,Days,2014-10-03,2026-07-31,0.9,120500.0
11198,2,11,12,Days,2013-03-07,,1.0,72850.0
11199,2,8,6,B,2020-09-03,,1.0,60000.0
11200,2,7,1,B,2010-07-05,2024-08-31,1.0,43050.0
11201,2,12,16,Days,2014-03-26,2025-07-31,1.0,105150.0
11202,2,7,1,B,2005-03-09,,1.0,38300.0
11203,2,7,2,A,2008-09-06,2025-01-31,1.0,52650.0
11204,2,8,6,C,2006-03-11,2026-08-31,1.0,57700.0
11205,2,10,10,Days,2009-03-29,2026-08-31,1.0,42450.0
11206,2,7,3,B,2007-03-04,,1.0,60850.0
11207,2,10,10,Days,2008-08-13,,0.9,42600.0
11208,2,7,3,B,2014-11-26,,1.0,69300.0
11209,2,9,9,Days,2014-07-02,,1.0,86200.0
11210,2,12,15,Days,2008-06-27,2026-05-31,1.0,99700.0
11211,2,8,5,B,2006-06-27,2023-12-31,1.0,37800.0
11212,2,9,8,Days,2010-05-21,2025-05-31,1.0,54750.0
11213,2,7,1,B,2010-04-27,,1.0,43800.0
11214,2,12,16,Days,2008-09-01,,1.0,116800.0
11215,2,8,6,Days,2005-09-12,,1.0,66900.0
11216,2,12,16,Days,2015-01-14,,1.0,101650.0
11217,2,10,10,Days,2006-04-29,2023-11-30,1.0,44650.0
11218,2,7,2,A,2019-06-13,,1.0,48100.0
11219,2,12,15,Days,2012-06-24,,1.0,91050.0
11220,2,7,3,B,2011-08-14,2025-03-31,1.0,75100.0
11221,2,7,1,A,2015-06-27,,1.0,44850.0
11222,2,10,11,Days,2005-08-19,,1.0,95250.0
11223,2,9,8,Days,2010-03-12,,1.0,56400.0
11224,2,7,3,B,2018-03-08,2024-04-30,1.0,77750.0
11225,2,9,9,Days,2019-12-15,,1.0,87600.0
11226,2,10,11,Days,2015-10-29,,1.0,95250.0
11227,2,8,6,B,2007-05-21,2024-10-31,1.0,70000.0
11228,2,8,5,A,2014-01-22,,1.0,37850.0
11229,2,7,1,B,2007-06-16,2024-10-31,1.0,41850.0
11230,2,10,10,Days,2012-02-26,,1.0,48750.0
11231,2,7,3,C,2012-04-16,2024-01-31,1.0,75050.0
11232,2,7,1,B,2014-05-27,2025-10-31,1.0,38150.0
11233,2,8,5,B,2008-11-09,2024-10-31,1.0,42100.0
11234,2,7,3,C,2016-07-01,2024-04-30,1.0,63600.0
11235,2,9,9,Days,2008-08-23,,1.0,76500.0
11236,2,9,8,Days,2012-07-23,,1.0,54150.0
11237,2,7,1,A,2016-02-08,2024-06-30,1.0,40250.0
11238,2,10,10,Days,2005-07-13,,1.0,43150.0
11239,2,7,1,A,2005-02-09,,1.0,44100.0
11240,2,7,3,A,2010-02-06,,1.0,71000.0
11241,2,7,3,C,2017-01-26,,1.0,64800.0
11242,2,7,3,A,2006-10-22,2024-01-31,1.0,66850.0
11243,2,7,1,Days,2007-06-25,,1.0,42400.0
11244,2,9,9,A,2005-08-29,,1.0,103100.0
11245,2,11,12,Days,2019-12-20,,1.0,74000.0
11246,2,7,4,A,2009-11-28,2024-01-31,1.0,148050.0
11247,2,9,8,Days,2016-09-28,2026-08-31,1.0,68100.0
11248,2,11,14,Days,2006-09-15,2026-01-31,1.0,141300.0
11249,2,7,2,A,2011-10-04,,1.0,48050.0
11250,2,8,5,A,2011-05-05,2026-01-31,1.0,35400.0
11251,2,9,8,Days,2008-05-17,,1.0,65600.0
11252,2,7,1,C,2016-02-07,,1.0,39900.0
11253,2,7,2,Days,2006-04-08,,1.0,46050.0
11254,2,7,1,B,2012-02-27,,1.0,41450.0
11255,2,9,8,Days,2012-06-11,,1.0,58050.0
11256,2,7,2,B,2015-10-24,,1.0,51450.0
11257,2,11,13,Days,2011-02-18,,0.9,59450.0
11258,2,7,1,A,2016-07-02,,1.0,42750.0
11259,2,11,12,Days,2008-10-15,2024-06-30,0.8,81600.0
11260,2,10,10,Days,2005-12-28,2024-04-30,1.0,44950.0
11261,2,10,10,Days,2012-10-18,,1.0,40750.0
11262,2,10,10,Days,2017-08-24,2024-04-30,1.0,45750.0
11263,2,8,6,C,2011-02-02,2025-03-31,1.0,53450.0
11264,2,7,3,C,2016-10-08,2025-01-31,1.0,70300.0
11265,2,8,5,B,2010-06-25,,1.0,40400.0
11266,2,11,12,Days,2006-11-29,2025-12-31,1.0,71700.0
11267,2,8,5,A,2007-08-03,,1.0,41600.0
11268,2,7,1,B,2005-07-12,,1.0,35700.0
11269,2,9,9,Days,2006-07-10,2024-09-30,1.0,85450.0
11270,2,7,1,C,2010-04-29,,1.0,41550.0
11271,2,7,1,C,2010-07-23,,1.0,42500.0
11272,2,12,15,Days,2014-11-08,,1.0,97650.0
11273,2,7,1,C,2011-01-19,,1.0,42900.0
11274,2,8,5,Days,2011-08-24,2024-04-30,1.0,41300.0
11275,2,7,1,C,2016-05-22,,1.0,35700.0
11276,2,8,6,A,2011-04-14,,1.0,54900.0
11277,2,7,1,C,2020-01-06,2024-04-30,1.0,47850.0
11278,2,8,6,A,2010-03-26,,1.0,56550.0
11279,2,8,6,A,2008-07-28,2025-09-30,1.0,63150.0
11280,2,7,2,B,2006-02-19,2025-04-30,1.0,45800.0
11281,2,7,1,Days,2010-05-03,2025-11-30,1.0,43850.0
11282,2,9,9,Days,2014-09-15,2024-07-31,1.0,85800.0
11283,2,7,4,B,2011-06-02,,0.8,142600.0
11284,2,10,10,Days,2014-02-05,2024-05-31,1.0,45800.0
11285,2,8,6,C,2019-09-18,2024-03-31,1.0,61750.0
11286,2,8,5,Days,2022-05-12,,1.0,34000.0
11287,2,10,10,Days,2011-07-19,2024-06-30,1.0,46900.0
11288,2,11,12,Days,2006-10-28,,1.0,71000.0
11289,2,7,1,A,2010-10-26,,1.0,41150.0
11290,2,7,1,C,2016-02-28,2025-11-30,1.0,40250.0
11291,2,9,9,Days,2006-11-19,,1.0,95700.0
11292,2,7,1,C,2020-06-01,,1.0,40000.0
11293,2,12,15,Days,2013-04-09,,1.0,101900.0
11294,2,7,1,C,2008-12-24,2025-06-30,1.0,41800.0
11295,2,11,12,Days,2017-03-19,,1.0,68550.0
11296,2,7,1,Days,2016-05-11,,1.0,45800.0
11297,2,7,1,B,2013-07-28,,1.0,39150.0
11298,2,7,2,B,2007-02-21,,1.0,50750.0
11299,2,7,2,Days,2014-07-13,,1.0,40800.0
11300,2,11,14,Days,2017-02-17,,0.8,127550.0
11301,2,9,9,Days,2008-11-11,,1.0,80150.0
11302,2,7,1,B,2006-09-15,2023-11-30,1.0,36750.0
11303,2,8,6,A,2013-02-22,,1.0,65600.0
11304,2,9,8,Days,2006-03-04,,1.0,59750.0
11305,2,9,8,Days,2020-02-25,,1.0,60400.0
11306,2,12,17,Days,2009-12-06,,1.0,145050.0
11307,2,7,3,B,2009-04-25,,0.8,65300.0
11308,2,7,1,A,2006-10-05,2025-10-31,1.0,39800.0
11309,2,12,15,Days,2009-01-12,,1.0,89200.0
11310,2,7,1,C,2012-03-10,,1.0,39950.0
11311,2,7,1,A,2009-06-09,2025-06-30,1.0,36700.0
11312,2,12,15,Days,2015-10-06,,1.0,87100.0
11313,2,10,10,Days,2015-08-05,2025-12-31,1.0,40150.0
11314,2,7,1,Days,2007-07-22,,1.0,43500.0
11315,2,7,1,C,2012-03-16,,1.0,44550.0
11316,2,7,3,C,2013-02-27,2024-05-31,0.9,59250.0
11317,2,8,6,A,2017-07-25,,1.0,57400.0
11318,2,9,8,Days,2019-10-03,2024-03-31,1.0,61350.0
11319,2,7,1,C,2022-03-23,2025-05-31,1.0,49100.0
11320,2,12,16,Days,2013-04-18,,1.0,96000.0
11321,2,8,7,B,2020-12-09,,1.0,94700.0
11322,2,7,2,B,2005-12-25,2025-06-30,1.0,51850.0
11323,2,9,9,A,2008-08-15,,1.0,90100.0
11324,2,11,13,Days,2009-06-26,2026-02-28,1.0,59250.0
11325,2,7,2,A,2011-12-28,,1.0,55050.0
11326,2,7,2,Days,2007-09-07,,1.0,45800.0
11327,2,8,5,A,2006-02-14,,1.0,41150.0
11328,2,7,2,B,2005-05-11,,1.0,45450.0
11329,2,8,6,A,2006-05-30,2023-10-31,1.0,62750.0
11330,2,7,3,B,2007-12-17,,1.0,63050.0
11331,2,12,15,Days,2007-02-16,,1.0,84050.0
11332,2,10,10,Days,2017-02-24,,1.0,44200.0
11333,2,7,1,C,2005-07-30,2023-11-30,1.0,44000.0
11334,2,10,11,Days,2015-04-25,,1.0,94700.0
11335,2,9,8,Days,2006-07-04,2026-07-31,1.0,59250.0
11336,2,8,6,A,2011-08-26,,1.0,66500.0
11337,2,10,11,A,2022-08-15,,1.0,92100.0
11338,2,9,9,A,2005-02-21,2025-06-30,1.0,89900.0
11339,2,7,1,C,2012-05-22,,0.8,45250.0
11340,2,9,8,Days,2013-03-17,2025-03-31,1.0,51000.0
11341,2,7,2,C,2011-12-20,2024-06-30,1.0,51350.0
11342,2,11,13,Days,2014-12-08,,1.0,62800.0
11343,2,9,8,Days,2009-02-10,,1.0,72000.0
11344,2,11,12,Days,2021-12-29,,1.0,70750.0
11345,2,7,2,B,2012-02-28,,1.0,51550.0
11346,2,12,17,Days,2005-10-11,2026-01-31,1.0,147850.0
11347,2,10,10,Days,2014-09-02,,1.0,38600.0
11348,2,8,6,A,2018-03-05,2023-09-30,1.0,57750.0
11349,2,8,5,B,2006-06-06,2024-02-29,1.0,38750.0
11350,2,7,2,A,2007-11-26,2024-01-31,1.0,45550.0
11351,2,10,11,Days,2017-05-22,,1.0,94050.0
11352,2,8,5,A,2006-03-01,2024-04-30,1.0,42450.0
11353,2,10,11,Days,2019-03-11,2026-02-28,0.9,94050.0
11354,2,9,9,Days,2013-03-26,,1.0,80300.0
11355,2,9,9,A,2010-06-07,2025-06-30,1.0,92300.0
11356,2,7,3,C,2008-01-23,,1.0,69550.0
11357,2,7,3,B,2006-09-07,2024-11-30,1.0,74250.0
11358,2,11,12,Days,2005-03-22,,1.0,74700.0
11359,2,10,11,Days,2011-01-12,,1.0,84950.0
11360,2,7,3,B,2005-08-22,,1.0,66550.0
11361,2,9,9,A,2017-09-23,,1.0,84950.0
11362,2,12,17,Days,2018-04-15,2025-02-28,1.0,136300.0
11363,2,11,13,Days,2011-05-25,,0.8,53650.0
11364,2,7,3,C,2008-02-29,,1.0,76850.0
11365,2,11,13,Days,2016-12-18,,0.8,53150.0
11366,2,12,15,Days,2010-08-18,,0.8,82550.0
11367,2,10,10,Days,2013-01-01,2024-06-30,1.0,47400.0
11368,2,8,6,B,2018-02-05,2025-04-30,1.0,71200.0
11369,2,11,13,Days,2008-06-15,,1.0,56700.0
11370,2,7,2,C,2016-02-17,2025-02-28,1.0,45000.0
11371,2,10,11,A,2010-03-28,,1.0,100450.0
11372,2,11,12,A,2005-11-01,,1.0,70150.0
11373,2,7,2,B,2005-03-20,,0.9,45250.0
11374,2,7,1,C,2015-09-03,,0.9,39550.0
11375,2,9,9,Days,2013-04-05,2024-08-31,1.0,92500.0
11376,2,9,9,Days,2015-01-06,,1.0,76500.0
11377,2,7,2,B,2011-06-25,2025-06-30,1.0,43500.0
11378,2,7,3,A,2008-01-01,,1.0,64850.0
11379,2,9,8,Days,2012-04-29,,1.0,67200.0
11380,2,7,1,B,2007-03-03,,1.0,38750.0
11381,2,11,13,Days,2011-06-29,,1.0,58600.0
11382,2,10,11,Days,2005-05-19,2023-09-30,1.0,89300.0
11383,2,7,3,A,2010-07-14,,1.0,68900.0
11384,2,8,5,Days,2006-09-15,,1.0,41850.0
11385,2,7,1,Days,2010-09-05,,1.0,39450.0
11386,2,8,6,B,2007-07-15,,1.0,73400.0
11387,2,9,9,Days,2010-12-28,,1.0,90800.0
11388,2,11,12,Days,2015-09-30,,1.0,74550.0
11389,2,12,15,Days,2009-11-15,,1.0,92850.0
11390,2,7,3,B,2013-02-25,,1.0,66500.0
11391,2,7,2,B,2012-06-15,,1.0,46650.0
11392,2,9,8,Days,2016-08-31,,1.0,51000.0
11393,2,9,8,A,2012-07-18,2023-11-30,1.0,66450.0
11394,2,7,1,B,2018-04-04,2024-06-30,1.0,42750.0
11395,2,9,8,Days,2013-06-20,2024-07-31,1.0,60100.0
11396,2,7,1,A,2005-05-07,2025-12-31,0.9,42450.0
11397,2,7,1,C,2008-03-20,2025-07-31,1.0,36850.0
11398,2,11,13,Days,2010-07-30,,1.0,56700.0
11399,2,12,15,Days,2013-01-10,2024-05-31,0.9,85000.0
11400,2,11,12,Days,2011-08-31,,1.0,70450.0
11401,2,7,1,C,2018-03-19,,1.0,40600.0
11402,2,9,8,Days,2015-07-06,,1.0,51000.0
11403,2,12,16,Days,2007-05-06,,1.0,121200.0
11404,2,11,13,Days,2014-06-19,2025-06-30,1.0,54550.0
11405,2,7,1,C,2019-03-14,,0.9,42600.0
11406,2,10,10,Days,2010-07-17,,0.9,46050.0
11407,2,8,6,B,2011-03-12,,1.0,72400.0
11408,2,9,8,A,2012-10-08,2026-08-31,1.0,59850.0
11409,2,10,11,Days,2008-07-17,,1.0,106200.0
11410,2,12,16,Days,2010-11-29,2025-09-30,0.9,100250.0
11411,2,9,8,Days,2006-05-07,,1.0,63050.0
11412,2,12,15,Days,2012-06-30,,1.0,87300.0
11413,2,12,16,Days,2015-07-02,,1.0,102850.0
11414,2,7,2,A,2008-02-04,2026-02-28,1.0,51050.0
11415,2,12,16,Days,2009-04-28,,1.0,97800.0
11416,2,7,1,B,2009-09-10,,1.0,39400.0
11417,2,12,15,Days,2016-10-21,,1.0,102850.0
11418,2,7,1,A,2018-04-11,2023-12-31,1.0,44050.0
11419,2,7,1,B,2012-12-06,,1.0,42600.0
11420,2,8,5,B,2006-11-07,,1.0,38600.0
11421,2,7,1,A,2006-06-25,,1.0,37650.0
11422,2,12,15,Days,2017-05-22,,1.0,102700.0
11423,2,7,2,C,2012-07-09,2025-12-31,1.0,45050.0
11424,2,12,17,Days,2011-04-18,,1.0,159200.0
11425,2,7,1,A,2018-09-13,,1.0,42250.0
11426,2,9,9,Days,2013-10-26,,1.0,84750.0
11427,2,7,3,A,2011-07-13,2025-05-31,1.0,63900.0
11428,2,10,11,Days,2006-07-22,,1.0,92600.0
11429,2,7,3,C,2008-06-29,,1.0,75150.0
11430,2,8,5,A,2009-06-09,,1.0,49100.0
11431,2,12,15,Days,2005-10-19,2025-03-31,1.0,102400.0
11432,2,7,1,B,2009-06-14,,1.0,43100.0
11433,2,8,5,A,2009-04-24,,1.0,38050.0
11434,2,7,1,A,2020-08-06,,1.0,44800.0
11435,2,7,3,A,2011-09-27,,1.0,72900.0
11436,2,7,1,B,2019-01-02,,1.0,41000.0
11437,2,7,1,C,2008-01-20,2025-04-30,1.0,38650.0
11438,2,7,3,A,2013-02-12,2023-09-30,1.0,73700.0
11439,2,7,3,B,2010-02-01,2024-12-31,1.0,64500.0
11440,2,7,1,C,2010-08-25,2023-11-30,0.8,35700.0
11441,2,7,1,A,2008-04-24,2024-02-29,1.0,41900.0
11442,2,11,14,Days,2006-01-21,,1.0,157100.0
11443,2,10,10,Days,2006-01-03,2026-02-28,0.9,44250.0
11444,2,8,5,A,2008-08-14,,1.0,40000.0
11445,2,10,11,Days,2008-08-28,,1.0,106600.0
11446,2,7,1,C,2007-12-08,,1.0,35700.0
11447,2,7,1,A,2016-11-07,,1.0,46300.0
11448,2,8,5,A,2008-06-23,2026-03-31,1.0,36100.0
11449,2,9,8,Days,2010-07-27,,1.0,62650.0
11450,2,12,15,Days,2005-10-26,,1.0,96050.0
11451,2,7,1,A,2007-01-16,2025-07-31,1.0,39450.0
11452,2,7,1,C,2008-07-04,2025-08-31,1.0,40000.0
11453,2,9,8,A,2014-02-13,,1.0,62400.0
11454,2,7,1,Days,2005-04-25,2026-04-30,1.0,50550.0
11455,2,10,11,Days,2018-09-27,,1.0,100250.0
11456,2,8,5,A,2007-02-14,,1.0,36700.0
11457,2,11,12,Days,2007-11-28,,1.0,63600.0
11458,2,7,1,C,2016-11-27,2024-12-31,1.0,47300.0
11459,2,8,6,A,2008-03-14,,1.0,64200.0
11460,2,9,8,Days,2019-11-01,,1.0,64300.0
11461,2,12,16,Days,2018-11-29,,1.0,98500.0
11462,2,7,3,B,2007-01-02,,1.0,64800.0
11463,2,7,1,B,2019-05-24,,1.0,50250.0
11464,2,7,1,C,2008-02-13,,1.0,40250.0
11465,2,8,5,A,2010-06-02,,1.0,40600.0
11466,2,9,8,A,2009-07-13,2023-12-31,1.0,61350.0
11467,2,7,3,A,2011-02-25,,1.0,73700.0
11468,2,7,1,C,2009-02-27,,1.0,42550.0
11469,2,12,15,Days,2007-01-18,,1.0,110250.0
11470,2,7,1,Days,2009-09-09,,1.0,47000.0
11471,2,12,15,Days,2009-11-03,2023-12-31,1.0,93150.0
11472,2,9,9,Days,2014-07-13,2024-01-31,1.0,86300.0
11473,2,12,17,Days,2009-01-27,,1.0,142650.0
11474,2,12,16,Days,2017-08-30,2025-04-30,1.0,105250.0
11475,2,10,10,Days,2007-07-03,,1.0,47800.0
11476,2,7,1,B,2005-01-20,,1.0,41300.0
11477,2,8,5,C,2008-08-30,,1.0,41500.0
11478,2,7,1,B,2012-07-23,2025-02-28,1.0,37350.0
11479,2,11,13,Days,2013-02-08,2025-06-30,1.0,55300.0
11480,2,9,8,A,2015-10-14,,1.0,52500.0
11481,2,8,7,A,2005-06-22,,1.0,100600.0
11482,2,11,12,Days,2014-08-27,,0.8,62600.0
11483,2,12,16,Days,2015-08-23,2024-06-30,1.0,117750.0
11484,2,7,3,B,2021-06-27,2024-04-30,1.0,66000.0
11485,2,9,9,A,2019-09-11,,1.0,88050.0
11486,2,7,3,A,2010-05-01,,1.0,69650.0
11487,2,10,11,Days,2007-12-20,,1.0,86250.0
11488,2,9,8,A,2014-10-19,2025-03-31,1.0,67150.0
11489,2,10,10,Days,2011-04-10,,1.0,48250.0
11490,2,11,13,Days,2005-11-29,2025-01-31,1.0,53850.0
11491,2,7,1,Days,2005-04-19,,1.0,43100.0
11492,2,7,2,B,2016-11-10,,1.0,53200.0
11493,2,11,12,Days,2011-10-17,,1.0,77300.0
11494,2,9,8,Days,2016-08-14,,1.0,67450.0
11495,2,11,12,Days,2021-05-29,,1.0,64050.0
11496,2,7,2,A,2010-07-29,,1.0,44300.0
11497,2,12,16,Days,2010-05-23,,1.0,97050.0
11498,2,7,1,B,2013-07-28,,1.0,49400.0
11499,2,10,11,Days,2008-04-01,2025-07-31,1.0,82800.0
11500,2,7,1,B,2007-03-27,,1.0,45050.0
11501,2,8,5,A,2006-09-13,2025-04-30,1.0,41050.0
11502,2,10,11,Days,2006-04-26,,1.0,90850.0
11503,2,7,1,C,2005-05-28,2026-06-30,1.0,44800.0
11504,2,10,10,Days,2013-11-14,,1.0,43600.0
11505,2,12,15,Days,2007-08-23,,1.0,98900.0
11506,2,9,9,Days,2011-05-11,2024-07-31,1.0,91900.0
11507,2,8,6,A,2005-05-06,,1.0,57500.0
11508,2,7,1,A,2014-12-03,,1.0,49200.0
11509,2,10,10,Days,2015-05-05,2023-12-31,1.0,43850.0
11510,2,7,1,C,2010-05-03,,1.0,40500.0
11511,2,11,12,Days,2005-12-08,,1.0,77300.0
11512,2,9,8,A,2011-03-27,,1.0,58600.0
11513,2,9,9,Days,2009-04-24,2024-09-30,1.0,104100.0
11514,2,7,1,A,2017-06-09,2025-12-31,1.0,42350.0
11515,2,8,5,B,2019-02-06,2024-08-31,1.0,38700.0
11516,2,10,11,Days,2005-12-07,,1.0,93700.0
11517,2,7,4,B,2014-04-02,,1.0,129200.0
11518,2,7,1,B,2017-06-30,,1.0,42400.0
11519,2,7,1,Days,2009-11-21,,1.0,38550.0
11520,2,7,3,C,2006-07-05,2024-10-31,1.0,70600.0
11521,2,9,8,Days,2019-05-24,,1.0,57700.0
11522,2,8,5,C,2008-12-21,2024-09-30,1.0,34000.0
11523,2,12,16,Days,2013-10-27,2025-06-30,1.0,96650.0
11524,2,9,9,Days,2017-05-18,2023-09-30,1.0,94000.0
11525,2,8,6,B,2022-06-02,,1.0,58600.0
11526,2,7,3,C,2005-02-23,2026-02-28,1.0,61450.0
11527,2,7,1,A,2017-08-14,2024-01-31,1.0,48750.0
11528,2,8,5,B,2011-01-07,,1.0,45550.0
11529,2,7,3,A,2012-01-31,2024-06-30,1.0,73650.0
11530,2,8,5,B,2017-04-03,2024-11-30,0.9,39550.0
11531,2,12,15,Days,2010-03-23,2025-01-31,1.0,102150.0
11532,2,11,13,Days,2008-08-02,2025-03-31,1.0,54700.0
11533,2,7,1,C,2010-09-15,,1.0,43600.0
11534,2,7,1,B,2009-12-21,2024-03-31,1.0,45150.0
11535,2,9,8,Days,2012-04-07,2025-06-30,0.9,69800.0
11536,2,11,13,Days,2018-10-23,,1.0,49300.0
11537,2,8,7,A,2007-12-03,,1.0,90350.0
11538,2,7,1,B,2012-07-12,2025-09-30,1.0,41600.0
11539,2,7,1,Days,2011-10-10,2025-12-31,1.0,36700.0
11540,2,9,8,Days,2008-01-20,,1.0,64650.0
11541,2,7,1,C,2006-05-17,2023-09-30,1.0,39850.0
11542,2,12,15,Days,2012-08-16,2025-09-30,1.0,97900.0
11543,2,11,13,Days,2007-01-31,2025-01-31,0.9,61450.0
11544,2,12,16,Days,2016-08-31,2024-04-30,1.0,104700.0
11545,2,8,6,Days,2018-02-24,,1.0,66950.0
11546,2,8,6,B,2018-12-05,2026-05-31,1.0,58600.0
11547,2,10,11,Days,2006-10-22,,1.0,97750.0
11548,2,7,2,B,2012-04-07,2024-10-31,1.0,47200.0
11549,2,9,8,Days,2005-11-23,,1.0,63600.0
11550,2,9,8,A,2013-07-19,2024-07-31,1.0,63850.0
11551,2,8,6,C,2015-08-03,,1.0,59850.0
11552,2,12,16,Days,2009-07-13,,1.0,99350.0
11553,2,8,5,A,2009-12-16,,1.0,43100.0
11554,2,7,1,B,2006-11-11,,1.0,44150.0
11555,2,7,1,C,2005-06-15,,1.0,39150.0
11556,2,11,12,Days,2016-12-11,,1.0,83600.0
11557,2,9,9,A,2021-04-02,,1.0,83150.0
11558,2,7,3,A,2008-01-18,,1.0,63500.0
11559,2,7,1,C,2011-02-24,2025-09-30,1.0,42600.0
11560,2,7,3,A,2008-03-22,2024-05-31,1.0,72750.0
11561,2,12,16,Days,2013-09-16,,1.0,94950.0
11562,2,8,5,C,2016-08-28,,1.0,40100.0
11563,2,7,2,C,2012-12-21,,1.0,50600.0
11564,2,8,5,C,2006-05-03,,1.0,34000.0
11565,2,9,8,Days,2009-10-21,,1.0,58800.0
11566,2,7,1,B,2021-02-24,2024-02-29,1.0,41100.0
11567,2,11,14,Days,2009-04-18,,1.0,139050.0
11568,2,10,10,Days,2013-07-21,,1.0,47850.0
11569,2,10,10,Days,2018-04-26,2024-09-30,1.0,38750.0
11570,2,12,15,Days,2010-06-08,,1.0,97900.0
11571,2,7,2,C,2014-12-17,,1.0,55250.0
11572,2,8,5,A,2007-11-13,2024-05-31,1.0,43050.0
11573,2,11,14,Days,2011-05-05,,1.0,139550.0
11574,2,8,5,B,2010-03-25,2025-08-31,1.0,42500.0
11575,2,12,15,Days,2005-12-31,,1.0,108500.0
11576,2,7,1,A,2009-04-19,,1.0,37400.0
11577,2,10,11,Days,2015-01-09,,1.0,89050.0
11578,2,8,5,C,2008-08-15,,0.9,44050.0
11579,2,7,2,A,2013-04-14,,1.0,49800.0
11580,2,7,1,A,2008-09-26,,1.0,42100.0
11581,2,12,17,A,2013-05-14,2025-05-31,0.9,147950.0
11582,2,10,11,Days,2018-08-15,,1.0,88750.0
11583,2,9,8,Days,2007-03-05,2026-05-31,1.0,57600.0
11584,2,11,13,Days,2007-11-27,,1.0,58600.0
11585,2,8,5,B,2018-04-25,,1.0,42800.0
11586,2,10,10,Days,2015-12-22,,1.0,44550.0
11587,2,8,6,C,2006-06-14,2025-08-31,1.0,73700.0
11588,2,7,1,C,2022-03-16,,1.0,46250.0
11589,2,7,2,B,2016-04-29,,1.0,48200.0
11590,2,8,5,Days,2017-07-15,2024-06-30,1.0,37250.0
11591,2,7,3,B,2005-04-11,2025-08-31,1.0,69650.0
11592,2,7,3,B,2014-06-06,,1.0,72050.0
11593,2,11,12,Days,2008-01-03,,1.0,80350.0
11594,2,8,7,A,2015-03-13,2025-07-31,1.0,93950.0
11595,2,7,1,A,2011-04-16,,1.0,45950.0
11596,2,10,10,Days,2012-07-01,2024-08-31,1.0,48000.0
11597,2,8,5,C,2011-06-01,,1.0,42200.0
11598,2,7,1,A,2021-01-25,2026-05-31,1.0,41400.0
11599,2,7,2,B,2009-08-18,,1.0,47200.0
11600,2,7,3,B,2016-05-21,,1.0,57800.0
11601,2,8,5,B,2008-02-23,2024-04-30,1.0,37300.0
11602,2,12,15,Days,2015-09-19,,1.0,95950.0
11603,2,12,15,Days,2017-10-29,,1.0,97600.0
11604,2,7,3,B,2008-11-05,,0.9,71800.0
11605,2,8,5,A,2011-06-30,2024-04-30,1.0,34000.0
11606,2,11,12,Days,2010-12-14,,1.0,64800.0
11607,2,7,1,C,2008-02-12,2024-02-29,0.8,41800.0
11608,2,7,1,C,2022-03-06,2024-12-31,1.0,45900.0
11609,2,10,11,Days,2006-08-22,,1.0,88300.0
11610,2,7,3,B,2005-03-27,,1.0,59900.0
11611,2,8,6,Days,2015-08-09,2024-06-30,1.0,61900.0
11612,2,12,17,Days,2009-05-19,,1.0,134550.0
11613,2,12,17,Days,2012-01-31,,1.0,131750.0
11614,2,8,7,A,2012-07-31,,1.0,78200.0
11615,2,8,5,B,2013-10-19,2025-04-30,1.0,45550.0
11616,2,7,1,C,2005-05-04,,1.0,40800.0
11617,2,7,2,C,2005-05-15,,1.0,46350.0
11618,2,7,1,B,2020-11-07,2026-02-28,1.0,47850.0
11619,2,7,2,A,2012-05-18,2024-09-30,1.0,46150.0
11620,2,11,13,Days,2009-01-10,,1.0,61050.0
11621,2,7,1,B,2005-01-15,2026-04-30,1.0,42750.0
11622,2,7,2,B,2007-03-08,2025-01-31,0.9,52250.0
11623,2,7,1,A,2015-04-12,2026-03-31,1.0,40700.0
11624,2,8,5,A,2008-10-16,2024-03-31,1.0,37450.0
11625,2,7,2,B,2019-05-02,,1.0,42400.0
11626,2,8,5,A,2017-11-27,,0.9,44600.0
11627,2,10,10,Days,2011-10-17,,1.0,49550.0
11628,2,12,16,Days,2012-07-10,,1.0,106850.0
11629,2,7,1,B,2011-02-21,,1.0,40500.0
11630,2,8,5,C,2012-10-23,,1.0,45150.0
11631,2,8,5,C,2020-05-07,2024-03-31,1.0,39250.0
11632,2,7,1,A,2011-08-06,,1.0,43300.0
11633,2,9,8,Days,2008-01-29,,1.0,59650.0
11634,2,7,3,A,2008-11-22,,1.0,61650.0
11635,2,12,16,Days,2022-09-07,,1.0,116450.0
11636,2,7,1,B,2019-01-02,,1.0,42000.0
11637,2,8,5,B,2020-04-20,,0.8,42650.0
11638,2,8,6,C,2007-01-23,,1.0,53400.0
11639,2,8,5,C,2009-05-31,2024-08-31,1.0,42500.0
11640,2,8,5,C,2011-09-04,,0.9,44650.0
11641,2,8,5,C,2008-12-30,2025-06-30,1.0,37100.0
11642,2,7,2,A,2011-12-19,,1.0,50000.0
11643,2,9,8,Days,2006-03-19,,1.0,65250.0
11644,2,10,11,Days,2014-12-25,2024-06-30,1.0,91050.0
11645,2,8,6,B,2013-09-14,2024-01-31,1.0,59450.0
11646,2,10,11,Days,2013-11-13,,1.0,87250.0
11647,2,10,10,Days,2014-07-04,,1.0,42100.0
11648,2,9,9,Days,2010-03-27,,1.0,95700.0
11649,2,7,3,B,2014-02-17,,1.0,66650.0
11650,2,11,12,Days,2017-05-31,2025-05-31,0.9,73000.0
11651,2,8,7,C,2007-10-27,2024-07-31,1.0,93350.0
11652,2,7,3,B,2006-03-22,,1.0,79650.0
11653,2,9,9,Days,2018-07-10,,1.0,79200.0
11654,2,12,16,Days,2014-03-08,,0.8,95000.0
11655,2,8,5,B,2016-07-06,,1.0,40550.0
11656,2,11,12,Days,2007-03-22,,1.0,75250.0
11657,2,9,9,A,2016-06-07,,1.0,82400.0
11658,2,7,2,Days,2016-10-28,,1.0,50650.0
11659,2,8,5,B,2006-12-07,2025-05-31,1.0,37000.0
11660,2,7,1,B,2019-11-28,,1.0,39100.0
11661,2,7,1,A,2007-07-17,2023-12-31,1.0,39600.0
11662,2,7,3,A,2005-08-31,2023-12-31,1.0,65100.0
11663,2,7,3,A,2006-06-20,,1.0,75600.0
11664,2,8,5,C,2012-11-14,,1.0,34100.0
11665,2,8,5,A,2005-12-07,,1.0,39800.0
11666,2,10,10,Days,2017-11-21,,0.9,48250.0
11667,2,9,8,Days,2006-05-22,2025-05-31,0.9,66150.0
11668,2,10,11,Days,2021-01-30,2025-06-30,1.0,86450.0
11669,2,9,8,A,2019-06-26,,1.0,61250.0
11670,2,8,5,A,2009-03-23,,1.0,40200.0
11671,2,12,15,Days,2021-09-24,2025-01-31,1.0,80750.0
11672,2,9,8,Days,2008-02-04,,1.0,57950.0
11673,2,9,8,Days,2012-05-21,,1.0,70900.0
11674,2,7,1,A,2016-08-23,,1.0,36250.0
11675,2,8,6,C,2015-12-12,2025-12-31,1.0,52700.0
11676,2,7,3,A,2008-04-28,2023-10-31,1.0,61100.0
11677,2,7,1,B,2020-09-28,,1.0,40800.0
11678,2,8,5,A,2018-04-25,2024-10-31,1.0,44200.0
11679,2,8,5,Days,2008-02-17,,1.0,38250.0
11680,2,10,11,Days,2014-09-10,,1.0,79050.0
11681,2,9,8,A,2011-04-09,,1.0,57200.0
11682,2,7,4,A,2017-12-10,,1.0,131800.0
11683,2,7,3,A,2013-04-23,,0.8,65500.0
11684,2,8,5,A,2018-07-12,,1.0,35600.0
11685,2,8,5,A,2006-12-30,2025-04-30,1.0,34000.0
11686,2,8,5,A,2020-09-18,,1.0,40200.0
11687,2,7,1,B,2014-06-19,,1.0,36500.0
11688,2,12,16,Days,2006-01-18,,1.0,93800.0
11689,2,7,1,B,2006-12-21,,1.0,41900.0
11690,2,7,2,C,2013-01-18,,1.0,46700.0
11691,2,12,16,Days,2011-11-13,2025-06-30,1.0,109300.0
11692,2,10,10,Days,2005-11-06,,1.0,48000.0
11693,2,12,15,Days,2019-05-03,,1.0,86700.0
11694,2,7,3,C,2009-02-08,,1.0,72650.0
11695,2,7,1,A,2010-05-04,,1.0,38500.0
11696,2,8,5,C,2005-05-18,,1.0,40800.0
11697,2,7,1,B,2005-09-08,,1.0,43950.0
11698,2,10,11,Days,2014-12-30,2025-09-30,1.0,94850.0
11699,2,7,1,A,2009-08-29,,1.0,39350.0
11700,2,8,6,A,2020-10-24,2025-01-31,1.0,53000.0
11701,2,7,2,C,2015-05-08,,1.0,46950.0
11702,2,7,1,B,2019-07-31,,1.0,37550.0
11703,2,7,3,B,2013-04-29,2025-01-31,1.0,70150.0
11704,2,7,1,B,2007-06-21,,1.0,40700.0
11705,2,8,6,A,2005-04-17,2024-03-31,1.0,71900.0
11706,2,7,3,B,2009-10-12,2024-08-31,1.0,62900.0
11707,2,8,5,A,2010-02-27,,1.0,45050.0
11708,2,8,5,A,2005-01-07,2026-03-31,0.9,41050.0
11709,2,7,2,B,2011-04-09,,1.0,47200.0
11710,2,8,5,B,2020-06-14,,1.0,34000.0
11711,2,7,1,A,2006-11-21,,1.0,42350.0
11712,2,8,5,A,2007-12-19,,1.0,37000.0
11713,2,12,15,Days,2013-06-26,2024-04-30,1.0,89100.0
11714,2,8,5,C,2012-07-22,2023-11-30,1.0,36400.0
11715,2,8,5,B,2007-08-13,2025-05-31,1.0,39850.0
11716,2,7,1,Days,2019-06-16,2025-10-31,1.0,44750.0
11717,2,9,9,A,2007-08-30,,1.0,94100.0
11718,2,8,6,A,2005-10-14,2024-11-30,1.0,64650.0
11719,2,8,7,A,2008-09-15,2024-10-31,1.0,105900.0
11720,2,7,2,C,2012-10-27,2024-09-30,1.0,43950.0
11721,2,12,16,Days,2006-02-25,2025-01-31,0.8,118200.0
11722,2,7,1,B,2012-02-02,2025-01-31,1.0,43550.0
11723,2,7,1,A,2011-08-30,,1.0,48850.0
11724,2,7,2,B,2006-03-09,,1.0,43450.0
11725,2,7,1,B,2012-04-01,,0.9,44300.0
11726,2,7,3,B,2010-05-26,2025-05-31,1.0,70600.0
11727,2,8,5,A,2014-02-25,,1.0,42050.0
11728,2,12,16,Days,2016-04-13,2025-03-31,1.0,92400.0
11729,2,7,1,A,2014-11-02,2024-10-31,1.0,44100.0
11730,2,12,16,Days,2005-02-13,2024-03-31,1.0,100450.0
11731,2,7,3,C,2016-05-13,2024-05-31,1.0,79300.0
11732,2,8,5,C,2007-05-04,,1.0,35350.0
11733,2,7,2,C,2005-08-26,,1.0,49550.0
11734,2,7,3,B,2008-06-30,,1.0,64050.0
11735,2,7,4,C,2006-07-21,2026-01-31,1.0,135300.0
11736,2,10,10,Days,2008-03-24,,1.0,46150.0
11737,2,9,9,Days,2011-02-18,2025-02-28,1.0,96850.0
11738,2,12,15,Days,2007-05-25,2024-12-31,1.0,91300.0
11739,2,11,13,Days,2021-01-26,,1.0,50100.0
11740,2,9,8,A,2015-03-15,,1.0,68050.0
11741,3,13,3,Days,2016-07-15,,1.0,37400.0
11742,3,13,1,A,2010-06-28,2024-02-29,1.0,22950.0
11743,3,13,2,B,2013-03-06,,1.0,25650.0
11744,3,13,1,B,2015-11-07,,1.0,22150.0
11745,3,13,1,A,2013-07-25,,1.0,25350.0
11746,3,13,1,C,2005-05-04,,1.0,21000.0
11747,3,14,5,C,2014-03-22,2025-02-28,1.0,22300.0
11748,3,16,10,Days,2011-06-25,,1.0,22500.0
11749,3,14,6,A,2006-04-03,2024-04-30,1.0,33950.0
11750,3,13,1,Days,2012-03-12,,1.0,24700.0
11751,3,15,9,Days,2013-11-09,2024-01-31,1.0,47350.0
11752,3,13,3,B,2009-07-24,2024-05-31,1.0,36600.0
11753,3,14,6,C,2021-10-24,2024-07-31,1.0,32400.0
11754,3,15,9,Days,2010-07-23,,1.0,42100.0
11755,3,13,1,C,2017-06-19,2024-02-29,1.0,24400.0
11756,3,13,2,Days,2016-03-07,,1.0,22450.0
11757,3,13,1,B,2005-09-01,2024-01-31,1.0,23950.0
11758,3,13,1,A,2007-08-31,2026-03-31,1.0,24400.0
11759,3,15,8,Days,2009-02-28,,1.0,33900.0
11760,3,15,8,Days,2007-10-16,2023-10-31,1.0,33550.0
11761,3,14,6,C,2017-08-02,,1.0,32250.0
11762,3,13,1,A,2011-02-21,2024-10-31,1.0,22100.0
11763,3,13,1,A,2009-02-24,,1.0,25400.0
11764,3,14,5,A,2006-01-17,,1.0,21550.0
11765,3,14,5,B,2012-12-17,,1.0,22800.0
11766,3,13,1,B,2015-11-06,2025-08-31,1.0,28050.0
11767,3,13,4,A,2007-03-17,,1.0,80550.0
11768,3,13,2,B,2017-11-03,,1.0,24550.0
11769,3,14,6,A,2015-11-03,2025-08-31,1.0,33300.0
11770,3,13,1,A,2010-05-20,2025-05-31,1.0,24000.0
11771,3,15,8,Days,2007-05-23,,1.0,31200.0
11772,3,14,7,A,2006-08-15,,1.0,56300.0
11773,3,14,6,A,2013-04-03,,1.0,35550.0
11774,3,18,15,Days,2020-12-05,,1.0,56150.0
11775,3,14,5,B,2007-12-16,,1.0,20650.0
11776,3,18,16,Days,2008-11-17,,1.0,59250.0
11777,3,14,5,A,2017-11-01,,1.0,21550.0
11778,3,13,3,Days,2011-11-16,2025-07-31,1.0,33850.0
11779,3,16,10,Days,2017-12-26,,1.0,23750.0
11780,3,13,1,A,2005-04-03,,1.0,23650.0
11781,3,14,5,B,2014-01-04,2024-06-30,1.0,20650.0
11782,3,13,3,A,2009-07-06,2023-11-30,1.0,40500.0
11783,3,17,12,Days,2010-02-12,,1.0,39500.0
11784,3,14,5,C,2019-07-31,2025-09-30,1.0,24200.0
11785,3,13,3,B,2018-11-07,2024-10-31,1.0,34900.0
11786,3,14,6,C,2014-12-23,2024-04-30,1.0,38200.0
11787,3,14,6,Days,2017-03-17,2025-06-30,1.0,34600.0
11788,3,13,1,C,2006-06-07,,1.0,22100.0
11789,3,14,6,A,2012-03-25,2025-03-31,1.0,36700.0
11790,3,13,1,A,2013-02-03,,1.0,24700.0
11791,3,14,6,Days,2006-05-01,2026-02-28,0.9,36250.0
11792,3,16,10,Days,2010-06-14,2023-10-31,1.0,22050.0
11793,3,14,5,A,2012-04-19,2024-08-31,1.0,19450.0
11794,3,15,8,A,2016-03-21,,0.9,33850.0
11795,3,13,2,A,2016-12-18,2025-05-31,1.0,26200.0
11796,3,13,1,A,2019-01-31,,0.9,23050.0
11797,3,14,5,B,2021-02-28,2024-05-31,1.0,21550.0
11798,3,14,6,C,2005-04-27,2026-04-30,0.9,32150.0
11799,3,18,16,Days,2009-06-19,,1.0,57800.0
11800,3,13,3,A,2021-05-16,2026-07-31,1.0,31950.0
11801,3,17,12,Days,2018-01-29,,1.0,38850.0
11802,3,13,4,A,2010-09-07,,1.0,74250.0
11803,3,13,3,A,2006-11-16,,1.0,40700.0
11804,3,18,17,Days,2011-01-30,2025-02-28,1.0,73450.0
11805,3,14,6,B,2019-12-25,,1.0,36650.0
11806,3,13,1,A,2016-07-15,2023-09-30,1.0,24100.0
11807,3,16,10,Days,2022-12-28,,1.0,21950.0
11808,3,14,5,A,2011-11-16,,1.0,20850.0
11809,3,13,3,C,2010-01-09,2024-09-30,1.0,38000.0
11810,3,13,1,C,2008-04-07,,1.0,24850.0
11811,3,17,13,Days,2016-09-12,,1.0,31450.0
11812,3,13,1,A,2014-04-13,2023-09-30,1.0,22000.0
11813,3,13,2,A,2014-08-26,2025-12-31,1.0,24700.0
11814,3,14,6,C,2012-01-29,2024-04-30,1.0,32900.0
11815,3,16,10,Days,2013-02-02,,1.0,22700.0
11816,3,16,11,Days,2016-05-08,2023-09-30,1.0,57300.0
11817,3,16,11,Days,2019-03-07,,1.0,53150.0
11818,3,14,5,B,2016-10-19,2026-05-31,1.0,22150.0
11819,3,13,1,C,2010-01-23,2024-10-31,1.0,23250.0
11820,3,13,2,A,2013-12-11,,1.0,26200.0
11821,3,13,1,A,2011-10-25,2025-05-31,1.0,20750.0
11822,3,13,3,A,2012-11-13,,1.0,38450.0
11823,3,13,1,Days,2008-11-08,,1.0,23450.0
11824,3,14,6,Days,2012-07-10,,1.0,29000.0
11825,3,13,3,C,2011-02-21,2023-12-31,0.9,39250.0
11826,3,18,15,Days,2007-12-02,2025-02-28,0.9,51250.0
11827,3,18,16,Days,2014-05-24,,1.0,57850.0
11828,3,13,1,A,2006-05-02,2024-05-31,1.0,23150.0
11829,3,13,1,C,2019-03-14,2024-03-31,1.0,21600.0
11830,3,13,2,C,2011-10-04,,1.0,28100.0
11831,3,14,6,C,2006-12-12,,1.0,37300.0
11832,3,13,3,C,2007-08-27,,1.0,41050.0
11833,3,13,1,B,2012-12-15,2024-01-31,1.0,22000.0
11834,3,14,5,B,2007-09-21,2024-11-30,1.0,21350.0
11835,3,14,6,B,2007-12-03,,1.0,34800.0
11836,3,13,2,B,2013-11-11,2023-10-31,1.0,27750.0
11837,3,13,1,Days,2007-01-25,,1.0,24550.0
11838,3,16,10,Days,2011-11-05,,1.0,27300.0
11839,3,17,12,Days,2007-04-14,,1.0,37000.0
11840,3,14,5,C,2005-06-12,2025-04-30,1.0,23300.0
11841,3,13,2,C,2009-06-10,2025-05-31,1.0,24750.0
11842,3,13,1,C,2010-10-24,,0.8,24600.0
11843,3,14,6,A,2013-02-15,,1.0,37450.0
11844,3,13,2,B,2007-03-03,2024-05-31,1.0,25250.0
11845,3,13,1,B,2018-05-03,,1.0,22550.0
11846,3,13,3,B,2014-08-18,2025-05-31,1.0,35300.0
11847,3,13,1,B,2021-12-11,,1.0,22800.0
11848,3,15,8,Days,2015-07-10,2024-03-31,1.0,33550.0
11849,3,14,5,Days,2012-05-13,,1.0,22100.0
11850,3,16,10,Days,2008-02-28,,1.0,28450.0
11851,3,13,4,B,2017-09-16,,1.0,64500.0
11852,3,13,2,B,2005-10-26,,1.0,30400.0
11853,3,18,16,Days,2015-05-13,2023-12-31,1.0,55650.0
11854,3,13,1,B,2015-04-14,2024-04-30,1.0,23450.0
11855,3,13,1,B,2007-05-04,,1.0,20250.0
11856,3,15,9,Days,2014-12-25,,1.0,52050.0
11857,3,14,5,A,2015-01-23,,1.0,22950.0
11858,3,14,5,A,2005-04-07,,1.0,23000.0
11859,3,13,1,C,2020-01-09,,1.0,20850.0
11860,3,13,3,A,2013-01-13,,1.0,35150.0
11861,3,13,1,C,2012-02-28,,1.0,22200.0
11862,3,13,3,Days,2021-03-20,2024-03-31,1.0,33150.0
11863,3,14,5,Days,2013-10-06,2026-04-30,1.0,21600.0
11864,3,14,6,A,2021-05-04,2025-10-31,1.0,36400.0
11865,3,13,1,Days,2005-01-16,2025-04-30,1.0,21750.0
11866,3,18,16,Days,2018-01-29,2024-10-31,1.0,57950.0
11867,3,13,2,A,2005-01-31,,1.0,27000.0
11868,3,13,3,B,2012-09-20,2025-03-31,1.0,32600.0
11869,3,13,1,C,2013-06-18,,0.9,23200.0
11870,3,14,6,B,2012-12-25,2024-07-31,1.0,31700.0
11871,3,16,11,Days,2012-01-30,2025-04-30,1.0,47550.0
11872,3,14,6,B,2017-02-11,2024-07-31,1.0,33600.0
11873,3,18,16,Days,2012-09-10,2025-02-28,1.0,49100.0
11874,3,14,7,A,2008-03-02,2023-12-31,1.0,43000.0
11875,3,14,5,B,2011-09-27,2023-12-31,1.0,23900.0
11876,3,14,6,A,2006-07-25,2023-10-31,1.0,31450.0
11877,3,17,14,Days,2017-01-18,,1.0,70900.0
11878,3,13,1,B,2011-11-26,,0.8,26900.0
11879,3,16,10,Days,2005-04-20,,1.0,22550.0
11880,3,13,3,A,2011-11-20,,1.0,43250.0
11881,3,14,7,C,2006-07-09,,1.0,47900.0
11882,3,15,9,Days,2018-05-08,2025-02-28,1.0,51050.0
11883,3,13,2,A,2011-08-10,,1.0,28000.0
11884,3,13,1,B,2008-05-13,2025-02-28,1.0,20250.0
11885,3,13,1,C,2017-09-22,,1.0,23950.0
11886,3,13,3,C,2013-11-09,,1.0,38600.0
11887,3,13,1,C,2009-05-03,2026-03-31,1.0,23150.0
11888,3,13,3,C,2012-02-26,,1.0,39700.0
11889,3,14,5,A,2007-10-20,2024-04-30,1.0,20850.0
11890,3,13,1,B,2005-08-14,2024-06-30,1.0,24350.0
11891,3,13,2,C,2014-08-26,,1.0,25850.0
11892,3,14,5,A,2021-05-30,2025-05-31,1.0,23650.0
11893,3,13,2,Days,2008-04-22,2024-08-31,1.0,25450.0
11894,3,13,3,A,2017-06-28,,1.0,36150.0
11895,3,17,12,Days,2011-07-17,,1.0,40050.0
11896,3,18,15,Days,2013-10-24,2024-01-31,1.0,51800.0
11897,3,15,8,Days,2007-06-16,,1.0,37900.0
11898,3,16,11,Days,2006-10-10,,1.0,46500.0
11899,3,13,1,A,2009-01-15,,1.0,25250.0
11900,3,14,6,Days,2008-01-20,2024-02-29,1.0,35500.0
11901,3,14,5,C,2015-07-14,,1.0,21250.0
11902,3,14,5,B,2011-12-24,,1.0,20950.0
11903,3,13,3,A,2016-09-21,,1.0,36350.0
11904,3,13,2,B,2010-02-06,,1.0,26300.0
11905,3,15,8,Days,2014-03-22,2025-11-30,1.0,34500.0
11906,3,14,5,B,2016-03-12,,1.0,22600.0
11907,3,17,13,Days,2018-08-08,,1.0,33100.0
11908,3,14,6,B,2023-05-24,,1.0,30550.0
11909,3,13,1,Days,2011-03-20,2026-02-28,1.0,24050.0
11910,3,13,1,B,2010-06-10,,0.8,22050.0
11911,3,18,15,A,2011-07-04,,1.0,53050.0
11912,3,13,3,B,2014-06-23,2025-08-31,1.0,38350.0
11913,3,14,6,C,2016-11-18,2023-11-30,1.0,31700.0
11914,3,14,5,B,2018-11-01,2023-11-30,1.0,22000.0
11915,3,13,3,C,2017-06-24,2025-10-31,1.0,36050.0
11916,3,18,16,Days,2005-03-17,,1.0,56050.0
11917,3,13,1,C,2005-10-03,,1.0,24100.0
11918,3,13,1,B,2008-01-02,2026-07-31,1.0,24400.0
11919,3,13,1,Days,2007-10-16,,1.0,24800.0
11920,3,15,9,Days,2021-11-01,,1.0,42100.0
11921,3,13,1,C,2013-04-16,2026-08-31,1.0,21950.0
11922,3,13,3,A,2011-04-12,,1.0,36650.0
11923,3,13,2,B,2011-08-16,,0.8,29350.0
11924,3,14,5,A,2006-01-12,2026-03-31,1.0,22750.0
11925,3,13,2,A,2018-11-16,2024-05-31,1.0,27300.0
11926,3,13,1,C,2007-12-12,,1.0,22700.0
11927,3,13,1,A,2017-08-15,2025-05-31,1.0,23150.0
11928,3,15,8,Days,2015-04-16,2025-11-30,1.0,36450.0
11929,3,15,9,Days,2019-11-18,,1.0,54700.0
11930,3,13,1,B,2006-04-25,,1.0,19900.0
11931,3,13,2,A,2008-11-12,,1.0,27450.0
11932,3,13,1,A,2012-12-01,2023-12-31,1.0,23250.0
11933,3,17,12,Days,2011-02-21,,1.0,33950.0
11934,3,16,11,Days,2011-06-10,2025-07-31,1.0,50950.0
11935,3,14,6,B,2005-04-14,2024-01-31,1.0,34750.0
11936,3,18,17,Days,2009-10-07,,1.0,75900.0
11937,3,13,1,C,2014-12-25,,1.0,22700.0
11938,3,14,5,C,2013-11-09,,1.0,21450.0
11939,3,13,2,A,2021-09-24,2024-11-30,1.0,27900.0
11940,3,13,1,C,2015-04-29,,1.0,23250.0
11941,3,14,6,B,2009-01-10,2025-09-30,1.0,38100.0
11942,3,13,1,A,2007-08-28,2023-09-30,1.0,20550.0
11943,3,14,6,B,2006-10-14,2024-05-31,0.9,33000.0
11944,3,13,1,B,2016-04-28,2026-02-28,1.0,24500.0
11945,3,18,15,Days,2016-02-24,,1.0,44900.0
11946,3,13,2,C,2012-03-01,,1.0,27900.0
11947,3,13,1,B,2012-11-14,2024-05-31,1.0,24050.0
11948,3,17,12,Days,2008-04-06,,1.0,40700.0
11949,3,14,6,A,2009-11-02,2024-09-30,1.0,38950.0
11950,3,13,1,B,2015-05-24,,1.0,22800.0
11951,3,16,11,Days,2012-11-07,,0.9,53400.0
11952,3,16,11,Days,2014-07-19,,1.0,47400.0
11953,3,13,3,A,2011-10-01,2024-12-31,1.0,36650.0
11954,3,13,1,A,2010-05-24,2026-04-30,1.0,24000.0
11955,3,15,9,A,2020-02-09,2026-05-31,1.0,46650.0
11956,3,13,3,Days,2017-02-10,,1.0,39650.0
11957,3,16,11,Days,2016-11-27,,1.0,47650.0
11958,3,14,5,A,2006-01-11,2026-08-31,1.0,22000.0
11959,3,13,1,C,2006-04-07,,1.0,24800.0
11960,3,14,5,A,2010-12-15,,1.0,22500.0
11961,3,13,1,B,2005-02-16,2026-01-31,0.8,24500.0
11962,3,13,2,A,2009-11-10,2024-06-30,1.0,24350.0
11963,3,17,13,Days,2018-03-02,2024-02-29,1.0,31300.0
11964,3,15,8,Days,2006-09-13,2023-11-30,1.0,30050.0
11965,3,18,15,Days,2015-12-24,,1.0,53750.0
11966,3,13,2,A,2016-11-02,,0.8,25750.0
11967,3,14,5,C,2011-01-12,,1.0,23250.0
11968,3,14,7,A,2010-03-10,,1.0,53700.0
11969,3,13,1,A,2020-07-30,,1.0,26300.0
11970,3,13,2,B,2014-02-27,,1.0,27200.0
11971,3,14,5,B,2007-02-13,,1.0,20400.0
11972,3,13,3,Days,2014-12-09,,1.0,34800.0
11973,3,17,13,Days,2015-05-24,2023-10-31,1.0,29950.0
11974,3,13,1,B,2011-01-16,2025-04-30,1.0,20750.0
11975,3,18,15,Days,2018-03-20,,1.0,48900.0
11976,3,17,12,A,2014-06-07,2025-02-28,1.0,38750.0
11977,3,17,12,Days,2011-04-02,2024-09-30,0.8,41650.0
11978,3,13,2,B,2021-12-27,,1.0,30200.0
11979,3,13,1,C,2006-08-09,,1.0,23650.0
11980,3,14,5,A,2013-04-10,,1.0,26250.0
11981,3,14,6,A,2006-10-21,,0.9,29950.0
11982,3,13,3,A,2005-06-16,2025-09-30,1.0,33650.0
11983,3,18,16,Days,2006-03-17,,0.9,61250.0
11984,3,14,7,B,2014-05-08,2026-03-31,0.9,50600.0
11985,3,13,1,C,2012-09-09,2025-02-28,1.0,24700.0
11986,3,13,2,B,2007-06-30,,1.0,22450.0
11987,3,16,11,Days,2019-10-19,,1.0,55950.0
11988,3,18,15,Days,2017-08-02,2025-02-28,1.0,57050.0
11989,3,13,1,A,2018-06-13,2025-02-28,1.0,20450.0
11990,3,13,2,B,2018-04-02,,1.0,26950.0
11991,3,18,15,Days,2006-01-05,2026-04-30,0.8,45800.0
11992,3,13,2,C,2011-10-27,,1.0,29400.0
11993,3,16,10,Days,2007-11-02,,0.8,22600.0
11994,3,13,2,C,2006-06-30,2026-04-30,0.9,24650.0
11995,3,13,3,A,2009-05-22,2024-08-31,1.0,37050.0
11996,3,14,6,Days,2012-07-18,,1.0,36150.0
11997,3,13,1,B,2007-04-03,2024-05-31,1.0,22650.0
11998,3,15,8,A,2008-06-20,,1.0,31950.0
11999,3,14,5,B,2005-11-04,,1.0,23200.0
12000,3,14,6,B,2018-06-11,,1.0,29000.0
12001,3,17,12,Days,2012-07-05,,1.0,41050.0
12002,3,14,7,C,2010-12-27,,1.0,43000.0
12003,3,15,8,Days,2008-12-23,,1.0,34150.0
12004,3,18,16,Days,2007-04-21,2024-12-31,1.0,57050.0
12005,3,16,11,Days,2013-10-14,2023-12-31,1.0,55500.0
12006,3,18,16,Days,2015-03-29,,1.0,59250.0
12007,3,14,5,B,2014-03-03,2025-09-30,1.0,23950.0
12008,3,13,2,C,2009-09-05,,1.0,22950.0
12009,3,16,11,Days,2018-11-18,,1.0,48500.0
12010,3,13,2,B,2015-03-19,,1.0,26400.0
12011,3,17,14,Days,2007-11-19,,1.0,63100.0
12012,3,15,9,Days,2010-06-14,,1.0,45250.0
12013,3,14,5,B,2016-07-15,2025-01-31,1.0,20850.0
12014,3,15,8,A,2010-11-05,2026-02-28,1.0,34150.0
12015,3,18,17,Days,2007-02-24,,1.0,97600.0
12016,3,13,1,C,2020-11-10,,1.0,26650.0
12017,3,14,7,A,2006-12-03,2026-01-31,1.0,48900.0
12018,3,13,1,B,2015-08-14,,1.0,22050.0
12019,3,13,2,B,2010-08-01,,1.0,23800.0
12020,3,17,13,Days,2005-03-25,,0.8,30150.0
12021,3,16,10,Days,2015-03-27,2024-12-31,0.9,23950.0
12022,3,18,16,A,2018-01-03,2026-08-31,1.0,61700.0
12023,3,14,7,C,2018-02-25,,1.0,47150.0
12024,3,16,11,Days,2009-11-05,2024-06-30,1.0,51700.0
12025,3,14,5,B,2005-02-28,2025-12-31,1.0,20500.0
12026,3,13,1,B,2005-07-10,2026-04-30,1.0,21650.0
12027,3,13,3,A,2013-09-22,2025-09-30,1.0,41750.0
12028,3,14,6,C,2005-08-03,,1.0,35850.0
12029,3,15,9,Days,2005-08-22,,1.0,43750.0
12030,3,13,3,Days,2010-04-27,2026-06-30,1.0,36350.0
12031,3,14,5,A,2008-10-26,,1.0,21600.0
12032,3,13,2,B,2005-04-01,2025-10-31,1.0,24450.0
12033,3,15,8,Days,2015-07-09,,1.0,34600.0
12034,3,14,5,Days,2018-05-23,,1.0,24300.0
12035,3,18,15,Days,2013-01-22,,1.0,51200.0
12036,3,13,3,B,2008-06-26,,1.0,38500.0
12037,3,13,4,B,2015-12-16,,1.0,76000.0
12038,3,13,4,A,2009-10-26,2025-10-31,1.0,68500.0
12039,3,13,1,A,2005-05-28,2024-12-31,1.0,27050.0
12040,3,14,7,A,2006-08-12,,1.0,52100.0
12041,3,13,1,C,2016-02-15,,1.0,21150.0
12042,3,17,13,Days,2008-06-30,2025-01-31,1.0,29950.0
12043,3,16,10,Days,2021-04-21,,0.9,28100.0
12044,3,13,1,A,2014-09-18,,1.0,21900.0
12045,3,17,13,A,2011-05-10,,1.0,37300.0
12046,3,14,5,A,2013-01-14,,1.0,20450.0
12047,3,13,1,C,2013-06-02,,1.0,21650.0
12048,3,17,13,Days,2005-11-21,,1.0,33250.0
12049,3,16,10,Days,2018-12-13,,1.0,22200.0
12050,3,14,5,A,2012-12-13,2023-11-30,1.0,21600.0
12051,3,13,3,B,2016-07-20,2024-12-31,1.0,37950.0
12052,3,13,2,A,2010-06-10,2026-03-31,0.8,26650.0
12053,3,15,9,Days,2007-09-07,,1.0,52700.0
12054,3,14,5,B,2006-02-17,,1.0,21500.0
12055,3,14,5,A,2020-08-10,2023-12-31,0.9,25100.0
12056,3,17,13,Days,2008-02-01,2026-01-31,1.0,33450.0
12057,3,14,5,Days,2006-01-04,,1.0,21850.0
12058,3,13,2,A,2016-05-13,,0.9,25600.0
12059,3,13,3,A,2008-09-18,2023-11-30,1.0,39600.0
12060,3,18,16,Days,2005-02-20,,1.0,49700.0
12061,3,13,1,C,2017-10-30,,1.0,20950.0
12062,3,17,12,Days,2009-07-19,,1.0,41500.0
12063,3,13,1,B,2008-09-13,2024-07-31,1.0,25850.0
12064,3,14,6,B,2009-11-25,,1.0,31150.0
12065,3,13,1,B,2009-01-22,2025-11-30,1.0,24850.0
12066,3,13,3,A,2014-01-27,,1.0,35400.0
12067,3,18,16,Days,2012-11-20,,1.0,59550.0
12068,3,16,11,Days,2006-04-28,2025-09-30,1.0,52450.0
12069,3,13,1,A,2005-01-17,,1.0,23700.0
12070,3,15,8,Days,2007-04-01,,1.0,31550.0
12071,3,13,1,Days,2009-12-11,,1.0,23600.0
12072,3,13,3,B,2010-05-02,,0.9,39300.0
12073,3,18,15,Days,2013-09-06,2024-02-29,1.0,54250.0
12074,3,13,1,B,2016-11-08,2026-05-31,1.0,24350.0
12075,3,17,12,Days,2019-11-02,,1.0,44700.0
12076,3,13,1,B,2008-10-10,2026-02-28,1.0,26850.0
12077,3,13,1,A,2005-10-03,2025-01-31,1.0,23300.0
12078,3,14,6,A,2007-02-28,2023-12-31,1.0,36750.0
12079,3,14,5,B,2010-05-29,,1.0,24350.0
12080,3,13,1,C,2009-09-07,,1.0,22100.0
12081,3,14,7,B,2013-10-07,,1.0,53450.0
12082,3,13,2,A,2017-10-06,,0.9,28550.0
12083,3,18,15,Days,2006-05-07,2026-01-31,1.0,55100.0
12084,3,15,8,Days,2010-09-20,2026-07-31,1.0,35300.0
12085,3,13,1,B,2005-08-26,,1.0,21400.0
12086,3,13,1,C,2014-02-05,2025-01-31,1.0,23750.0
12087,3,13,1,C,2016-09-13,,1.0,20200.0
12088,3,14,5,B,2007-10-08,,1.0,19450.0
12089,3,13,2,A,2018-09-05,,1.0,26850.0
12090,3,13,2,A,2016-02-24,,1.0,23500.0
12091,3,14,5,C,2016-12-07,2024-02-29,1.0,21300.0
12092,3,15,8,Days,2010-05-30,,1.0,31150.0
12093,3,13,1,C,2012-09-04,,1.0,24550.0
12094,3,18,16,Days,2009-09-26,,1.0,56050.0
12095,3,15,8,A,2019-04-30,2025-02-28,1.0,34400.0
12096,3,17,12,Days,2016-06-11,2024-05-31,1.0,37400.0
12097,3,13,2,C,2006-01-10,2025-02-28,1.0,25900.0
12098,3,13,3,A,2010-06-07,,1.0,35050.0
12099,3,14,5,B,2009-08-27,,1.0,24700.0
12100,3,17,13,Days,2005-04-06,,1.0,31500.0
12101,3,15,8,Days,2017-12-24,,1.0,37000.0
12102,3,16,11,Days,2005-10-11,,1.0,51950.0
12103,3,18,16,Days,2005-08-06,,0.8,59050.0
12104,3,13,1,A,2014-07-23,,0.8,22650.0
12105,3,16,11,Days,2008-12-24,2025-08-31,1.0,52750.0
12106,3,14,5,C,2007-05-02,,1.0,21750.0
12107,3,13,1,A,2006-09-16,2026-04-30,1.0,24950.0
12108,3,17,12,Days,2020-06-06,,1.0,37750.0
12109,3,13,2,C,2020-11-15,,1.0,28750.0
12110,3,13,2,C,2005-03-29,2024-10-31,1.0,27700.0
12111,3,13,1,A,2006-01-30,,1.0,22550.0
12112,3,16,11,Days,2006-09-06,2026-06-30,1.0,47650.0
12113,3,18,16,Days,2008-05-01,,1.0,66600.0
12114,3,13,1,B,2009-01-06,2024-08-31,1.0,20950.0
12115,3,16,10,Days,2007-04-02,,1.0,26750.0
12116,3,15,8,Days,2006-07-24,2025-04-30,1.0,36900.0
12117,3,17,12,Days,2009-08-31,,1.0,33650.0
12118,3,15,8,Days,2018-10-03,2025-03-31,1.0,34300.0
12119,3,15,8,A,2019-06-20,,1.0,33500.0
12120,3,13,1,B,2019-07-09,,1.0,21800.0
12121,3,13,2,A,2005-02-17,2025-06-30,1.0,24500.0
12122,3,13,1,A,2016-10-31,2025-07-31,1.0,19800.0
12123,3,13,4,C,2010-09-18,2025-07-31,1.0,79350.0
12124,3,13,1,B,2005-01-31,2025-11-30,1.0,23650.0
12125,3,14,5,B,2011-03-23,,1.0,21800.0
12126,3,14,5,C,2005-05-09,,1.0,19850.0
12127,3,13,2,B,2013-10-13,,1.0,29550.0
12128,3,15,9,Days,2022-04-12,,1.0,52750.0
12129,3,17,13,Days,2013-06-28,,1.0,31500.0
12130,3,14,5,B,2008-01-16,,1.0,25350.0
12131,3,13,1,B,2005-01-02,,1.0,21850.0
12132,3,14,6,Days,2005-11-11,2024-04-30,1.0,36550.0
12133,3,17,12,Days,2012-01-15,,1.0,41300.0
12134,3,13,2,B,2005-02-09,,1.0,26600.0
12135,3,16,10,Days,2009-01-27,2025-05-31,1.0,26400.0
12136,3,13,1,B,2013-11-25,2025-10-31,1.0,24150.0
12137,3,18,15,Days,2010-08-11,2023-09-30,1.0,44400.0
12138,3,13,1,Days,2005-05-05,,1.0,24950.0
12139,3,13,1,A,2011-09-01,,0.9,23750.0
12140,3,13,1,B,2014-06-01,,1.0,21300.0
12141,3,13,1,A,2018-04-30,,1.0,24400.0
12142,3,13,1,B,2005-04-30,,1.0,19650.0
12143,3,13,1,C,2014-02-03,2026-03-31,1.0,27400.0
12144,3,15,8,Days,2010-07-12,2024-04-30,1.0,29450.0
12145,3,13,2,Days,2014-03-03,2023-12-31,1.0,25100.0
12146,3,16,10,Days,2011-06-28,,1.0,23950.0
12147,3,13,2,A,2007-12-10,2024-12-31,1.0,22850.0
12148,3,18,15,Days,2015-03-10,2024-09-30,1.0,46950.0
12149,3,13,3,A,2017-10-18,,1.0,35600.0
12150,3,16,10,Days,2011-07-31,,1.0,23450.0
12151,3,18,16,Days,2009-11-02,,1.0,63750.0
12152,3,13,2,A,2008-02-25,2024-09-30,1.0,25650.0
12153,3,13,1,C,2007-06-10,2023-09-30,1.0,23050.0
12154,3,13,3,A,2009-03-17,2024-11-30,1.0,39050.0
12155,3,17,13,Days,2017-09-08,,1.0,31950.0
12156,3,13,2,B,2015-01-01,,1.0,25400.0
12157,3,13,1,C,2005-06-28,,1.0,22000.0
12158,3,15,8,Days,2010-08-06,,1.0,34700.0
12159,3,13,1,A,2006-11-21,,1.0,19650.0
12160,3,13,1,A,2008-05-10,,1.0,21500.0
12161,3,13,3,A,2010-12-27,,1.0,40100.0
12162,3,13,1,B,2007-12-07,2024-08-31,1.0,22800.0
12163,3,14,5,C,2012-12-03,2026-01-31,1.0,21150.0
12164,3,17,12,Days,2015-04-15,,1.0,40100.0
12165,3,13,1,A,2006-10-22,2024-12-31,1.0,23200.0
12166,3,17,12,Days,2011-04-25,,1.0,41400.0
12167,3,13,1,C,2007-10-01,2023-12-31,1.0,22600.0
12168,3,14,5,A,2016-04-27,,1.0,21850.0
12169,3,14,6,A,2013-05-19,,1.0,29000.0
12170,3,15,8,Days,2014-11-24,,1.0,31700.0
12171,3,13,1,A,2009-10-19,,1.0,24200.0
12172,3,13,2,B,2009-11-09,,1.0,27600.0
12173,3,13,3,C,2020-10-28,,1.0,38600.0
12174,3,15,9,A,2006-12-05,2025-06-30,1.0,54400.0
12175,3,13,2,B,2020-05-06,2025-06-30,1.0,26350.0
12176,3,13,1,B,2016-03-01,,1.0,25300.0
12177,3,15,8,Days,2008-04-27,,1.0,35650.0
12178,3,14,6,Days,2007-05-22,2023-12-31,1.0,32600.0
12179,3,13,1,A,2023-06-14,2025-09-30,1.0,23100.0
12180,3,13,3,A,2008-03-18,,1.0,37400.0
12181,3,14,6,B,2005-04-28,,1.0,32800.0
12182,3,13,1,B,2018-05-17,2026-08-31,0.9,21800.0
12183,3,18,15,Days,2005-12-19,,0.9,54550.0
12184,3,18,15,Days,2017-01-23,2025-09-30,1.0,44400.0
12185,3,17,12,Days,2008-08-23,,1.0,44100.0
12186,3,13,1,A,2012-11-24,,1.0,24200.0
12187,3,14,5,C,2017-01-19,,1.0,25500.0
12188,3,15,8,Days,2008-05-02,2025-01-31,1.0,31650.0
12189,3,18,16,Days,2016-10-06,2026-06-30,0.8,63450.0
12190,3,16,11,Days,2010-06-22,2024-04-30,1.0,52600.0
12191,3,15,8,Days,2014-10-21,,1.0,30550.0
12192,3,17,13,Days,2008-03-29,2024-03-31,1.0,31200.0
12193,3,13,1,Days,2010-03-05,2026-03-31,1.0,24750.0
12194,3,17,12,Days,2008-11-22,2024-08-31,1.0,43400.0
12195,3,13,3,B,2017-12-06,,1.0,33000.0
12196,3,17,14,A,2013-10-18,,1.0,72050.0
12197,3,13,2,C,2009-06-17,,1.0,30100.0
12198,3,16,11,Days,2012-12-01,,0.8,50100.0
12199,3,14,5,A,2011-01-13,2024-06-30,1.0,24700.0
12200,3,14,5,A,2007-06-23,2025-07-31,1.0,21000.0
12201,3,13,1,C,2005-09-16,2023-09-30,1.0,22000.0
12202,3,15,8,Days,2018-09-27,2024-12-31,1.0,35200.0
12203,3,17,12,Days,2016-10-04,2025-07-31,1.0,41000.0
12204,3,13,1,B,2005-07-23,2026-02-28,1.0,23750.0
12205,3,14,6,A,2019-01-05,,1.0,35350.0
12206,3,15,8,A,2019-10-10,2025-01-31,1.0,34150.0
12207,3,13,2,A,2012-10-23,2025-11-30,1.0,27000.0
12208,3,14,5,A,2011-08-23,,1.0,23800.0
12209,3,13,1,C,2014-03-18,2023-10-31,1.0,21400.0
12210,3,13,2,B,2008-09-21,2024-01-31,0.8,28150.0
12211,3,14,5,B,2021-06-10,2025-12-31,1.0,19800.0
12212,3,13,2,Days,2008-04-07,2024-02-29,1.0,26800.0
12213,3,15,9,Days,2015-08-31,,1.0,50800.0
12214,3,13,1,A,2012-09-08,2024-11-30,1.0,19650.0
12215,3,15,8,Days,2005-09-22,,1.0,32150.0
12216,3,18,15,Days,2009-03-07,,1.0,48350.0
12217,3,14,5,A,2006-02-09,,1.0,21600.0
12218,3,13,1,B,2006-11-15,,1.0,23900.0
12219,3,15,9,Days,2007-03-30,,1.0,51000.0
12220,3,14,5,B,2006-10-11,2024-05-31,1.0,23450.0
12221,3,17,12,Days,2018-11-15,2024-12-31,0.9,36450.0
12222,3,13,1,B,2008-08-04,,1.0,22350.0
12223,3,14,5,A,2018-09-28,2025-06-30,1.0,21450.0
12224,3,13,1,B,2005-07-29,,1.0,23400.0
12225,3,17,12,Days,2006-06-03,,1.0,37850.0
12226,3,18,15,Days,2013-04-17,,1.0,48350.0
12227,3,13,2,A,2012-08-24,2025-11-30,1.0,28600.0
12228,3,13,3,A,2020-02-24,2023-11-30,1.0,40850.0
12229,3,14,6,A,2022-06-30,,0.9,37250.0
12230,3,13,1,A,2011-09-12,2023-12-31,1.0,20550.0
12231,3,14,6,A,2010-09-21,2026-08-31,1.0,29000.0
12232,3,13,4,B,2011-02-15,,1.0,75150.0
12233,3,15,8,Days,2006-11-05,2024-02-29,1.0,35600.0
12234,3,17,12,Days,2007-07-25,,0.9,40850.0
12235,3,13,3,C,2009-10-25,,1.0,33450.0
12236,3,17,13,Days,2009-04-13,,1.0,28900.0
12237,3,13,1,A,2007-08-28,,1.0,26450.0
12238,3,13,1,B,2009-05-06,2026-06-30,1.0,25100.0
12239,3,16,10,Days,2005-12-08,2023-12-31,1.0,23050.0
12240,3,14,6,C,2013-01-30,,1.0,40300.0
12241,3,18,16,Days,2009-10-31,,1.0,62250.0
12242,3,13,2,A,2011-01-27,2024-07-31,1.0,27750.0
12243,3,13,1,A,2014-10-05,,1.0,25100.0
12244,3,13,3,B,2014-06-12,,1.0,35250.0
12245,3,13,2,C,2012-06-24,2024-12-31,1.0,28700.0
12246,3,13,1,B,2008-09-28,,1.0,25550.0
12247,3,16,10,Days,2010-02-26,2024-01-31,1.0,23900.0
12248,3,15,8,Days,2006-12-16,,1.0,31650.0
12249,3,13,1,B,2011-07-21,2024-11-30,1.0,24650.0
12250,3,13,3,Days,2005-05-16,,1.0,40650.0
12251,3,13,3,B,2005-09-28,,0.8,35300.0
12252,3,14,5,B,2016-07-11,,0.8,21300.0
12253,3,14,5,A,2011-09-03,2024-11-30,1.0,19950.0
12254,3,13,1,B,2006-10-04,,1.0,25650.0
12255,3,15,9,Days,2005-11-02,,1.0,49000.0
12256,3,13,1,B,2009-07-28,2024-02-29,1.0,23000.0
12257,3,14,5,B,2010-04-23,,1.0,23300.0
12258,3,13,3,C,2016-02-04,2026-06-30,1.0,40500.0
12259,3,14,5,C,2005-07-05,,0.8,21750.0
12260,3,13,1,B,2006-10-11,,1.0,25200.0
12261,3,13,1,A,2016-02-01,,1.0,20900.0
12262,3,13,1,A,2016-03-24,,1.0,21900.0
12263,3,13,1,B,2008-01-30,,1.0,21700.0
12264,3,17,13,Days,2011-06-13,,1.0,31400.0
12265,3,14,6,B,2009-09-09,2024-02-29,1.0,33050.0
12266,3,14,6,A,2013-03-22,2025-02-28,1.0,30550.0
12267,3,13,1,A,2015-07-09,2026-04-30,1.0,22700.0
12268,3,18,16,Days,2015-08-11,,1.0,57950.0
12269,3,13,1,B,2013-10-07,,1.0,23750.0
12270,3,13,1,Days,2015-12-02,,1.0,22650.0
12271,3,13,2,B,2006-09-06,2023-10-31,1.0,29750.0
12272,3,13,1,Days,2007-10-23,2025-11-30,1.0,19650.0
12273,3,14,5,Days,2020-07-02,,1.0,21050.0
12274,3,13,1,A,2005-12-13,,1.0,26600.0
12275,3,13,1,B,2019-02-19,,1.0,27300.0
12276,3,13,3,C,2010-08-18,2024-02-29,1.0,35350.0
12277,3,16,11,Days,2016-08-09,,1.0,52200.0
12278,3,13,3,C,2011-11-18,2025-12-31,1.0,35700.0
12279,3,18,15,Days,2015-07-31,2024-06-30,1.0,51400.0
12280,3,14,5,A,2020-04-04,2024-09-30,1.0,21950.0
12281,3,13,3,B,2006-08-02,,1.0,37450.0
12282,3,13,2,C,2015-07-13,2025-01-31,1.0,27700.0
12283,3,13,1,C,2023-05-17,2026-06-30,1.0,21300.0
12284,3,13,3,Days,2010-12-15,,1.0,39700.0
12285,3,14,6,C,2008-05-05,,1.0,31400.0
12286,3,14,5,B,2007-04-08,2024-01-31,1.0,23150.0
12287,3,13,1,B,2009-11-04,,1.0,22600.0
12288,3,13,2,A,2012-04-18,,1.0,27700.0
12289,3,16,11,Days,2007-12-14,2024-10-31,1.0,54050.0
12290,3,13,1,B,2011-07-08,2023-11-30,1.0,23250.0
12291,3,14,5,Days,2012-08-09,,1.0,23300.0
12292,3,13,1,B,2011-11-04,,1.0,22400.0
12293,3,14,5,B,2013-08-08,,0.9,23350.0
12294,3,13,3,A,2016-08-24,2024-04-30,0.8,34900.0
12295,3,13,1,A,2008-06-08,,1.0,22700.0
12296,3,13,1,B,2007-05-06,,1.0,23050.0
12297,3,13,1,B,2011-01-27,2024-02-29,1.0,23150.0
12298,3,15,8,Days,2008-03-18,2026-04-30,0.9,32300.0
12299,3,18,16,Days,2013-03-20,,1.0,57500.0
12300,3,17,12,Days,2019-02-10,,1.0,41350.0
12301,3,13,1,B,2005-07-08,,1.0,23600.0
12302,3,14,6,A,2015-05-25,2025-06-30,1.0,32700.0
12303,3,16,10,Days,2015-03-13,2024-10-31,1.0,29200.0
12304,3,14,5,C,2019-07-03,2025-04-30,1.0,21550.0
12305,3,18,17,Days,2006-09-19,,1.0,86900.0
12306,3,13,1,C,2009-01-12,,1.0,20900.0
12307,3,14,6,C,2008-10-20,2023-10-31,1.0,35250.0
12308,3,13,1,Days,2005-09-03,,0.8,21300.0
12309,3,13,3,A,2010-01-07,2024-05-31,1.0,31950.0
12310,3,13,1,A,2005-06-28,,1.0,21900.0
12311,3,14,6,B,2013-06-19,,1.0,35500.0
12312,3,14,5,A,2005-10-21,,1.0,22500.0
12313,3,13,1,B,2007-02-22,2026-07-31,1.0,23950.0
12314,3,13,1,Days,2006-05-19,,1.0,22750.0
12315,3,13,1,B,2006-09-24,,1.0,24000.0
12316,3,13,1,C,2019-06-01,2026-05-31,1.0,24500.0
12317,3,14,5,Days,2011-06-06,,1.0,18750.0
12318,3,13,1,Days,2016-12-29,,1.0,19650.0
12319,3,14,5,B,2007-01-01,,1.0,23250.0
12320,3,13,4,B,2010-02-20,2026-07-31,1.0,72500.0
12321,3,13,1,Days,2017-03-02,,1.0,20950.0
12322,3,14,5,A,2006-12-10,,1.0,20650.0
12323,3,13,2,A,2009-04-26,2026-05-31,1.0,26200.0
12324,3,16,11,Days,2009-01-12,,1.0,50200.0
12325,3,14,6,B,2014-09-03,,1.0,34850.0
12326,3,13,1,A,2014-02-01,,1.0,28400.0
12327,3,13,1,A,2010-01-27,2024-03-31,1.0,23550.0
12328,3,15,8,Days,2008-09-26,,1.0,33850.0
12329,3,13,3,B,2009-04-22,,1.0,39300.0
12330,3,14,5,A,2021-02-23,,1.0,21550.0
12331,3,13,1,A,2006-09-08,,1.0,22100.0
12332,3,15,8,Days,2014-02-20,,0.9,30750.0
12333,3,13,3,B,2014-04-18,2025-03-31,1.0,42650.0
12334,3,18,16,A,2012-08-09,,1.0,58150.0
12335,3,17,13,Days,2015-09-09,2024-06-30,1.0,31400.0
12336,3,15,9,A,2009-06-23,2026-05-31,1.0,45450.0
12337,3,13,3,B,2011-07-30,2025-06-30,1.0,35250.0
12338,3,15,8,A,2011-04-01,,0.8,36350.0
12339,3,14,5,Days,2009-09-26,2025-04-30,1.0,19300.0
12340,3,14,6,A,2010-10-04,2026-03-31,1.0,35300.0
12341,3,13,3,B,2009-07-15,2024-01-31,1.0,43400.0
12342,3,14,5,B,2015-11-14,2026-02-28,1.0,20300.0
12343,3,13,1,A,2009-03-15,,1.0,23050.0
12344,3,14,7,B,2020-11-13,,1.0,53800.0
12345,3,13,3,A,2005-06-17,,1.0,34450.0
12346,3,14,6,B,2005-07-12,2025-08-31,1.0,33300.0
12347,3,14,7,A,2020-06-17,,1.0,50150.0
12348,3,13,2,A,2005-02-11,,1.0,27400.0
12349,3,13,1,B,2008-10-08,2025-11-30,0.9,24050.0
12350,3,15,9,Days,2015-05-03,,1.0,49750.0
12351,3,17,12,Days,2016-06-03,,0.9,38150.0
12352,3,14,7,C,2019-11-11,2024-06-30,1.0,55300.0
12353,3,13,3,C,2015-09-13,,0.9,38850.0
12354,3,14,6,C,2018-05-04,,1.0,33800.0
12355,3,13,1,A,2008-12-28,,1.0,22000.0
12356,3,13,2,Days,2005-08-13,2024-09-30,1.0,28050.0
12357,3,18,17,Days,2007-09-27,2024-03-31,1.0,68650.0
12358,3,13,3,B,2005-02-04,2026-06-30,1.0,36750.0
12359,3,13,1,B,2007-11-10,2025-04-30,1.0,23400.0
12360,3,14,6,A,2007-08-26,2024-04-30,0.8,35800.0
12361,3,13,3,B,2009-02-19,,1.0,34150.0
12362,3,13,1,A,2020-10-24,,1.0,24800.0
12363,3,18,16,Days,2005-09-28,,1.0,66800.0
12364,3,13,2,B,2006-10-22,,1.0,25600.0
12365,3,13,4,C,2011-05-28,,1.0,74800.0
12366,3,16,10,Days,2014-04-03,2026-02-28,1.0,24400.0
12367,3,16,10,Days,2020-04-29,,1.0,24650.0
12368,3,13,1,A,2013-11-09,2025-04-30,1.0,24900.0
12369,3,13,1,A,2014-05-29,2024-01-31,0.8,21750.0
12370,3,17,13,Days,2005-10-09,2024-01-31,1.0,35450.0
12371,3,13,1,C,2015-03-22,2025-05-31,1.0,23900.0
12372,3,13,3,B,2014-12-28,,1.0,42600.0
12373,3,16,10,Days,2007-03-09,,1.0,24000.0
12374,3,13,3,A,2006-03-10,,1.0,41050.0
12375,3,13,1,A,2009-02-15,,1.0,25450.0
12376,3,13,1,B,2011-08-31,,1.0,22300.0
12377,3,13,2,C,2010-01-11,,1.0,27900.0
12378,3,14,6,A,2006-07-11,2026-08-31,1.0,37550.0
12379,3,15,9,A,2017-03-07,,1.0,49900.0
12380,3,14,6,C,2015-01-19,,1.0,34100.0
12381,3,14,5,C,2020-03-03,,1.0,20400.0
12382,3,13,3,A,2010-01-11,,1.0,36900.0
12383,3,16,10,Days,2018-04-04,,1.0,26750.0
12384,3,13,1,A,2015-06-09,,1.0,22850.0
12385,3,13,1,A,2008-12-14,2025-07-31,0.8,23000.0
12386,3,14,5,Days,2018-01-17,,1.0,19150.0
12387,3,14,6,A,2008-05-10,2023-11-30,1.0,34500.0
12388,3,15,9,Days,2007-07-03,,1.0,51650.0
12389,3,14,5,A,2008-10-31,,1.0,22450.0
12390,3,17,13,Days,2006-08-17,,0.9,34200.0
12391,3,13,1,A,2015-06-15,2025-10-31,1.0,24650.0
12392,3,14,5,A,2016-06-05,2024-05-31,1.0,19450.0
12393,3,13,1,C,2007-09-15,2024-01-31,1.0,21600.0
12394,3,13,3,C,2016-06-27,2024-04-30,0.9,38100.0
12395,3,13,1,A,2011-08-12,,1.0,22000.0
12396,3,18,16,Days,2010-07-29,,1.0,54150.0
12397,3,13,1,C,2015-05-27,2025-01-31,1.0,22400.0
12398,3,13,1,C,2005-06-24,,1.0,24850.0
12399,3,13,3,C,2005-06-21,2025-11-30,1.0,43400.0
12400,3,14,5,Days,2005-04-01,,1.0,20200.0
12401,3,14,5,A,2010-07-18,,1.0,23150.0
12402,3,15,9,Days,2015-06-22,2025-11-30,1.0,51650.0
12403,3,14,5,B,2005-06-09,2025-04-30,1.0,19400.0
12404,3,13,1,C,2006-08-19,,1.0,20350.0
12405,3,14,5,C,2012-05-15,2025-01-31,1.0,23000.0
12406,3,17,12,A,2016-05-27,,1.0,38200.0
12407,3,14,5,A,2005-04-07,,1.0,22150.0
12408,3,13,1,Days,2005-12-03,2023-12-31,1.0,23900.0
12409,3,17,12,Days,2006-03-20,2024-09-30,1.0,41600.0
12410,3,14,7,A,2007-12-27,,1.0,52300.0
12411,3,13,3,C,2017-03-26,,0.9,31800.0
12412,3,16,10,Days,2006-04-13,2025-10-31,1.0,25150.0
12413,3,14,6,Days,2023-07-08,2024-01-31,1.0,32550.0
12414,3,15,8,Days,2005-03-18,2026-08-31,1.0,32450.0
12415,3,16,10,Days,2015-10-21,2025-11-30,1.0,25300.0
12416,3,13,2,A,2012-01-30,,1.0,28050.0
12417,3,15,9,Days,2013-05-28,2026-06-30,1.0,44000.0
12418,3,16,10,Days,2017-06-01,2025-02-28,1.0,26000.0
12419,3,13,1,A,2006-10-22,,1.0,24800.0
12420,3,13,1,C,2008-07-31,2024-10-31,1.0,23950.0
12421,3,17,14,Days,2010-11-15,2024-02-29,0.9,69700.0
12422,3,14,5,C,2006-12-23,2024-10-31,1.0,21200.0
12423,3,13,3,B,2017-02-12,,1.0,32050.0
12424,3,16,10,Days,2006-11-23,,1.0,21950.0
12425,3,14,5,C,2019-03-04,,1.0,24700.0
12426,3,14,5,B,2006-08-21,,1.0,22950.0
12427,3,15,8,Days,2007-02-14,2026-05-31,1.0,33600.0
12428,3,13,1,A,2006-08-16,2023-10-31,1.0,21800.0
12429,3,13,1,A,2010-12-15,,1.0,23350.0
12430,3,14,5,C,2006-11-13,2026-08-31,1.0,21550.0
12431,3,13,1,B,2017-09-06,2026-02-28,1.0,25850.0
12432,3,14,7,B,2008-10-26,,1.0,53900.0
12433,3,13,2,A,2021-06-10,2026-06-30,1.0,28250.0
12434,3,15,8,Days,2007-03-25,2026-03-31,1.0,33450.0
12435,3,18,16,Days,2018-12-19,,1.0,59550.0
12436,3,14,7,A,2008-05-01,,1.0,44050.0
12437,3,16,10,Days,2011-04-06,,1.0,23700.0
12438,3,14,5,B,2010-09-28,2025-03-31,1.0,21700.0
12439,3,13,1,B,2007-01-12,,1.0,22700.0
12440,3,13,2,A,2021-06-29,2025-06-30,1.0,26800.0
12441,3,13,1,B,2013-10-06,,1.0,21250.0
12442,3,14,5,A,2015-10-10,2026-08-31,1.0,21650.0
12443,3,13,1,C,2009-01-29,,1.0,22700.0
12444,3,15,8,Days,2009-07-25,,1.0,33550.0
12445,3,16,11,Days,2010-06-25,2026-05-31,1.0,47000.0
12446,3,18,15,Days,2005-11-06,2024-05-31,1.0,48050.0
12447,3,13,1,C,2018-04-25,2026-02-28,1.0,20950.0
12448,3,13,1,C,2009-07-22,2024-12-31,1.0,22300.0
12449,3,18,17,Days,2011-05-06,,1.0,78750.0
12450,3,13,1,A,2015-02-25,2023-10-31,1.0,20850.0
12451,3,14,5,B,2014-08-24,,1.0,21800.0
12452,3,13,1,C,2015-08-21,,1.0,21200.0
12453,3,15,8,Days,2010-11-28,,1.0,37650.0
12454,3,16,11,Days,2014-09-17,,1.0,55250.0
12455,3,15,9,Days,2007-11-06,,1.0,50300.0
12456,3,13,1,Days,2008-10-17,2025-10-31,1.0,25850.0
12457,3,13,1,B,2019-05-13,2025-02-28,1.0,22500.0
12458,3,16,11,Days,2011-03-31,,1.0,56350.0
12459,3,13,1,A,2010-07-07,,0.8,20650.0
12460,3,14,5,C,2006-12-10,2025-08-31,1.0,26100.0
12461,3,14,6,A,2020-03-27,2025-05-31,1.0,35300.0
12462,3,13,1,A,2006-12-24,2024-03-31,1.0,26150.0
12463,3,13,1,A,2016-01-20,,1.0,21250.0
12464,3,15,8,Days,2007-06-25,,1.0,31100.0
12465,3,14,5,A,2009-06-26,,1.0,21450.0
12466,3,17,13,Days,2006-08-31,,1.0,33550.0
12467,3,14,6,A,2011-04-02,2025-08-31,1.0,31000.0
12468,3,13,3,C,2010-07-25,2025-08-31,1.0,38250.0
12469,3,13,4,A,2007-01-29,,1.0,76450.0
12470,3,13,3,A,2009-12-10,,1.0,35950.0
12471,3,14,5,A,2008-07-16,2025-04-30,0.8,24050.0
12472,3,13,2,A,2023-01-03,2026-02-28,1.0,28700.0
12473,3,16,10,Days,2018-01-08,,1.0,26500.0
12474,3,15,8,Days,2014-10-19,,1.0,35250.0
12475,3,14,5,C,2006-11-12,,1.0,23350.0
12476,3,18,16,Days,2009-10-24,,1.0,64250.0
12477,3,13,1,Days,2012-07-26,,1.0,24050.0
12478,3,14,6,C,2012-09-28,2026-01-31,1.0,32300.0
12479,3,15,8,Days,2013-11-24,2024-05-31,1.0,33200.0
12480,3,14,5,C,2018-06-20,,1.0,21500.0
12481,3,13,4,B,2016-08-28,,1.0,66150.0
12482,3,13,1,A,2006-06-21,,1.0,25550.0
12483,3,13,1,A,2008-01-02,2024-01-31,1.0,24500.0
12484,3,16,10,Days,2011-03-10,,1.0,23650.0
12485,3,16,11,Days,2012-06-20,,1.0,58850.0
12486,3,13,1,A,2005-05-30,,1.0,22750.0
12487,3,16,11,Days,2005-02-28,,1.0,57050.0
12488,3,15,8,Days,2010-11-27,,1.0,28550.0
12489,3,14,5,B,2018-04-09,,1.0,25250.0
12490,3,14,5,A,2005-01-26,,1.0,22350.0
12491,3,14,6,B,2005-09-24,2025-04-30,1.0,35100.0
12492,3,14,7,B,2010-04-12,,1.0,46750.0
12493,3,16,11,Days,2006-06-29,2024-06-30,1.0,51550.0
12494,3,14,6,A,2007-10-21,,1.0,29600.0
12495,3,13,2,B,2007-07-12,2025-12-31,1.0,28050.0
12496,3,13,3,B,2007-09-01,,1.0,40500.0
12497,3,16,11,Days,2005-07-10,,1.0,52150.0
12498,3,15,8,Days,2007-08-14,,0.9,31250.0
12499,3,13,1,B,2009-08-08,2026-05-31,1.0,21800.0
12500,3,13,2,A,2006-03-26,,1.0,24600.0
12501,3,14,5,B,2005-01-20,,1.0,20000.0
12502,3,14,5,B,2006-02-25,,1.0,18700.0
12503,3,13,1,A,2007-02-05,2025-05-31,1.0,20800.0
12504,3,18,16,Days,2006-02-09,,1.0,61500.0
12505,3,16,10,Days,2007-07-10,,1.0,26500.0
12506,3,13,2,B,2010-08-04,,1.0,28850.0
12507,3,18,16,Days,2016-02-28,2024-11-30,1.0,62400.0
12508,3,15,8,Days,2007-03-28,2024-02-29,0.9,28200.0
12509,3,13,3,B,2006-10-20,2024-07-31,1.0,33000.0
12510,3,16,11,Days,2015-01-28,,1.0,47450.0
12511,3,13,1,C,2007-11-30,,1.0,19850.0
12512,3,13,1,Days,2005-01-05,2024-04-30,1.0,20700.0
12513,3,13,1,B,2019-06-19,,1.0,23300.0
12514,3,18,15,Days,2013-04-06,,1.0,51400.0
12515,3,14,6,A,2019-09-19,,1.0,35800.0
12516,3,13,1,B,2010-02-22,,1.0,25450.0
12517,3,15,8,Days,2016-01-30,2025-07-31,1.0,31000.0
12518,3,13,1,A,2008-05-24,2025-06-30,1.0,23650.0
12519,3,17,13,Days,2008-12-12,,1.0,36250.0
12520,3,15,9,A,2007-01-04,2023-11-30,0.8,53900.0
12521,3,14,5,C,2005-10-04,,1.0,24450.0
12522,3,13,1,B,2005-04-30,,1.0,22050.0
12523,3,13,1,Days,2005-10-09,2024-03-31,1.0,24700.0
12524,3,14,5,A,2005-10-27,,0.8,21100.0
12525,3,17,12,Days,2008-11-11,2026-01-31,1.0,40250.0
12526,3,16,10,Days,2005-03-23,2024-05-31,1.0,26800.0
12527,3,18,15,Days,2013-04-01,,1.0,48800.0
12528,3,14,5,B,2008-03-30,,1.0,21600.0
12529,3,17,12,Days,2014-09-01,2025-10-31,1.0,39350.0
12530,3,14,6,B,2008-10-22,,1.0,35000.0
12531,3,18,16,Days,2006-01-28,2025-02-28,1.0,59300.0
12532,3,16,11,Days,2009-05-17,2024-01-31,1.0,50350.0
12533,3,16,10,Days,2018-11-07,2024-10-31,0.8,25950.0
12534,3,15,9,Days,2011-06-14,,1.0,53900.0
12535,3,13,3,B,2007-01-03,2024-03-31,1.0,38500.0
12536,3,14,5,A,2014-03-25,,1.0,21100.0
12537,3,18,16,Days,2021-08-28,,1.0,51450.0
12538,3,18,16,Days,2012-01-07,2024-04-30,0.9,60750.0
12539,3,13,3,A,2012-10-10,,1.0,37250.0
12540,3,14,6,A,2019-05-15,,1.0,34250.0
12541,3,13,4,C,2017-05-31,2024-07-31,1.0,81350.0
12542,3,18,16,Days,2005-09-15,2026-01-31,1.0,58150.0
12543,3,13,3,A,2009-03-19,,1.0,36000.0
12544,3,14,5,B,2009-12-25,2025-10-31,1.0,23550.0
12545,3,13,2,A,2012-05-20,2024-10-31,1.0,27650.0
12546,3,17,12,Days,2020-12-24,2024-01-31,1.0,39800.0
12547,3,15,8,A,2009-01-25,,1.0,31850.0
12548,3,13,3,B,2018-02-13,,1.0,34100.0
12549,3,14,6,A,2009-07-03,2024-09-30,1.0,31200.0
12550,3,16,11,Days,2005-12-26,,1.0,49850.0
12551,3,13,1,B,2006-03-11,,1.0,23400.0
12552,3,13,1,C,2009-09-09,2024-06-30,0.9,20400.0
12553,3,13,4,B,2009-07-11,2024-07-31,1.0,73300.0
12554,3,14,5,C,2005-12-16,2023-12-31,1.0,22650.0
12555,3,16,11,Days,2014-03-14,,1.0,52400.0
12556,3,14,6,C,2023-05-11,2025-12-31,1.0,30850.0
12557,3,13,3,C,2008-08-20,2026-07-31,1.0,37500.0
12558,3,15,8,Days,2013-12-29,2024-09-30,1.0,30400.0
12559,3,13,1,C,2006-02-19,,1.0,22950.0
12560,3,14,5,A,2011-11-29,2025-10-31,1.0,23100.0
12561,3,14,5,Days,2016-10-25,2023-09-30,1.0,21750.0
12562,3,15,8,A,2006-12-16,,1.0,28050.0
12563,3,17,12,Days,2010-04-13,,1.0,36800.0
12564,3,13,2,Days,2007-10-20,,1.0,22450.0
12565,3,18,17,Days,2013-01-13,2025-09-30,0.9,79800.0
12566,3,13,2,A,2009-10-17,,1.0,29600.0
12567,3,18,16,Days,2018-09-29,,1.0,54350.0
12568,3,18,16,Days,2005-07-25,,1.0,53300.0
12569,3,14,6,A,2008-11-01,2023-10-31,1.0,33150.0
12570,3,14,5,Days,2011-02-21,2024-08-31,1.0,21350.0
12571,4,20,5,B,2011-07-22,,1.0,26450.0
12572,4,19,1,A,2006-11-10,2026-08-31,1.0,28500.0
12573,4,20,5,A,2014-01-31,2026-02-28,1.0,24900.0
12574,4,23,13,Days,2011-09-06,,1.0,45650.0
12575,4,20,5,Days,2006-09-15,2023-09-30,1.0,29950.0
12576,4,21,9,Days,2018-08-31,2025-05-31,1.0,56600.0
12577,4,20,5,Days,2011-12-21,,1.0,25850.0
12578,4,19,1,B,2008-02-29,,1.0,27950.0
12579,4,19,1,C,2006-10-14,,1.0,30050.0
12580,4,19,3,B,2007-03-20,,1.0,49350.0
12581,4,19,1,C,2007-08-29,,1.0,27550.0
12582,4,19,1,B,2011-06-06,,1.0,30100.0
12583,4,21,8,Days,2010-09-21,,0.9,42850.0
12584,4,22,10,Days,2009-09-19,,0.9,29400.0
12585,4,24,16,Days,2005-05-11,2024-03-31,1.0,81050.0
12586,4,24,16,Days,2020-10-10,,1.0,82150.0
12587,4,21,9,Days,2015-11-06,2024-11-30,1.0,70000.0
12588,4,23,12,Days,2006-07-03,2024-04-30,1.0,45350.0
12589,4,19,2,B,2016-06-03,2025-02-28,1.0,35450.0
12590,4,23,12,Days,2010-12-17,2024-12-31,0.8,52400.0
12591,4,20,6,Days,2011-04-30,2026-02-28,1.0,38700.0
12592,4,20,6,A,2005-07-26,2025-07-31,1.0,44950.0
12593,4,20,6,A,2011-02-05,2024-08-31,1.0,45650.0
12594,4,20,5,B,2007-04-05,2024-01-31,1.0,33450.0
12595,4,22,10,Days,2016-09-17,2023-10-31,1.0,31650.0
12596,4,19,1,A,2019-02-16,2024-09-30,1.0,29150.0
12597,4,19,1,C,2015-04-04,,1.0,30800.0
12598,4,20,5,B,2011-01-18,2025-08-31,1.0,28200.0
12599,4,24,15,Days,2011-08-14,,1.0,62250.0
12600,4,20,7,A,2006-07-28,,1.0,60150.0
12601,4,20,6,B,2007-08-17,,1.0,38100.0
12602,4,20,5,B,2010-08-10,,1.0,26800.0
12603,4,20,6,A,2020-01-14,,1.0,42300.0
12604,4,21,9,A,2005-05-15,2024-06-30,1.0,53550.0
12605,4,19,2,B,2010-03-24,,1.0,38550.0
12606,4,22,11,Days,2007-05-02,,1.0,56300.0
12607,4,19,1,A,2010-08-04,,1.0,28900.0
12608,4,21,8,Days,2006-03-14,,1.0,39600.0
12609,4,20,6,C,2011-06-26,2024-05-31,1.0,44650.0
12610,4,19,2,A,2005-08-26,,1.0,38400.0
12611,4,23,13,Days,2007-08-20,,1.0,34850.0
12612,4,23,12,Days,2012-03-30,,1.0,52850.0
12613,4,19,3,B,2015-07-25,,1.0,45750.0
12614,4,20,5,B,2006-03-10,,1.0,28000.0
12615,4,24,15,Days,2015-08-19,,1.0,74200.0
12616,4,20,6,B,2007-06-10,2026-03-31,1.0,47000.0
12617,4,24,16,Days,2015-03-15,2023-10-31,0.9,78850.0
12618,4,20,5,A,2010-05-02,,1.0,26200.0
12619,4,22,10,Days,2013-04-24,2026-06-30,1.0,30800.0
12620,4,23,14,Days,2007-12-08,,1.0,96150.0
12621,4,19,3,B,2014-07-09,,1.0,50650.0
12622,4,19,3,A,2019-12-07,,1.0,43650.0
12623,4,22,11,Days,2006-02-25,2025-06-30,1.0,57100.0
12624,4,22,10,Days,2010-01-31,2024-03-31,1.0,29450.0
12625,4,20,6,A,2009-03-07,2024-07-31,1.0,43500.0
12626,4,20,5,B,2011-10-08,,1.0,28200.0
12627,4,24,15,Days,2017-09-29,2024-10-31,1.0,67200.0
12628,4,22,10,Days,2008-07-28,,1.0,32700.0
12629,4,19,2,A,2009-10-28,,1.0,32450.0
12630,4,19,2,B,2018-05-09,2023-10-31,1.0,34400.0
12631,4,21,9,A,2005-11-03,,1.0,57150.0
12632,4,19,1,B,2010-04-17,2024-12-31,1.0,26750.0
12633,4,21,9,A,2011-12-28,,1.0,69800.0
12634,4,19,1,C,2018-11-26,2025-03-31,1.0,31800.0
12635,4,21,8,Days,2017-11-09,,1.0,43900.0
12636,4,19,3,B,2018-02-24,,1.0,47350.0
12637,4,20,6,C,2005-05-11,,1.0,43150.0
12638,4,23,13,Days,2016-03-15,,1.0,35850.0
12639,4,22,10,Days,2011-05-16,2024-09-30,0.9,33000.0
12640,4,20,5,B,2013-07-13,,1.0,29200.0
12641,4,24,15,Days,2016-04-03,,1.0,66700.0
12642,4,24,15,Days,2005-10-14,2024-06-30,1.0,65300.0
12643,4,19,1,B,2011-05-25,2026-06-30,1.0,28200.0
12644,4,20,5,A,2006-07-31,2024-02-29,1.0,23800.0
12645,4,19,3,B,2009-03-25,,1.0,52300.0
12646,4,22,10,Days,2009-05-03,2026-08-31,1.0,27950.0
12647,4,19,2,C,2018-04-03,,1.0,28550.0
12648,4,21,9,Days,2013-05-16,,1.0,63250.0
12649,4,20,7,B,2008-11-15,,1.0,66200.0
12650,4,20,6,A,2018-09-27,,1.0,45700.0
12651,4,19,3,C,2010-07-13,,1.0,48450.0
12652,4,24,16,Days,2007-06-02,2024-11-30,1.0,73850.0
12653,4,22,10,Days,2019-03-16,,1.0,26900.0
12654,4,21,8,Days,2012-02-09,,1.0,41350.0
12655,4,24,16,Days,2008-07-09,,1.0,69250.0
12656,4,20,5,A,2015-11-27,,1.0,28500.0
12657,4,20,5,A,2010-11-16,,1.0,29600.0
12658,4,19,1,B,2010-05-21,,1.0,32650.0
12659,4,20,5,A,2012-06-12,2025-04-30,1.0,28150.0
12660,4,19,3,A,2008-12-14,,1.0,47850.0
12661,4,23,12,Days,2005-11-28,,1.0,44500.0
12662,4,19,1,C,2010-02-09,,1.0,32100.0
12663,4,20,7,B,2021-03-23,,1.0,62700.0
12664,4,21,9,Days,2007-11-18,2024-07-31,1.0,67200.0
12665,4,21,8,Days,2018-04-07,,1.0,38400.0
12666,4,24,16,Days,2019-11-19,2026-07-31,1.0,69750.0
12667,4,21,8,Days,2015-02-13,,0.8,47400.0
12668,4,19,1,C,2009-10-04,,1.0,31050.0
12669,4,23,14,Days,2007-01-23,,1.0,105250.0
12670,4,21,8,Days,2016-07-15,2025-03-31,1.0,41700.0
12671,4,20,5,B,2010-07-04,2026-02-28,1.0,29250.0
12672,4,19,1,A,2020-07-15,,1.0,30350.0
12673,4,19,1,C,2014-02-28,,0.9,27850.0
12674,4,21,9,Days,2005-12-30,2025-10-31,1.0,57050.0
12675,4,22,10,Days,2006-01-03,,0.8,31200.0
12676,4,20,6,B,2011-02-04,2023-09-30,1.0,42700.0
12677,4,19,1,C,2020-04-29,,1.0,30500.0
12678,4,19,3,Days,2005-10-11,2025-01-31,1.0,42550.0
12679,4,19,3,B,2008-10-12,2026-06-30,1.0,52550.0
12680,4,20,5,Days,2017-09-17,2026-02-28,0.9,25400.0
12681,4,22,11,Days,2010-10-11,,0.9,55550.0
12682,4,23,14,Days,2005-04-29,,1.0,93800.0
12683,4,19,1,C,2007-11-05,,1.0,25000.0
12684,4,21,8,Days,2012-03-22,,1.0,41350.0
12685,4,19,1,A,2007-03-08,,1.0,28350.0
12686,4,23,12,Days,2006-10-26,,1.0,50700.0
12687,4,19,1,A,2009-04-04,2024-06-30,1.0,27950.0
12688,4,23,12,Days,2009-11-26,,1.0,45600.0
12689,4,22,11,Days,2012-12-26,,1.0,64250.0
12690,4,19,2,A,2013-08-09,2024-05-31,1.0,32850.0
12691,4,23,12,Days,2012-06-25,,1.0,48800.0
12692,4,19,2,B,2006-03-17,2024-07-31,1.0,32300.0
12693,4,20,7,B,2018-09-21,,1.0,60400.0
12694,4,19,3,Days,2009-05-13,2026-07-31,1.0,43000.0
12695,4,19,1,A,2009-10-08,,1.0,29000.0
12696,4,20,5,A,2014-05-03,,1.0,27650.0
12697,4,19,4,B,2017-10-25,,1.0,100200.0
12698,4,20,5,B,2018-03-31,,1.0,25950.0
12699,4,19,1,B,2010-10-26,2024-06-30,1.0,30350.0
12700,4,19,4,C,2011-08-17,2025-04-30,1.0,93750.0
12701,4,21,8,Days,2012-06-17,,1.0,43400.0
12702,4,21,9,Days,2007-11-10,2026-04-30,1.0,72250.0
12703,4,21,9,A,2007-02-22,,1.0,65700.0
12704,4,22,10,A,2006-03-14,2026-06-30,1.0,32600.0
12705,4,19,1,B,2010-07-06,,1.0,30800.0
12706,4,24,15,Days,2014-12-15,,1.0,66950.0
12707,4,19,1,A,2014-03-29,2024-02-29,1.0,32400.0
12708,4,20,6,B,2020-01-16,,1.0,44200.0
12709,4,22,10,Days,2007-08-31,,1.0,31550.0
12710,4,20,6,C,2005-06-27,,1.0,38500.0
12711,4,21,8,Days,2019-01-02,,1.0,47900.0
12712,4,23,14,Days,2009-08-06,,0.9,94100.0
12713,4,20,5,C,2009-09-05,2024-03-31,1.0,30200.0
12714,4,21,9,Days,2012-03-22,,1.0,62200.0
12715,4,24,15,Days,2019-03-12,,1.0,65100.0
12716,4,21,9,Days,2008-04-16,,1.0,60950.0
12717,4,20,6,B,2013-06-29,2025-06-30,1.0,42600.0
12718,4,19,1,C,2008-10-19,2025-07-31,1.0,30100.0
12719,4,22,10,Days,2007-03-27,,1.0,31150.0
12720,4,20,5,A,2015-04-21,,1.0,26900.0
12721,4,19,2,A,2009-12-25,2024-02-29,1.0,30100.0
12722,4,19,1,B,2014-09-06,2024-10-31,1.0,28800.0
12723,4,23,13,Days,2008-01-23,,1.0,46050.0
12724,4,19,3,A,2022-02-16,2026-02-28,1.0,49700.0
12725,4,20,5,C,2007-11-12,,1.0,28400.0
12726,4,19,3,C,2016-01-29,2025-06-30,1.0,44400.0
12727,4,19,1,C,2006-08-22,2023-09-30,1.0,30350.0
12728,4,19,2,A,2012-07-23,,1.0,28550.0
12729,4,19,1,A,2009-10-16,2025-05-31,1.0,28750.0
12730,4,19,1,Days,2017-01-20,2023-11-30,1.0,28150.0
12731,4,20,6,B,2006-05-09,,1.0,43800.0
12732,4,20,5,C,2018-10-25,,1.0,24900.0
12733,4,20,5,Days,2005-04-22,,1.0,25800.0
12734,4,19,4,A,2007-10-24,2025-03-31,1.0,95800.0
12735,4,20,6,Days,2012-12-02,,1.0,44900.0
12736,4,21,8,Days,2005-08-27,,1.0,40550.0
12737,4,23,14,Days,2012-02-18,,1.0,101600.0
12738,4,19,3,A,2008-03-10,,1.0,53550.0
12739,4,19,1,A,2007-10-28,,1.0,27450.0
12740,4,22,11,A,2020-07-29,,1.0,62400.0
12741,4,20,5,A,2015-03-19,,1.0,24500.0
12742,4,20,5,C,2006-05-21,,0.9,26700.0
12743,4,19,1,A,2008-11-21,,1.0,28150.0
12744,4,19,3,A,2016-07-29,,0.9,44750.0
12745,4,19,1,C,2008-05-30,,1.0,28850.0
12746,4,22,11,Days,2009-08-15,2023-12-31,1.0,55350.0
12747,4,22,10,Days,2007-10-07,,1.0,31350.0
12748,4,19,2,B,2006-07-07,,1.0,30500.0
12749,4,19,2,B,2011-09-12,2026-03-31,1.0,35700.0
12750,4,20,5,A,2015-07-22,2025-09-30,1.0,25500.0
12751,4,19,3,A,2009-10-13,,1.0,45450.0
12752,4,21,9,A,2015-11-25,,1.0,62950.0
12753,4,23,13,Days,2006-07-26,2025-09-30,1.0,39900.0
12754,4,20,6,C,2014-10-20,,1.0,40000.0
12755,4,19,3,Days,2015-06-01,,1.0,41200.0
12756,4,19,1,A,2010-10-24,2025-06-30,1.0,31350.0
12757,4,19,2,A,2008-07-08,,1.0,33750.0
12758,4,21,8,Days,2015-09-03,,1.0,35950.0
12759,4,20,6,C,2009-01-31,,1.0,40050.0
12760,4,21,8,A,2011-02-09,2025-11-30,1.0,40550.0
12761,4,19,1,B,2005-01-26,,1.0,27550.0
12762,4,20,5,A,2017-12-07,,1.0,28250.0
12763,4,22,11,Days,2009-12-05,,1.0,63850.0
12764,4,23,13,Days,2009-03-31,,1.0,47600.0
12765,4,21,9,A,2018-10-29,,1.0,57950.0
12766,4,23,13,A,2005-08-19,,1.0,40600.0
12767,4,20,5,Days,2020-07-12,,1.0,31000.0
12768,4,19,3,A,2015-11-21,2026-07-31,1.0,52450.0
12769,4,20,5,Days,2012-04-27,2025-01-31,1.0,25750.0
12770,4,21,8,Days,2007-04-20,,1.0,38300.0
12771,4,19,1,C,2014-08-22,,1.0,30900.0
12772,4,21,8,Days,2005-10-21,,1.0,40800.0
12773,4,20,5,B,2020-08-08,,1.0,30000.0
12774,4,19,3,B,2014-05-23,2025-06-30,1.0,43300.0
12775,4,23,12,Days,2021-02-07,2024-08-31,1.0,52500.0
12776,4,19,3,Days,2013-05-07,,0.9,44250.0
12777,4,21,8,Days,2012-04-06,,1.0,35700.0
12778,4,21,8,Days,2012-07-04,,1.0,45550.0
12779,4,24,15,Days,2014-07-29,2026-07-31,1.0,70300.0
12780,4,19,1,A,2007-03-26,2024-08-31,1.0,29350.0
12781,4,24,16,Days,2010-01-08,,1.0,83600.0
12782,4,22,10,Days,2012-05-20,2025-12-31,1.0,31900.0
12783,4,20,6,A,2010-05-09,2023-10-31,1.0,44350.0
12784,4,20,5,B,2010-06-27,,1.0,25300.0
12785,4,20,6,C,2008-10-22,,1.0,49550.0
12786,4,20,6,B,2013-06-19,,1.0,44600.0
12787,4,19,1,Days,2009-12-22,,1.0,32350.0
12788,4,20,6,B,2006-09-25,,1.0,39400.0
12789,4,19,4,B,2022-02-09,2025-07-31,1.0,112050.0
12790,4,20,5,B,2017-11-22,2024-11-30,1.0,26350.0
12791,4,19,1,B,2005-06-23,,1.0,28800.0
12792,4,19,3,A,2009-11-15,,1.0,45800.0
12793,4,23,12,Days,2010-07-31,2024-03-31,1.0,54400.0
12794,4,19,3,B,2017-11-06,2025-09-30,1.0,46100.0
12795,4,20,6,Days,2007-03-11,2024-04-30,1.0,43100.0
12796,4,19,1,A,2007-01-16,,1.0,27550.0
12797,4,23,13,Days,2014-03-22,2025-02-28,1.0,44550.0
12798,4,20,6,A,2006-12-15,2024-04-30,1.0,48600.0
12799,4,19,3,C,2012-11-13,2024-11-30,1.0,51600.0
12800,4,19,3,B,2017-12-20,,1.0,46300.0
12801,4,19,1,C,2010-06-17,2025-05-31,1.0,30400.0
12802,4,20,6,A,2005-08-12,,1.0,43450.0
12803,4,22,10,Days,2015-09-07,2025-05-31,1.0,36750.0
12804,4,23,13,Days,2013-04-18,,1.0,37650.0
12805,4,21,9,Days,2008-08-08,2024-07-31,1.0,69850.0
12806,4,23,12,Days,2006-04-20,,1.0,49500.0
12807,4,19,3,C,2019-06-23,2023-10-31,1.0,50350.0
12808,4,19,1,A,2010-04-29,,1.0,25600.0
12809,4,20,5,Days,2014-04-23,,1.0,25950.0
12810,4,19,3,B,2011-04-05,,1.0,40450.0
12811,4,19,1,B,2007-03-13,,1.0,26850.0
12812,4,23,12,Days,2012-08-30,2025-01-31,0.9,47500.0
12813,4,22,11,Days,2012-08-23,,1.0,62250.0
12814,4,20,6,A,2007-04-08,,1.0,43200.0
12815,4,22,10,Days,2019-10-17,2024-02-29,1.0,28300.0
12816,4,19,1,A,2016-11-14,2025-08-31,0.8,28200.0
12817,4,23,12,Days,2008-03-19,,1.0,50800.0
12818,4,19,1,A,2010-11-20,,1.0,34150.0
12819,4,19,1,B,2012-05-24,2023-12-31,0.8,34350.0
12820,4,24,16,Days,2011-04-10,,1.0,73200.0
12821,4,19,3,B,2005-11-21,,1.0,45900.0
12822,4,19,1,B,2013-12-16,,1.0,30100.0
12823,4,19,2,B,2013-07-07,,1.0,32150.0
12824,4,19,2,B,2007-01-10,,1.0,34700.0
12825,4,22,10,Days,2018-09-20,,1.0,29800.0
12826,4,24,15,Days,2018-12-04,2024-07-31,1.0,60300.0
12827,4,24,17,Days,2019-01-24,,1.0,94100.0
12828,4,22,11,Days,2020-05-11,,1.0,77050.0
12829,4,22,10,Days,2013-05-01,,0.9,31150.0
12830,4,19,1,A,2023-05-11,2024-03-31,1.0,28450.0
12831,4,19,2,C,2007-05-27,,1.0,35150.0
12832,4,23,12,Days,2005-11-30,,1.0,53900.0
12833,4,22,11,Days,2016-11-15,2026-08-31,1.0,63550.0
12834,4,21,8,Days,2009-08-30,,0.9,39600.0
12835,4,20,6,C,2007-10-04,,1.0,36900.0
12836,4,22,10,Days,2010-01-16,2026-07-31,1.0,29650.0
12837,4,22,10,Days,2019-12-15,,0.9,26800.0
12838,4,22,11,Days,2022-04-07,,1.0,55550.0
12839,4,19,3,B,2005-09-13,,1.0,45550.0
12840,4,19,2,C,2010-09-14,2024-02-29,0.9,29300.0
12841,4,24,16,Days,2013-11-28,,0.9,67200.0
12842,4,19,2,A,2013-04-14,2024-11-30,1.0,37100.0
12843,4,19,3,B,2020-03-04,,1.0,45250.0
12844,4,20,6,A,2005-12-21,,1.0,40650.0
12845,4,22,10,Days,2011-08-28,,1.0,29550.0
12846,4,22,11,Days,2008-05-13,,1.0,65650.0
12847,4,19,3,B,2010-03-01,2023-11-30,1.0,52000.0
12848,4,20,5,A,2006-09-30,2025-08-31,1.0,28050.0
12849,4,21,8,Days,2006-12-25,,1.0,41750.0
12850,4,19,1,A,2018-10-04,,1.0,34450.0
12851,4,19,2,A,2005-08-05,2024-08-31,1.0,31700.0
12852,4,19,1,A,2008-02-08,2026-04-30,1.0,33750.0
12853,4,20,5,A,2008-11-17,2024-08-31,1.0,23800.0
12854,4,20,5,C,2015-08-19,2025-12-31,1.0,26750.0
12855,4,20,5,Days,2016-02-04,,1.0,25550.0
12856,4,24,16,A,2011-12-22,,1.0,62500.0
12857,4,24,16,Days,2012-01-21,,1.0,66950.0
12858,4,20,5,Days,2017-03-22,2023-10-31,1.0,26350.0
12859,4,21,9,A,2006-05-05,2026-04-30,1.0,58800.0
12860,4,19,1,A,2011-11-22,2025-04-30,1.0,31500.0
12861,4,19,1,B,2012-02-25,2026-02-28,1.0,28750.0
12862,4,19,3,A,2012-05-11,,1.0,42900.0
12863,4,22,10,Days,2017-02-22,,1.0,26800.0
12864,4,22,11,Days,2008-10-02,,1.0,63500.0
12865,4,20,5,B,2016-04-08,2024-09-30,1.0,26350.0
12866,4,22,10,Days,2008-09-13,,1.0,30350.0
12867,4,21,8,A,2020-09-18,,1.0,42350.0
12868,4,23,12,Days,2009-11-07,,1.0,55350.0
12869,4,24,16,Days,2011-03-13,2024-12-31,1.0,71050.0
12870,4,19,1,B,2020-05-19,,1.0,35300.0
12871,4,22,10,Days,2017-05-03,,1.0,28050.0
12872,4,23,13,Days,2015-12-01,2024-03-31,1.0,39550.0
12873,4,19,1,A,2011-07-06,2024-05-31,1.0,29400.0
12874,4,19,3,B,2012-07-07,2023-09-30,1.0,42950.0
12875,4,19,1,B,2022-05-26,,1.0,30950.0
12876,4,19,2,A,2005-09-15,2025-04-30,1.0,34000.0
12877,4,22,11,Days,2011-05-08,,1.0,65450.0
12878,4,19,1,A,2007-08-11,2026-08-31,1.0,33150.0
12879,4,19,1,C,2015-06-05,,1.0,27050.0
12880,4,19,1,B,2006-12-26,,1.0,32850.0
12881,4,19,1,A,2010-10-12,,1.0,31050.0
12882,4,20,6,C,2006-04-30,2026-04-30,1.0,47400.0
12883,4,20,6,A,2009-10-16,,1.0,41700.0
12884,4,23,13,Days,2015-03-26,,1.0,40300.0
12885,4,19,1,B,2013-01-24,,1.0,29750.0
12886,4,20,5,B,2011-04-22,,1.0,29100.0
12887,4,23,14,Days,2006-10-29,2024-05-31,1.0,100250.0
12888,4,22,10,Days,2005-10-15,,1.0,29950.0
12889,4,20,5,C,2014-07-02,,1.0,26650.0
12890,4,20,6,B,2005-03-23,2025-06-30,1.0,40300.0
12891,4,19,1,B,2012-08-03,2025-10-31,1.0,28200.0
12892,4,19,3,A,2018-01-01,2026-05-31,1.0,48200.0
12893,4,19,1,A,2016-03-01,2024-07-31,1.0,27500.0
12894,4,22,10,Days,2015-03-06,2025-03-31,1.0,34550.0
12895,4,21,8,Days,2005-07-03,2025-09-30,0.8,46450.0
12896,4,22,10,Days,2005-10-14,,1.0,30450.0
12897,4,23,13,Days,2019-05-12,2025-11-30,1.0,41500.0
12898,4,19,3,Days,2018-01-08,,0.9,50900.0
12899,4,24,15,Days,2016-10-17,2025-05-31,1.0,67150.0
12900,4,19,3,A,2007-02-21,2023-09-30,1.0,50500.0
12901,4,23,13,Days,2006-09-29,,1.0,40000.0
12902,4,20,6,B,2008-03-22,2025-06-30,1.0,40150.0
12903,4,19,2,C,2012-01-07,,1.0,33050.0
12904,4,24,17,Days,2009-06-02,,1.0,113000.0
12905,4,20,6,B,2011-09-26,,0.9,40000.0
12906,4,24,15,Days,2020-01-11,,1.0,63000.0
12907,4,19,1,C,2013-05-08,2025-03-31,1.0,34350.0
12908,4,24,15,Days,2014-06-12,,1.0,60850.0
12909,4,21,9,Days,2014-02-23,,1.0,64800.0
12910,4,23,13,A,2015-09-13,2024-10-31,1.0,38900.0
12911,4,20,7,A,2008-05-09,2025-02-28,1.0,68250.0
12912,4,24,16,Days,2005-07-08,2024-02-29,1.0,71550.0
12913,4,24,16,Days,2005-08-30,,1.0,70100.0
12914,4,19,1,C,2010-05-14,2026-06-30,1.0,32900.0
12915,4,24,15,Days,2008-10-29,2023-12-31,1.0,75600.0
12916,4,23,12,Days,2005-11-27,2025-09-30,1.0,57050.0
12917,4,20,7,A,2019-02-18,,1.0,55550.0
12918,4,19,1,C,2006-03-06,,1.0,34100.0
12919,4,19,2,C,2006-10-17,,1.0,29750.0
12920,4,19,3,A,2009-04-03,2023-12-31,1.0,47700.0
12921,4,23,13,Days,2006-06-04,2026-08-31,1.0,36500.0
12922,4,20,5,B,2014-02-18,,1.0,28850.0
12923,4,24,15,Days,2009-04-15,2024-06-30,1.0,70400.0
12924,4,24,17,Days,2020-01-19,,1.0,86050.0
12925,4,21,8,Days,2020-09-01,2024-05-31,1.0,42750.0
12926,4,19,2,Days,2014-03-16,,1.0,34850.0
12927,4,19,3,C,2014-07-16,,1.0,53250.0
12928,4,20,5,Days,2009-07-12,,1.0,26150.0
12929,4,19,2,B,2016-07-19,2025-07-31,1.0,33850.0
12930,4,22,10,Days,2009-11-21,,1.0,29950.0
12931,4,23,13,Days,2013-10-14,,1.0,44350.0
12932,4,19,1,B,2015-10-18,,1.0,27250.0
12933,4,20,5,B,2008-08-02,,1.0,30150.0
12934,4,20,6,C,2008-08-29,,1.0,43450.0
12935,4,19,1,B,2015-12-16,,0.8,28400.0
12936,4,19,1,A,2005-04-06,2024-04-30,1.0,29600.0
12937,4,23,13,Days,2018-05-10,,1.0,39500.0
12938,4,20,5,B,2017-06-28,,0.9,28700.0
12939,4,24,17,Days,2016-01-17,,1.0,100800.0
12940,4,23,13,Days,2009-01-06,,1.0,41900.0
12941,4,19,3,B,2006-08-11,,1.0,47650.0
12942,4,19,1,C,2005-05-02,,1.0,28150.0
12943,4,24,16,Days,2005-11-27,,1.0,68250.0
12944,4,19,3,B,2005-02-07,2024-10-31,1.0,59500.0
12945,4,21,9,Days,2008-10-07,2024-06-30,0.9,58950.0
12946,4,23,14,Days,2009-08-29,2026-01-31,1.0,98650.0
12947,4,24,17,Days,2015-08-24,,1.0,100300.0
12948,4,21,8,Days,2010-11-11,,1.0,40800.0
12949,4,19,1,A,2015-10-06,2025-03-31,1.0,33250.0
12950,4,21,8,Days,2014-02-18,,1.0,40200.0
12951,4,20,5,C,2012-11-02,2025-04-30,1.0,28550.0
12952,4,20,5,C,2013-06-04,2024-01-31,1.0,32150.0
12953,4,19,2,C,2014-03-25,,0.9,32200.0
12954,4,20,5,B,2008-04-25,,1.0,26200.0
12955,4,19,1,Days,2012-05-29,2024-03-31,1.0,28850.0
12956,4,19,1,B,2014-03-08,2024-06-30,1.0,26300.0
12957,4,20,5,A,2023-05-21,,1.0,28200.0
12958,4,21,8,Days,2009-03-15,,1.0,42500.0
12959,4,19,2,C,2005-08-31,,1.0,36200.0
12960,4,20,5,B,2009-04-07,,1.0,27250.0
12961,4,19,1,B,2017-04-12,2025-04-30,1.0,26150.0
12962,4,19,2,A,2009-03-15,,0.9,30850.0
12963,4,22,10,Days,2005-05-27,2025-09-30,1.0,28600.0
12964,4,24,16,Days,2005-08-31,,1.0,82500.0
12965,4,19,1,C,2018-07-02,,1.0,31600.0
12966,4,21,8,Days,2007-07-03,,1.0,49700.0
12967,4,19,1,C,2018-05-08,2023-12-31,1.0,27100.0
12968,4,24,16,Days,2010-06-01,2026-05-31,1.0,74000.0
12969,4,22,10,Days,2023-04-05,,1.0,30150.0
12970,4,20,5,B,2012-11-04,,0.9,31100.0
12971,4,24,16,Days,2019-03-26,2024-08-31,1.0,72950.0
12972,4,23,12,Days,2021-03-08,,1.0,49400.0
12973,4,20,6,Days,2020-12-27,2024-11-30,1.0,36900.0
12974,4,20,6,B,2018-08-23,,1.0,37450.0
12975,4,22,10,Days,2016-01-14,2023-10-31,1.0,31200.0
12976,4,19,1,B,2017-05-11,2025-12-31,1.0,27950.0
12977,4,19,3,B,2005-02-19,2025-04-30,1.0,44050.0
12978,4,21,8,A,2013-12-07,,1.0,39050.0
12979,4,20,5,A,2014-08-02,2025-09-30,1.0,31300.0
12980,4,19,1,C,2015-05-09,2025-03-31,1.0,27600.0
12981,4,20,5,C,2005-10-23,,1.0,26800.0
12982,4,19,1,C,2012-01-22,,1.0,25000.0
12983,4,19,2,B,2010-12-11,,1.0,34100.0
12984,4,19,2,B,2012-07-15,,0.9,34250.0
12985,4,24,16,Days,2008-12-24,,1.0,76450.0
12986,4,19,1,C,2018-10-25,2023-10-31,1.0,27950.0
12987,4,19,1,B,2008-09-09,,1.0,27050.0
12988,4,20,6,C,2016-08-30,,1.0,50000.0
12989,4,20,6,A,2010-02-06,2024-07-31,1.0,46100.0
12990,4,20,7,A,2014-06-24,,1.0,65500.0
12991,4,21,8,Days,2007-01-18,2024-11-30,1.0,43100.0
12992,4,22,11,Days,2011-11-24,,1.0,67050.0
12993,4,21,8,Days,2016-09-18,2025-11-30,1.0,46150.0
12994,4,20,7,B,2007-04-02,2026-02-28,0.9,62900.0
12995,4,19,1,A,2013-07-04,,1.0,28650.0
12996,4,19,1,C,2010-09-17,,1.0,30050.0
12997,4,19,1,C,2006-12-23,,1.0,30350.0
12998,4,20,5,B,2016-11-15,,1.0,26850.0
12999,4,19,2,B,2012-01-23,2024-11-30,1.0,34450.0
13000,4,23,12,Days,2006-12-12,,0.8,46550.0
13001,4,21,9,Days,2008-06-09,2026-04-30,1.0,63250.0
13002,4,19,1,C,2007-04-08,,1.0,25000.0
13003,4,24,15,A,2020-01-01,,1.0,67500.0
13004,4,19,3,Days,2007-05-26,2023-10-31,1.0,46500.0
13005,4,23,12,Days,2009-10-10,,1.0,50450.0
13006,4,22,10,Days,2007-11-01,2025-10-31,0.8,27400.0
13007,4,21,8,Days,2015-10-25,,1.0,44350.0
13008,4,24,15,Days,2015-11-23,,1.0,66300.0
13009,4,19,2,B,2008-09-04,2024-04-30,1.0,33950.0
13010,4,23,13,Days,2017-10-28,,1.0,40400.0
13011,4,19,1,A,2006-02-24,2024-08-31,1.0,34650.0
13012,4,19,2,C,2015-11-15,,1.0,35800.0
13013,4,19,1,Days,2021-05-12,2023-09-30,1.0,32200.0
13014,4,20,6,C,2005-08-07,2024-03-31,1.0,44650.0
13015,4,24,16,Days,2022-01-03,,1.0,74950.0
13016,4,24,16,Days,2020-03-14,2024-08-31,1.0,68800.0
13017,4,19,1,C,2006-05-02,,1.0,32350.0
13018,4,22,10,Days,2014-03-08,,1.0,29700.0
13019,4,21,9,Days,2006-07-30,,1.0,56950.0
13020,4,24,16,Days,2017-07-14,,1.0,71600.0
13021,4,24,15,Days,2020-01-05,,1.0,59500.0
13022,4,20,5,A,2007-11-03,2025-08-31,1.0,26250.0
13023,4,22,10,Days,2005-08-04,,1.0,31600.0
13024,4,19,1,A,2018-02-13,,1.0,28450.0
13025,4,24,16,A,2020-10-24,,1.0,76900.0
13026,4,19,4,A,2005-12-11,2026-08-31,1.0,84700.0
13027,4,23,13,Days,2011-07-19,,0.9,38150.0
13028,4,21,8,Days,2009-08-21,,1.0,40200.0
13029,4,22,10,Days,2006-03-02,2026-05-31,1.0,36550.0
13030,4,22,11,Days,2015-07-02,,1.0,58050.0
13031,4,23,12,Days,2017-08-21,2024-11-30,1.0,49150.0
13032,4,24,17,Days,2013-02-21,,1.0,93750.0
13033,4,19,1,Days,2010-09-30,2025-02-28,1.0,25000.0
13034,4,19,1,B,2011-04-16,,1.0,31200.0
13035,4,19,1,A,2015-02-04,2024-07-31,1.0,27650.0
13036,4,20,5,C,2013-09-11,,1.0,26550.0
13037,4,22,11,Days,2011-05-15,2023-09-30,1.0,62750.0
13038,4,24,15,Days,2009-12-07,,1.0,63750.0
13039,4,24,16,Days,2011-09-15,2025-02-28,1.0,77000.0
13040,4,24,15,Days,2013-09-11,,1.0,71050.0
13041,4,21,9,Days,2010-04-13,2024-12-31,1.0,73300.0
13042,4,24,15,Days,2007-09-17,,1.0,71750.0
13043,4,22,10,Days,2008-07-24,,1.0,31250.0
13044,4,20,6,C,2007-01-01,2025-07-31,0.9,41450.0
13045,4,19,1,A,2013-03-26,,1.0,27600.0
13046,4,19,1,B,2016-05-29,,1.0,27050.0
13047,4,19,1,C,2015-01-23,,1.0,31800.0
13048,4,19,1,C,2006-09-19,,1.0,33050.0
13049,4,20,6,C,2014-08-18,2024-03-31,1.0,36900.0
13050,4,20,7,A,2010-10-20,2026-06-30,1.0,61900.0
13051,4,22,10,Days,2018-08-25,,1.0,30700.0
13052,4,19,1,C,2006-11-18,,1.0,31250.0
13053,4,24,16,Days,2005-12-15,,1.0,77000.0
13054,4,22,11,Days,2005-06-13,2026-07-31,1.0,59600.0
13055,4,22,10,Days,2007-08-19,,1.0,31050.0
13056,4,21,8,Days,2008-05-21,,1.0,44050.0
13057,4,19,1,A,2014-06-16,2024-06-30,1.0,25300.0
13058,4,19,3,Days,2008-02-28,2023-09-30,1.0,46250.0
13059,4,23,12,Days,2006-07-15,,1.0,52300.0
13060,4,21,8,Days,2005-04-04,,1.0,38950.0
13061,4,19,1,B,2008-08-07,,1.0,31150.0
13062,4,19,1,A,2008-09-23,2023-10-31,1.0,27650.0
13063,4,24,16,Days,2007-12-20,2023-11-30,1.0,73850.0
13064,4,21,8,Days,2014-02-01,2024-01-31,1.0,41800.0
13065,4,19,3,B,2008-06-14,2026-04-30,1.0,41550.0
13066,4,19,3,A,2007-08-04,,1.0,51000.0
13067,4,20,6,C,2012-05-07,2024-11-30,0.9,44750.0
13068,4,21,9,Days,2006-04-04,,1.0,60550.0
13069,4,21,8,A,2006-05-03,,1.0,41900.0
13070,4,21,9,A,2006-05-01,2025-08-31,1.0,57000.0
13071,4,22,10,Days,2017-01-03,,1.0,32700.0
13072,4,24,16,Days,2016-09-22,,1.0,72900.0
13073,4,19,1,B,2009-10-13,2025-04-30,1.0,31550.0
13074,4,19,2,A,2008-02-08,,1.0,33150.0
13075,4,22,11,Days,2007-10-07,,0.9,60000.0
13076,4,21,8,Days,2012-07-01,,1.0,42350.0
13077,4,19,1,A,2006-02-23,,1.0,29000.0
13078,4,21,8,Days,2011-10-24,2026-08-31,1.0,47750.0
13079,4,20,7,B,2018-08-16,2023-11-30,1.0,60400.0
13080,4,19,1,C,2009-02-01,2024-07-31,0.8,27100.0
13081,4,23,12,Days,2017-08-12,,0.9,47200.0
13082,4,19,2,A,2006-06-27,,1.0,35150.0
13083,4,19,2,C,2009-09-04,,1.0,31900.0
13084,4,21,8,Days,2009-07-09,,1.0,46050.0
13085,4,19,1,A,2006-08-02,,1.0,29650.0
13086,4,21,8,Days,2005-01-11,,1.0,38550.0
13087,4,20,5,B,2010-06-04,2025-08-31,1.0,27250.0
13088,4,20,5,B,2009-08-29,,1.0,26450.0
13089,4,20,6,C,2007-04-17,,1.0,40600.0
13090,4,20,5,B,2005-08-18,,1.0,28450.0
13091,4,23,12,Days,2018-09-23,2024-12-31,1.0,50050.0
13092,4,23,13,Days,2017-03-29,,1.0,43400.0
13093,4,19,3,Days,2017-02-22,,1.0,50300.0
13094,4,20,5,A,2014-09-29,,1.0,29900.0
13095,4,19,1,B,2010-10-26,,1.0,34200.0
13096,4,21,9,Days,2016-09-21,2024-08-31,1.0,63050.0
13097,4,21,8,Days,2010-09-24,2024-05-31,1.0,44750.0
13098,4,19,4,A,2013-09-22,,1.0,85550.0
13099,4,24,17,Days,2007-06-21,2025-04-30,1.0,93950.0
13100,4,22,11,Days,2012-10-21,,1.0,57600.0
13101,4,21,9,Days,2021-12-16,,1.0,54950.0
13102,4,19,1,C,2012-04-02,,0.8,27950.0
13103,4,20,5,B,2010-04-29,,1.0,29100.0
13104,4,20,6,A,2012-08-17,,1.0,43600.0
13105,4,22,11,Days,2012-06-01,,1.0,68950.0
13106,4,24,16,Days,2018-01-30,2024-09-30,1.0,71050.0
13107,4,21,8,A,2005-07-04,,1.0,40000.0
13108,4,19,3,A,2017-10-30,2025-03-31,1.0,49900.0
13109,4,21,8,Days,2012-04-14,,1.0,45450.0
13110,4,19,1,A,2009-10-12,,1.0,34400.0
13111,1,5,13,Days,2023-09-25,,1.0,58350.0
13112,1,2,6,A,2023-09-09,,1.0,56850.0
13113,1,4,10,Days,2023-09-09,,0.9,42850.0
13114,1,5,13,Days,2023-09-21,,0.9,56100.0
13115,1,1,2,A,2023-09-13,,1.0,42200.0
13116,1,1,1,B,2023-09-25,,1.0,38150.0
13117,1,2,5,B,2023-09-10,,1.0,41900.0
13118,1,2,5,A,2023-09-17,,1.0,41250.0
13119,1,4,10,Days,2023-09-03,2026-06-30,1.0,49550.0
13120,1,1,3,A,2023-09-14,2024-10-31,1.0,59200.0
13121,1,4,11,Days,2023-09-13,,0.9,102950.0
13122,1,6,16,Days,2023-09-03,2024-01-31,1.0,110050.0
13123,1,2,5,B,2023-09-02,2025-03-31,1.0,38650.0
13124,1,4,10,Days,2023-09-10,2023-10-31,1.0,44200.0
13125,1,5,12,A,2023-09-13,2024-11-30,1.0,72100.0
13126,1,1,1,A,2023-09-02,2024-01-31,1.0,38450.0
13127,1,2,5,A,2023-09-17,,1.0,37950.0
13128,1,5,13,Days,2023-09-16,,1.0,59200.0
13129,1,6,16,Days,2023-09-06,,1.0,94150.0
13130,1,1,2,C,2023-09-03,,1.0,48750.0
13131,1,3,8,Days,2023-09-14,2024-12-31,1.0,52650.0
13132,1,1,1,B,2023-09-25,,1.0,38350.0
13133,1,5,13,Days,2023-09-23,,1.0,58500.0
13134,1,1,1,Days,2023-09-28,2026-08-31,1.0,35700.0
13135,1,1,2,B,2023-09-22,,1.0,51100.0
13136,1,1,2,C,2023-09-28,2024-12-31,1.0,50850.0
13137,1,2,6,B,2023-09-13,,1.0,64600.0
13138,1,4,11,Days,2023-09-13,2024-08-31,0.9,106700.0
13139,1,6,16,Days,2023-09-01,2024-11-30,1.0,112050.0
13140,1,5,13,Days,2023-09-03,,1.0,65950.0
13141,1,1,2,B,2023-09-04,,1.0,49950.0
13142,1,5,12,Days,2023-09-15,,0.9,69400.0
13143,1,2,6,B,2023-09-27,2026-01-31,1.0,59500.0
13144,1,1,2,C,2023-09-23,,1.0,46850.0
13145,1,6,16,Days,2023-09-03,,1.0,100400.0
13146,1,3,8,Days,2023-09-04,,1.0,53650.0
13147,1,1,4,B,2023-09-01,2024-08-31,1.0,130650.0
13148,1,1,1,B,2023-09-12,,1.0,45550.0
13149,1,6,16,Days,2023-09-08,,1.0,101600.0
13150,1,1,3,C,2023-09-05,2026-05-31,1.0,64550.0
13151,1,1,1,B,2023-09-24,,1.0,45000.0
13152,1,1,1,A,2023-09-21,,1.0,40550.0
13153,1,6,16,Days,2023-09-17,2024-07-31,1.0,112800.0
13154,1,5,13,Days,2023-09-25,,1.0,59450.0
13155,1,5,12,Days,2023-09-17,2024-05-31,0.9,72450.0
13156,1,1,4,B,2023-09-20,,1.0,132600.0
13157,2,11,12,Days,2023-09-22,,1.0,67150.0
13158,2,11,12,Days,2023-09-20,,1.0,72000.0
13159,2,8,5,A,2023-09-14,,1.0,39450.0
13160,2,7,3,B,2023-09-14,2023-12-31,1.0,60850.0
13161,2,12,15,Days,2023-09-27,2025-07-31,1.0,91650.0
13162,2,8,5,C,2023-09-08,2025-04-30,1.0,38600.0
13163,2,9,9,Days,2023-09-13,,1.0,87550.0
13164,2,8,7,B,2023-09-13,,1.0,90950.0
13165,2,9,8,Days,2023-09-02,,1.0,59150.0
13166,2,7,1,B,2023-09-08,,1.0,47850.0
13167,2,7,3,Days,2023-09-15,2025-10-31,0.9,61200.0
13168,2,9,8,Days,2023-09-11,,1.0,64750.0
13169,2,12,16,Days,2023-09-05,,1.0,115650.0
13170,2,7,3,C,2023-09-07,2025-04-30,0.8,62150.0
13171,2,8,5,A,2023-09-19,,1.0,41950.0
13172,2,9,9,Days,2023-09-14,,1.0,96650.0
13173,2,7,1,B,2023-09-09,2024-02-29,1.0,39350.0
13174,2,7,1,C,2023-09-19,2024-09-30,1.0,46900.0
13175,2,8,5,B,2023-09-10,,1.0,34800.0
13176,2,8,5,A,2023-09-22,,1.0,35750.0
13177,2,9,8,Days,2023-09-17,,1.0,55850.0
13178,2,7,1,C,2023-09-08,,1.0,37700.0
13179,2,7,2,C,2023-09-16,2026-02-28,1.0,50900.0
13180,2,9,8,Days,2023-09-27,,1.0,58650.0
13181,2,8,5,A,2023-09-05,,1.0,41100.0
13182,2,7,1,C,2023-09-26,,1.0,43250.0
13183,2,8,5,A,2023-09-06,,1.0,34700.0
13184,2,7,2,B,2023-09-27,2025-09-30,1.0,44600.0
13185,2,12,16,Days,2023-09-07,,1.0,91900.0
13186,2,9,8,Days,2023-09-10,2024-10-31,1.0,55550.0
13187,2,8,5,C,2023-09-22,2023-11-30,1.0,34000.0
13188,2,10,10,Days,2023-09-19,,1.0,49100.0
13189,2,9,9,Days,2023-09-14,,1.0,90650.0
13190,2,7,1,B,2023-09-13,,1.0,43600.0
13191,2,7,3,A,2023-09-13,,1.0,67850.0
13192,2,10,10,Days,2023-09-07,,1.0,44050.0
13193,2,8,5,B,2023-09-22,,1.0,42450.0
13194,2,10,10,Days,2023-09-10,2023-10-31,1.0,44250.0
13195,2,7,1,A,2023-09-24,,1.0,41250.0
13196,2,12,15,Days,2023-09-18,,0.8,93750.0
13197,2,8,5,B,2023-09-23,2024-11-30,1.0,42650.0
13198,2,12,17,Days,2023-09-06,,1.0,144900.0
13199,2,11,13,Days,2023-09-14,2025-05-31,1.0,56850.0
13200,2,12,16,Days,2023-09-20,2024-02-29,1.0,104400.0
13201,2,12,15,Days,2023-09-25,2023-11-30,1.0,90400.0
13202,2,12,15,Days,2023-09-02,,1.0,103500.0
13203,2,9,9,Days,2023-09-19,2024-06-30,1.0,92950.0
13204,2,12,15,Days,2023-09-13,,1.0,93500.0
13205,2,11,13,Days,2023-09-03,,1.0,58450.0
13206,3,15,8,Days,2023-09-26,,1.0,31850.0
13207,3,13,3,A,2023-09-05,2024-01-31,1.0,41250.0
13208,3,15,9,Days,2023-09-13,2024-11-30,1.0,53550.0
13209,3,13,1,B,2023-09-12,,1.0,24400.0
13210,3,15,9,Days,2023-09-27,,1.0,45500.0
13211,3,14,6,A,2023-09-23,,1.0,36200.0
13212,3,13,1,B,2023-09-13,2026-01-31,1.0,23750.0
13213,3,13,1,C,2023-09-22,2025-01-31,1.0,24400.0
13214,3,14,5,A,2023-09-04,,1.0,22850.0
13215,3,14,6,A,2023-09-18,2025-02-28,0.9,34050.0
13216,3,13,1,Days,2023-09-11,,1.0,23550.0
13217,3,14,7,A,2023-09-16,2024-10-31,1.0,51150.0
13218,3,13,1,C,2023-09-18,2025-12-31,0.9,21800.0
13219,3,13,1,C,2023-09-24,2025-12-31,1.0,22050.0
13220,3,18,17,A,2023-09-25,,1.0,76250.0
13221,3,14,5,A,2023-09-06,2024-02-29,1.0,22100.0
13222,3,17,12,Days,2023-09-02,,1.0,40750.0
13223,3,13,1,A,2023-09-18,2024-12-31,1.0,20900.0
13224,3,13,1,C,2023-09-18,2023-12-31,1.0,23400.0
13225,3,18,15,Days,2023-09-21,,1.0,46800.0
13226,3,16,10,Days,2023-09-24,,1.0,25600.0
13227,3,17,13,Days,2023-09-19,,1.0,34600.0
13228,3,13,1,B,2023-09-04,2024-02-29,1.0,26250.0
13229,4,20,5,C,2023-09-25,2023-12-31,1.0,27300.0
13230,4,20,5,B,2023-09-18,,1.0,26850.0
13231,4,20,5,A,2023-09-23,,1.0,27400.0
13232,4,19,1,A,2023-09-07,2025-12-31,1.0,29400.0
13233,4,23,13,Days,2023-09-11,,1.0,41700.0
13234,4,20,5,Days,2023-09-24,,1.0,25350.0
13235,4,19,1,B,2023-09-01,2026-01-31,1.0,34200.0
13236,4,20,7,C,2023-09-09,,1.0,67150.0
13237,4,22,10,Days,2023-09-16,,1.0,28400.0
13238,4,23,13,Days,2023-09-20,,1.0,43650.0
13239,4,22,11,Days,2023-09-27,2024-12-31,1.0,67800.0
13240,4,20,5,Days,2023-09-24,2026-04-30,1.0,27400.0
13241,4,24,16,Days,2023-09-11,,1.0,69350.0
13242,4,23,13,Days,2023-09-22,,1.0,37150.0
13243,4,19,1,B,2023-09-06,2026-02-28,1.0,27550.0
13244,4,21,8,Days,2023-09-09,,1.0,39900.0
13245,1,1,1,A,2023-10-12,,1.0,45400.0
13246,1,1,1,B,2023-10-10,,1.0,43450.0
13247,1,1,2,B,2023-10-22,2024-05-31,1.0,48200.0
13248,1,1,1,C,2023-10-03,,1.0,39700.0
13249,1,1,2,A,2023-10-22,2025-07-31,1.0,52050.0
13250,1,2,5,A,2023-10-23,,1.0,41850.0
13251,1,2,5,A,2023-10-06,2025-09-30,1.0,43500.0
13252,1,1,1,C,2023-10-11,2025-01-31,1.0,42250.0
13253,1,1,2,C,2023-10-07,,1.0,46350.0
13254,1,2,5,A,2023-10-26,2025-02-28,1.0,38350.0
13255,1,2,7,A,2023-10-28,2023-12-31,1.0,100000.0
13256,1,1,3,C,2023-10-14,,1.0,61800.0
13257,2,11,14,Days,2023-10-18,,1.0,132500.0
13258,2,7,3,B,2023-10-25,,0.8,69500.0
13259,2,10,11,Days,2023-10-01,,0.8,79150.0
13260,2,10,11,Days,2023-10-27,,1.0,95450.0
13261,2,8,5,B,2023-10-25,2025-10-31,1.0,35600.0
13262,2,10,11,Days,2023-10-25,,1.0,98850.0
13263,2,8,6,C,2023-10-27,,1.0,66600.0
13264,2,7,2,C,2023-10-09,,1.0,45050.0
13265,2,8,5,C,2023-10-10,2024-08-31,0.9,41450.0
13266,3,13,1,C,2023-10-19,2025-07-31,1.0,24800.0
13267,3,17,13,Days,2023-10-18,,1.0,28350.0
13268,3,14,5,A,2023-10-20,2024-01-31,0.9,18700.0
13269,3,13,3,B,2023-10-04,,1.0,33300.0
13270,3,13,3,C,2023-10-27,,1.0,40200.0
13271,3,13,1,A,2023-10-23,2025-02-28,1.0,21850.0
13272,3,13,3,A,2023-10-24,2024-03-31,1.0,38800.0
13273,3,13,2,C,2023-10-21,,1.0,26600.0
13274,3,13,1,C,2023-10-08,2024-05-31,1.0,20600.0
13275,3,13,1,B,2023-10-23,,1.0,22750.0
13276,3,13,1,A,2023-10-17,2026-03-31,0.9,25450.0
13277,3,13,2,Days,2023-10-27,,1.0,25950.0
13278,3,16,11,Days,2023-10-11,2025-04-30,1.0,48200.0
13279,3,13,1,A,2023-10-09,2026-03-31,1.0,23950.0
13280,3,16,11,Days,2023-10-19,,0.9,44500.0
13281,3,13,2,C,2023-10-14,,1.0,28900.0
13282,3,14,5,C,2023-10-27,,1.0,20450.0
13283,3,14,6,C,2023-10-21,,1.0,31750.0
13284,3,13,1,A,2023-10-02,2026-03-31,1.0,24550.0
13285,3,14,5,B,2023-10-09,2023-12-31,1.0,22500.0
13286,3,17,13,Days,2023-10-23,,1.0,34450.0
13287,3,14,7,C,2023-10-02,,1.0,45150.0
13288,3,17,13,Days,2023-10-22,2024-08-31,1.0,34950.0
13289,3,14,7,C,2023-10-26,2024-04-30,1.0,46050.0
13290,3,13,1,C,2023-10-12,2025-05-31,1.0,24950.0
13291,3,13,1,B,2023-10-24,,1.0,24450.0
13292,3,18,15,Days,2023-10-08,2026-01-31,1.0,51050.0
13293,3,13,1,C,2023-10-14,2025-07-31,1.0,23400.0
13294,3,13,1,B,2023-10-22,,1.0,23700.0
13295,3,13,1,A,2023-10-12,,1.0,20950.0
13296,3,14,7,A,2023-10-22,2023-11-30,1.0,48200.0
13297,3,13,1,A,2023-10-04,2026-04-30,1.0,22100.0
13298,3,14,6,C,2023-10-07,,1.0,37200.0
13299,3,14,6,B,2023-10-16,2025-04-30,0.8,35350.0
13300,4,22,10,Days,2023-10-26,,1.0,34200.0
13301,4,20,6,A,2023-10-05,2025-06-30,1.0,43950.0
13302,4,20,7,C,2023-10-03,2024-12-31,1.0,57300.0
13303,4,19,1,B,2023-10-15,2024-01-31,1.0,30900.0
13304,4,24,17,A,2023-10-01,,1.0,95350.0
13305,4,20,5,A,2023-10-03,2026-01-31,1.0,29150.0
13306,4,19,3,B,2023-10-27,,1.0,47100.0
13307,4,21,8,Days,2023-10-14,2024-09-30,1.0,44750.0
13308,4,22,10,Days,2023-10-08,,1.0,33400.0
13309,4,22,10,Days,2023-10-22,,1.0,31600.0
13310,4,20,6,B,2023-10-14,2025-05-31,1.0,46400.0
13311,4,20,5,C,2023-10-09,,1.0,28850.0
13312,4,19,1,A,2023-10-08,,1.0,33350.0
13313,1,2,5,A,2023-11-05,,1.0,39600.0
13314,1,1,3,B,2023-11-09,,1.0,73800.0
13315,1,6,15,Days,2023-11-10,,1.0,99100.0
13316,1,3,8,A,2023-11-11,2025-09-30,1.0,57800.0
13317,1,2,5,A,2023-11-16,,1.0,39750.0
13318,1,1,2,A,2023-11-14,2026-06-30,1.0,49450.0
13319,1,1,1,A,2023-11-01,2025-12-31,1.0,40950.0
13320,2,11,13,Days,2023-11-19,,0.9,58950.0
13321,2,10,10,Days,2023-11-03,,1.0,38400.0
13322,2,12,15,Days,2023-11-03,,1.0,102850.0
13323,3,13,1,A,2023-11-24,,1.0,19650.0
13324,3,13,2,B,2023-11-23,2026-01-31,0.9,25400.0
13325,3,14,5,B,2023-11-16,,1.0,21500.0
13326,3,14,6,B,2023-11-21,2024-12-31,1.0,31600.0
13327,3,14,5,B,2023-11-02,,1.0,24400.0
13328,3,16,11,Days,2023-11-03,,1.0,59500.0
13329,3,17,12,Days,2023-11-02,,1.0,38300.0
13330,3,15,8,Days,2023-11-17,,1.0,33200.0
13331,3,13,1,B,2023-11-21,2024-06-30,1.0,26050.0
13332,3,14,5,B,2023-11-12,2024-12-31,0.9,22400.0
13333,3,13,1,B,2023-11-03,,1.0,22650.0
13334,3,18,17,Days,2023-11-24,,1.0,79300.0
13335,3,13,3,A,2023-11-14,2024-10-31,1.0,37900.0
13336,3,14,7,B,2023-11-24,,0.9,49750.0
13337,3,13,1,B,2023-11-24,2026-05-31,1.0,28100.0
13338,3,18,16,Days,2023-11-24,,1.0,59800.0
13339,3,13,1,C,2023-11-04,2023-12-31,1.0,24650.0
13340,3,13,1,C,2023-11-18,2026-01-31,1.0,22450.0
13341,3,13,1,B,2023-11-03,,1.0,21150.0
13342,3,15,8,Days,2023-11-07,2026-03-31,1.0,37050.0
13343,3,13,1,B,2023-11-14,2023-12-31,1.0,23900.0
13344,3,13,1,C,2023-11-06,2024-11-30,1.0,22900.0
13345,3,13,1,C,2023-11-21,,1.0,24500.0
13346,3,14,6,A,2023-11-10,,1.0,38400.0
13347,4,19,3,Days,2023-11-04,,1.0,44500.0
13348,4,19,4,Days,2023-11-10,,1.0,99250.0
13349,3,13,2,B,2023-12-07,2026-07-31,1.0,28350.0
13350,3,14,5,C,2023-12-06,2025-06-30,1.0,20350.0
13351,3,13,3,B,2023-12-11,,1.0,38800.0
13352,3,18,16,Days,2023-12-25,,1.0,59350.0
13353,3,13,3,A,2023-12-03,,1.0,39250.0
13354,3,14,5,B,2023-12-04,,1.0,23150.0
13355,3,17,13,Days,2023-12-10,,1.0,30900.0
13356,3,15,8,Days,2023-12-25,2026-06-30,1.0,29600.0
13357,3,13,3,B,2023-12-13,,1.0,37000.0
13358,3,15,8,Days,2023-12-21,,1.0,34100.0
13359,3,13,1,B,2023-12-23,,1.0,19650.0
13360,3,14,6,C,2023-12-13,2026-01-31,1.0,39350.0
13361,3,14,6,Days,2023-12-21,2024-06-30,1.0,33300.0
13362,3,13,3,A,2023-12-13,,1.0,39750.0
13363,3,15,9,Days,2023-12-09,,1.0,51350.0
13364,3,16,11,Days,2023-12-19,,1.0,56950.0
13365,2,7,1,B,2024-06-08,,1.0,46150.0
13366,2,9,8,A,2024-06-09,,1.0,71150.0
13367,2,7,1,B,2024-06-24,,1.0,41950.0
13368,2,8,7,C,2024-06-26,,1.0,78200.0
13369,2,7,3,C,2024-06-05,,1.0,71350.0
13370,2,7,1,B,2024-06-24,,1.0,40750.0
13371,2,7,1,B,2024-06-10,,1.0,45400.0
13372,2,12,17,Days,2024-06-16,2025-11-30,1.0,125750.0
13373,2,7,3,A,2024-06-16,,1.0,67400.0
13374,2,7,2,B,2024-06-09,,1.0,48950.0
13375,2,7,3,C,2024-07-24,,1.0,67700.0
13376,2,7,3,C,2024-07-25,2026-05-31,1.0,57800.0
13377,2,12,16,Days,2024-07-03,,1.0,106250.0
13378,2,10,11,Days,2024-07-01,2025-02-28,1.0,96750.0
13379,2,7,2,A,2024-07-26,2025-10-31,1.0,47700.0
13380,2,7,1,B,2024-07-21,,1.0,44400.0
13381,2,7,1,C,2024-07-13,,1.0,40150.0
13382,2,8,5,A,2024-07-28,,1.0,46600.0
13383,2,8,5,C,2024-07-10,,0.8,43600.0
13384,2,7,2,A,2024-07-05,,1.0,44000.0
13385,2,11,12,Days,2024-07-12,2025-06-30,1.0,70600.0
13386,2,7,2,C,2024-07-25,,1.0,40800.0
13387,2,9,8,Days,2024-07-07,,1.0,63050.0
13388,2,12,17,Days,2024-07-06,,1.0,141700.0
13389,2,11,12,Days,2024-07-09,,1.0,74500.0
13390,2,7,1,B,2024-07-06,2024-08-31,1.0,41800.0
13391,2,7,1,Days,2024-07-15,,1.0,38500.0
13392,2,11,13,Days,2024-07-28,,1.0,55900.0
13393,2,7,3,A,2024-07-27,2025-03-31,1.0,60700.0
13394,2,12,17,Days,2024-07-18,,1.0,143900.0
13395,2,7,2,C,2024-07-06,,1.0,44050.0
13396,2,7,3,A,2024-07-21,2025-10-31,0.9,67400.0
13397,2,9,8,A,2024-07-26,,1.0,55200.0
13398,2,8,5,Days,2024-07-26,,1.0,38450.0
13399,2,10,10,Days,2024-07-19,2024-11-30,0.9,44150.0
13400,2,7,2,B,2024-07-15,,1.0,49400.0
13401,4,23,13,Days,2024-07-21,,1.0,39100.0
13402,4,19,2,C,2024-07-18,2026-06-30,1.0,33350.0
13403,1,1,1,B,2024-08-01,,1.0,46650.0
13404,1,2,6,B,2024-08-12,,1.0,56850.0
13405,1,1,1,C,2024-08-18,2025-01-31,1.0,45700.0
13406,1,1,1,B,2024-08-07,,1.0,38900.0
13407,1,1,4,A,2024-08-16,2026-02-28,1.0,144900.0
13408,1,1,1,C,2024-08-18,,1.0,40400.0
13409,1,5,13,Days,2024-08-16,,1.0,50750.0
13410,1,2,5,A,2024-08-22,,1.0,43050.0
13411,1,1,1,B,2024-08-13,,1.0,45100.0
13412,1,1,1,A,2024-08-24,2026-05-31,1.0,44500.0
13413,1,5,12,Days,2024-08-27,,1.0,69950.0
13414,1,1,2,B,2024-08-21,,0.8,46300.0
13415,1,1,2,A,2024-08-15,2024-12-31,1.0,52000.0
13416,1,6,15,Days,2024-08-04,,1.0,96250.0
13417,1,2,5,C,2024-08-06,,1.0,38100.0
13418,1,1,3,B,2024-08-07,,1.0,69100.0
13419,1,6,15,Days,2024-08-25,,1.0,85050.0
13420,1,6,16,Days,2024-08-04,,1.0,103450.0
13421,1,4,10,A,2024-08-28,,1.0,47900.0
13422,1,5,13,Days,2024-08-02,2025-03-31,1.0,56600.0
13423,1,6,16,Days,2024-08-21,,1.0,99250.0
13424,1,1,3,Days,2024-08-25,,1.0,64300.0
13425,1,2,6,A,2024-08-23,,1.0,69850.0
13426,1,1,1,A,2024-08-20,,1.0,43400.0
13427,1,3,9,A,2024-08-15,2024-09-30,1.0,89200.0
13428,1,2,5,B,2024-08-09,2024-11-30,1.0,39000.0
13429,1,3,8,Days,2024-08-03,,1.0,55400.0
13430,1,4,10,Days,2024-08-17,,1.0,42750.0
13431,1,2,5,B,2024-08-11,,1.0,38650.0
13432,1,2,5,A,2024-08-15,,1.0,39450.0
13433,1,1,1,A,2024-08-27,,0.8,42450.0
13434,1,1,2,A,2024-08-17,,1.0,44800.0
13435,1,5,12,Days,2024-08-26,,1.0,69700.0
13436,1,1,1,A,2024-08-24,,1.0,38150.0
13437,1,2,5,C,2024-08-09,,1.0,44150.0
13438,1,2,5,B,2024-08-22,,1.0,36500.0
13439,1,2,5,C,2024-08-22,,1.0,36150.0
13440,1,6,15,Days,2024-08-04,2026-04-30,0.9,82850.0
13441,1,4,10,Days,2024-08-01,,1.0,51750.0
13442,1,1,3,C,2024-08-20,,1.0,68400.0
13443,2,8,5,B,2024-08-25,,1.0,42200.0
13444,2,7,1,A,2024-08-10,,1.0,43450.0
13445,2,7,1,B,2024-08-24,,1.0,40950.0
13446,2,11,12,Days,2024-08-10,,1.0,75550.0
13447,2,7,2,C,2024-08-28,2025-09-30,1.0,50600.0
13448,2,7,1,B,2024-08-25,2024-10-31,1.0,41200.0
13449,2,7,1,B,2024-08-13,,1.0,39250.0
13450,2,7,3,C,2024-08-24,,1.0,62300.0
13451,2,12,16,Days,2024-08-16,,1.0,120100.0
13452,2,8,7,A,2024-08-20,,1.0,94200.0
13453,2,7,1,B,2024-08-09,,1.0,37850.0
13454,2,7,1,C,2024-08-05,,1.0,35700.0
13455,2,7,2,A,2024-08-28,2024-10-31,1.0,55500.0
13456,2,8,5,A,2024-08-17,,1.0,39900.0
13457,2,8,7,A,2024-08-15,,1.0,101000.0
13458,2,9,8,A,2024-08-13,2025-08-31,1.0,51000.0
13459,2,10,11,Days,2024-08-11,,1.0,89350.0
13460,2,9,8,Days,2024-08-19,,1.0,56500.0
13461,2,12,15,Days,2024-08-26,,1.0,87700.0
13462,2,8,6,B,2024-08-21,,1.0,52700.0
13463,2,7,1,B,2024-08-08,,1.0,37900.0
13464,2,8,5,B,2024-08-02,,1.0,38400.0
13465,2,8,5,C,2024-08-17,,1.0,43400.0
13466,2,7,2,B,2024-08-15,,1.0,45100.0
13467,2,10,10,Days,2024-08-12,,1.0,38250.0
13468,2,12,16,Days,2024-08-17,2025-03-31,1.0,125000.0
13469,2,12,15,Days,2024-08-27,,1.0,92700.0
13470,3,13,2,B,2024-08-07,,1.0,27550.0
13471,3,17,12,Days,2024-08-21,,1.0,40850.0
13472,3,17,13,Days,2024-08-01,,1.0,32450.0
13473,3,13,1,B,2024-08-23,,1.0,20150.0
13474,3,13,4,C,2024-08-17,,1.0,71150.0
13475,3,13,1,A,2024-08-23,2025-07-31,0.8,20850.0
13476,3,13,3,C,2024-08-06,,1.0,36350.0
13477,3,16,11,Days,2024-08-17,2024-10-31,1.0,50600.0
13478,3,16,10,Days,2024-08-27,,1.0,26250.0
13479,3,18,15,Days,2024-08-22,2026-06-30,1.0,53450.0
13480,3,16,10,Days,2024-08-10,,1.0,25350.0
13481,4,21,8,A,2024-08-01,,1.0,44050.0
13482,4,20,5,B,2024-08-02,2025-02-28,1.0,28800.0
13483,4,23,14,Days,2024-08-23,,1.0,88150.0
13484,4,20,5,C,2024-08-28,2025-05-31,1.0,29050.0
13485,4,23,12,Days,2024-08-25,,1.0,46500.0
13486,4,23,13,Days,2024-08-22,2026-02-28,1.0,46100.0
13487,4,19,1,C,2024-08-18,,1.0,29050.0
13488,4,20,5,B,2024-08-19,,1.0,28000.0
13489,4,19,1,A,2024-08-20,,1.0,28950.0
13490,4,19,1,A,2024-08-01,,1.0,31200.0
13491,4,24,16,Days,2024-08-10,,1.0,81950.0
13492,4,19,3,A,2024-08-18,2024-12-31,1.0,43700.0
13493,4,19,2,C,2024-08-15,,1.0,38600.0
13494,1,2,5,A,2024-09-27,,1.0,38650.0
13495,1,1,3,Days,2024-09-14,,1.0,70600.0
13496,1,1,2,B,2024-09-18,,1.0,50350.0
13497,1,1,3,B,2024-09-11,,1.0,70350.0
13498,1,1,1,C,2024-09-18,2025-12-31,1.0,38150.0
13499,1,2,5,Days,2024-09-14,,1.0,39950.0
13500,1,2,5,C,2024-09-20,2025-07-31,1.0,38850.0
13501,1,4,11,Days,2024-09-24,,1.0,93850.0
13502,1,6,15,Days,2024-09-17,,1.0,98650.0
13503,1,1,1,Days,2024-09-08,,1.0,43600.0
13504,1,6,15,Days,2024-09-08,2026-06-30,1.0,95800.0
13505,1,1,1,A,2024-09-15,2024-11-30,1.0,44100.0
13506,1,1,1,A,2024-09-23,,1.0,37700.0
13507,1,1,1,B,2024-09-28,,1.0,44300.0
13508,1,1,2,A,2024-09-16,,1.0,44100.0
13509,1,2,6,A,2024-09-06,,1.0,61850.0
13510,1,1,2,B,2024-09-25,2026-01-31,1.0,43800.0
13511,1,3,8,A,2024-09-18,,1.0,58500.0
13512,1,1,1,C,2024-09-07,,1.0,50700.0
13513,1,1,2,B,2024-09-01,,0.9,47550.0
13514,1,1,2,B,2024-09-17,,1.0,55550.0
13515,1,1,1,B,2024-09-19,,1.0,42900.0
13516,1,2,6,A,2024-09-21,,1.0,69900.0
13517,1,3,9,Days,2024-09-06,,1.0,81150.0
13518,1,1,2,B,2024-09-24,,1.0,43700.0
13519,1,1,1,B,2024-09-03,,1.0,41050.0
13520,1,6,16,Days,2024-09-23,,1.0,115750.0
13521,1,6,16,Days,2024-09-10,2026-01-31,1.0,99500.0
13522,2,11,13,Days,2024-09-19,,1.0,56000.0
13523,2,8,5,A,2024-09-15,,1.0,42850.0
13524,2,8,5,B,2024-09-26,,1.0,44400.0
13525,2,12,16,Days,2024-09-24,2026-08-31,0.9,97800.0
13526,2,9,8,Days,2024-09-04,,1.0,61900.0
13527,2,8,5,Days,2024-09-19,,1.0,43850.0
13528,2,7,1,B,2024-09-05,,0.9,44200.0
13529,2,8,7,A,2024-09-26,2026-05-31,0.9,90500.0
13530,2,8,5,B,2024-09-25,2026-06-30,1.0,43900.0
13531,2,7,3,C,2024-09-06,,1.0,70350.0
13532,2,7,1,B,2024-09-11,2025-12-31,1.0,41900.0
13533,2,7,3,C,2024-09-17,,1.0,71000.0
13534,2,7,4,B,2024-09-16,,1.0,145900.0
13535,2,9,8,A,2024-09-15,2025-12-31,1.0,57550.0
13536,2,12,15,Days,2024-09-03,,1.0,103450.0
13537,2,7,1,A,2024-09-21,2025-12-31,1.0,42600.0
13538,2,7,1,B,2024-09-18,2025-01-31,1.0,44100.0
13539,2,8,5,C,2024-09-20,,1.0,38500.0
13540,2,11,12,Days,2024-09-28,,1.0,74350.0
13541,2,7,3,A,2024-09-21,,1.0,70400.0
13542,2,7,1,C,2024-09-03,,1.0,46300.0
13543,2,8,6,Days,2024-09-25,,1.0,56850.0
13544,2,12,15,Days,2024-09-22,,1.0,100800.0
13545,2,9,8,Days,2024-09-14,,1.0,62000.0
13546,3,17,13,Days,2024-09-06,,1.0,32150.0
13547,3,13,1,A,2024-09-14,,1.0,22050.0
13548,3,13,2,B,2024-09-02,2026-03-31,1.0,30650.0
13549,3,13,3,B,2024-09-19,,1.0,37650.0
13550,3,13,1,A,2024-09-19,,1.0,20600.0
13551,3,18,16,Days,2024-09-24,,1.0,57650.0
13552,3,13,1,C,2024-09-24,,1.0,24100.0
13553,3,13,1,B,2024-09-19,,1.0,24100.0
13554,3,15,8,Days,2024-09-12,,1.0,32100.0
13555,3,13,1,C,2024-09-07,,1.0,22900.0
13556,3,14,5,A,2024-09-28,,1.0,22400.0
13557,3,15,9,A,2024-09-19,,1.0,50550.0
13558,3,17,13,Days,2024-09-18,,1.0,27100.0
13559,3,17,12,Days,2024-09-19,,1.0,39050.0
13560,3,16,10,Days,2024-09-07,,1.0,28400.0
13561,3,14,5,A,2024-09-03,,1.0,18700.0
13562,3,15,8,Days,2024-09-15,,1.0,36200.0
13563,3,13,1,A,2024-09-22,,1.0,22200.0
13564,3,15,8,Days,2024-09-15,,1.0,33650.0
13565,3,17,12,Days,2024-09-14,2026-06-30,1.0,37700.0
13566,3,15,9,A,2024-09-28,,1.0,49750.0
13567,3,14,5,C,2024-09-22,,1.0,20700.0
13568,3,13,2,B,2024-09-09,2025-04-30,1.0,23700.0
13569,3,14,6,C,2024-09-24,,1.0,30100.0
13570,3,18,16,Days,2024-09-13,,1.0,50750.0
13571,3,13,3,B,2024-09-12,,1.0,40350.0
13572,3,13,3,A,2024-09-10,,1.0,31800.0
13573,3,14,5,C,2024-09-26,2025-10-31,1.0,24100.0
13574,3,15,8,Days,2024-09-01,2025-09-30,1.0,30350.0
13575,3,13,4,C,2024-09-28,,1.0,74650.0
13576,3,15,8,Days,2024-09-22,2026-02-28,1.0,35150.0
13577,3,14,5,B,2024-09-24,2026-01-31,1.0,19900.0
13578,3,13,3,A,2024-09-09,2024-12-31,1.0,34000.0
13579,3,14,6,A,2024-09-25,,1.0,35150.0
13580,3,18,15,Days,2024-09-07,,1.0,51500.0
13581,3,14,6,Days,2024-09-18,,1.0,37300.0
13582,3,13,1,B,2024-09-15,,1.0,22200.0
13583,4,20,5,B,2024-09-21,2026-01-31,1.0,30600.0
13584,4,19,1,C,2024-09-25,,1.0,30950.0
13585,4,22,10,Days,2024-09-08,,1.0,32200.0
13586,4,19,2,A,2024-09-20,,1.0,32050.0
13587,4,20,5,B,2024-09-02,2024-12-31,1.0,26950.0
13588,4,19,4,A,2024-09-04,,1.0,100050.0
13589,4,24,15,Days,2024-09-10,,1.0,67150.0
13590,4,20,5,C,2024-09-09,2025-06-30,1.0,25800.0
13591,4,23,13,Days,2024-09-15,,1.0,42500.0
13592,1,1,1,Days,2024-10-08,,1.0,38250.0
13593,1,2,5,B,2024-10-07,,0.8,41500.0
13594,1,1,1,A,2024-10-25,,1.0,45650.0
13595,1,1,1,B,2024-10-27,,1.0,43000.0
13596,1,1,3,A,2024-10-09,,1.0,70000.0
13597,1,1,3,C,2024-10-12,,1.0,70350.0
13598,1,4,10,Days,2024-10-05,,1.0,43850.0
13599,1,4,10,Days,2024-10-20,,1.0,55300.0
13600,1,2,5,B,2024-10-19,,1.0,39600.0
13601,1,1,1,C,2024-10-18,,1.0,39800.0
13602,1,1,1,A,2024-10-21,,1.0,38900.0
13603,1,1,3,A,2024-10-10,2026-02-28,1.0,66800.0
13604,1,5,13,Days,2024-10-04,,1.0,51250.0
13605,2,10,11,Days,2024-10-26,,1.0,79050.0
13606,2,8,5,Days,2024-10-09,,1.0,34200.0
13607,2,7,2,Days,2024-10-04,2025-04-30,1.0,46200.0
13608,2,12,17,Days,2024-10-15,2026-04-30,1.0,143950.0
13609,2,8,6,B,2024-10-08,,1.0,52850.0
13610,2,11,12,Days,2024-10-17,,1.0,65150.0
13611,2,7,2,B,2024-10-11,,1.0,48100.0
13612,2,11,13,Days,2024-10-05,,1.0,55900.0
13613,2,11,12,Days,2024-10-04,,1.0,86450.0
13614,2,10,11,Days,2024-10-02,,1.0,95350.0
13615,2,7,1,Days,2024-10-23,,1.0,42750.0
13616,2,7,3,C,2024-10-03,,1.0,64100.0
13617,2,7,1,A,2024-10-03,,1.0,46700.0
13618,2,8,5,B,2024-10-12,,1.0,34000.0
13619,2,12,17,Days,2024-10-05,2025-09-30,1.0,154250.0
13620,2,7,3,B,2024-10-10,,1.0,69300.0
13621,2,7,3,B,2024-10-09,,1.0,65600.0
13622,3,14,6,B,2024-10-14,,1.0,33650.0
13623,3,13,1,B,2024-10-16,,1.0,22350.0
13624,3,14,5,B,2024-10-05,,1.0,19050.0
13625,3,13,4,B,2024-10-06,,1.0,80300.0
13626,3,13,2,Days,2024-10-03,2025-02-28,1.0,25100.0
13627,3,14,5,A,2024-10-03,2025-05-31,1.0,18700.0
13628,3,13,1,B,2024-10-28,,1.0,24400.0
13629,3,13,3,B,2024-10-27,,1.0,32550.0
13630,3,13,1,C,2024-10-23,,1.0,21700.0
13631,3,14,5,A,2024-10-22,,1.0,21150.0
13632,3,15,8,Days,2024-10-20,,0.8,29250.0
13633,3,13,3,B,2024-10-02,,1.0,41100.0
13634,3,14,6,C,2024-10-10,2026-08-31,1.0,35350.0
13635,3,17,13,Days,2024-10-25,,1.0,28500.0
13636,3,17,12,Days,2024-10-07,,1.0,41250.0
13637,3,13,1,B,2024-10-17,,1.0,24500.0
13638,3,18,15,Days,2024-10-23,2026-07-31,1.0,51600.0
13639,3,14,5,B,2024-10-20,,1.0,22800.0
13640,3,14,5,Days,2024-10-20,2025-01-31,1.0,23850.0
13641,3,13,3,A,2024-10-14,2024-11-30,1.0,34000.0
13642,3,14,5,B,2024-10-12,,1.0,24600.0
13643,3,13,3,C,2024-10-12,2026-03-31,1.0,36500.0
13644,3,13,1,A,2024-10-27,2025-01-31,1.0,20500.0
13645,3,13,1,A,2024-10-05,2025-09-30,1.0,23900.0
13646,3,13,1,C,2024-10-10,,1.0,22900.0
13647,3,13,1,A,2024-10-25,,1.0,23650.0
13648,3,13,1,A,2024-10-11,,0.8,24650.0
13649,3,13,2,A,2024-10-01,2024-12-31,1.0,22450.0
13650,3,13,3,C,2024-10-21,,1.0,34450.0
13651,3,14,5,B,2024-10-25,2026-08-31,1.0,22500.0
13652,3,13,2,B,2024-10-15,,1.0,26100.0
13653,3,13,3,A,2024-10-26,,1.0,36700.0
13654,3,13,3,Days,2024-10-05,2025-02-28,1.0,39400.0
13655,3,13,2,C,2024-10-06,,1.0,26300.0
13656,3,13,1,B,2024-10-12,2025-01-31,1.0,21600.0
13657,3,14,5,A,2024-10-15,,1.0,26000.0
13658,4,23,12,Days,2024-10-12,,0.8,48100.0
13659,4,21,8,Days,2024-10-19,,1.0,43200.0
13660,4,19,3,C,2024-10-20,,1.0,48200.0
13661,4,19,2,A,2024-10-24,2025-09-30,0.8,37150.0
13662,4,21,8,Days,2024-10-10,,0.9,35700.0
13663,4,22,10,Days,2024-10-15,,1.0,28400.0
13664,1,4,10,Days,2024-11-26,,0.8,38250.0
13665,1,1,2,B,2024-11-19,,1.0,48700.0
13666,1,4,11,Days,2024-11-16,,1.0,93450.0
13667,1,1,2,C,2024-11-19,,0.9,43950.0
13668,1,6,16,Days,2024-11-14,,1.0,110450.0
13669,1,5,13,Days,2024-11-14,2025-03-31,1.0,49950.0
13670,1,1,2,B,2024-11-10,,1.0,49150.0
13671,1,1,1,A,2024-11-14,,0.9,45700.0
13672,1,1,1,C,2024-11-20,,1.0,43950.0
13673,1,3,8,Days,2024-11-13,,1.0,66750.0
13674,1,1,1,C,2024-11-01,,1.0,45150.0
13675,1,4,11,A,2024-11-22,,1.0,86000.0
13676,2,10,11,Days,2024-11-22,,0.8,91450.0
13677,2,10,11,Days,2024-11-07,,1.0,85500.0
13678,3,18,15,Days,2024-11-22,,1.0,53750.0
13679,3,13,1,A,2024-11-12,,1.0,26050.0
13680,3,15,8,Days,2024-11-21,,1.0,36250.0
13681,3,15,8,Days,2024-11-16,,1.0,30950.0
13682,3,13,1,B,2024-11-10,,1.0,26500.0
13683,3,13,1,C,2024-11-04,,1.0,24200.0
13684,3,13,1,A,2024-11-18,,1.0,20550.0
13685,3,15,8,A,2024-11-20,2025-01-31,1.0,30450.0
13686,3,13,2,A,2024-11-08,,1.0,24850.0
13687,3,13,1,A,2024-11-27,2026-04-30,1.0,23000.0
13688,3,13,1,B,2024-11-12,,1.0,25000.0
13689,3,14,6,Days,2024-11-06,,1.0,33000.0
13690,3,16,10,Days,2024-11-23,2025-03-31,0.9,24150.0
13691,3,13,1,C,2024-11-11,,1.0,22300.0
13692,3,13,1,C,2024-11-26,2025-10-31,1.0,23900.0
13693,3,13,2,B,2024-11-27,,0.9,22700.0
13694,3,14,7,A,2024-11-28,,0.9,46700.0
13695,3,13,1,A,2024-11-15,,1.0,22500.0
13696,3,13,2,C,2024-11-28,,1.0,24000.0
13697,3,13,1,B,2024-11-23,,1.0,22550.0
13698,3,17,13,Days,2024-11-18,,1.0,30200.0
13699,3,13,1,Days,2024-11-02,,1.0,22000.0
13700,4,20,6,B,2024-11-25,2025-11-30,1.0,44500.0
13701,4,24,15,Days,2024-11-08,,1.0,58250.0
13702,4,20,7,A,2024-11-04,2026-03-31,1.0,70600.0
13703,4,21,9,Days,2024-11-09,,1.0,62950.0
13704,4,20,7,A,2024-11-09,,1.0,60200.0
13705,4,21,8,Days,2024-11-26,2026-05-31,1.0,43800.0
13706,4,24,15,Days,2024-11-28,2025-12-31,1.0,56700.0
13707,4,20,5,C,2024-11-18,,1.0,29400.0
13708,4,24,16,Days,2024-11-06,2026-07-31,1.0,65400.0
13709,3,13,2,A,2024-12-12,,1.0,24650.0
13710,3,13,1,A,2024-12-02,,1.0,25150.0
13711,3,18,15,Days,2024-12-27,,1.0,47150.0
13712,3,13,1,B,2024-12-18,2025-09-30,1.0,26150.0
13713,3,13,3,C,2024-12-12,,1.0,36100.0
13714,3,13,3,C,2024-12-06,2025-05-31,1.0,40100.0
13715,3,14,6,A,2024-12-22,,1.0,42600.0
13716,3,15,8,Days,2024-12-14,,0.9,32550.0
13717,3,13,1,B,2024-12-11,,1.0,22750.0
13718,3,13,2,C,2024-12-17,2025-11-30,1.0,26100.0
13719,3,16,10,Days,2024-12-03,,1.0,27450.0
13720,3,13,1,A,2024-12-16,2026-01-31,1.0,23250.0
13721,3,15,9,A,2024-12-16,,1.0,42100.0
13722,4,21,8,A,2024-12-27,,1.0,43450.0
13723,4,20,5,B,2024-12-28,,1.0,27450.0
13724,4,24,16,Days,2024-12-21,,1.0,65350.0
13725,2,11,13,Days,2025-06-13,,1.0,58900.0
13726,2,7,3,B,2025-06-14,,1.0,57800.0
13727,2,12,16,Days,2025-06-25,,1.0,122200.0
13728,2,8,6,C,2025-06-18,,1.0,68150.0
13729,2,10,11,Days,2025-06-09,,1.0,79050.0
13730,2,8,6,C,2025-06-23,,1.0,61800.0
13731,2,9,8,A,2025-06-26,,0.9,54400.0
13732,2,7,2,A,2025-06-07,,1.0,43650.0
13733,2,8,5,A,2025-06-06,2026-08-31,1.0,39900.0
13734,2,8,6,B,2025-06-26,2025-08-31,1.0,68550.0
13735,2,7,1,C,2025-06-17,,1.0,40200.0
13736,2,7,2,A,2025-06-10,,1.0,48600.0
13737,2,7,2,C,2025-06-26,,1.0,51100.0
13738,2,7,3,A,2025-06-14,2026-02-28,0.9,78950.0
13739,2,9,8,Days,2025-06-24,,1.0,67500.0
13740,2,9,8,Days,2025-06-12,,1.0,57400.0
13741,1,2,5,B,2025-07-07,,1.0,41600.0
13742,2,7,1,A,2025-07-28,,1.0,42300.0
13743,2,7,1,A,2025-07-05,2026-07-31,1.0,37400.0
13744,2,7,2,B,2025-07-26,2026-03-31,1.0,46250.0
13745,2,7,1,A,2025-07-18,,1.0,44900.0
13746,2,7,1,C,2025-07-23,2025-12-31,1.0,38900.0
13747,2,8,5,C,2025-07-03,,1.0,41900.0
13748,2,7,2,B,2025-07-17,,0.9,47450.0
13749,2,12,16,Days,2025-07-28,,1.0,100700.0
13750,2,7,2,B,2025-07-02,,1.0,52300.0
13751,2,8,5,B,2025-07-15,2026-01-31,1.0,37450.0
13752,2,12,15,Days,2025-07-13,,1.0,95150.0
13753,2,8,5,A,2025-07-24,,1.0,34000.0
13754,2,7,2,Days,2025-07-02,,1.0,46050.0
13755,2,11,13,Days,2025-07-03,,1.0,60300.0
13756,2,10,10,Days,2025-07-19,2025-12-31,1.0,40650.0
13757,2,8,5,A,2025-07-25,,1.0,39150.0
13758,2,8,5,C,2025-07-23,,1.0,38450.0
13759,2,7,1,A,2025-07-14,,1.0,39100.0
13760,2,12,16,Days,2025-07-12,,1.0,109900.0
13761,2,7,1,A,2025-07-12,,1.0,36900.0
13762,2,9,8,Days,2025-07-15,,1.0,52000.0
13763,2,7,3,A,2025-07-23,,1.0,68750.0
13764,2,7,3,B,2025-07-08,,1.0,63550.0
13765,2,11,12,Days,2025-07-19,,1.0,64250.0
13766,2,7,1,A,2025-07-02,,1.0,52200.0
13767,2,12,16,Days,2025-07-17,,1.0,112500.0
13768,2,8,5,B,2025-07-06,,1.0,45100.0
13769,2,8,5,A,2025-07-21,,1.0,42050.0
13770,2,7,1,B,2025-07-21,2026-05-31,1.0,46600.0
13771,2,11,12,Days,2025-07-09,,1.0,68250.0
13772,2,10,11,Days,2025-07-21,,0.9,98700.0
13773,2,7,1,C,2025-07-16,,1.0,35700.0
13774,4,19,3,C,2025-07-15,,1.0,40450.0
13775,4,19,1,B,2025-07-03,,1.0,34000.0
13776,4,24,15,A,2025-07-22,2026-05-31,1.0,70500.0
13777,4,23,13,Days,2025-07-12,,1.0,47150.0
13778,1,1,4,C,2025-08-18,,1.0,151050.0
13779,1,5,12,Days,2025-08-23,,1.0,72300.0
13780,1,1,2,A,2025-08-07,,1.0,42900.0
13781,1,4,10,Days,2025-08-16,,1.0,45850.0
13782,1,4,11,Days,2025-08-08,,1.0,94850.0
13783,1,2,6,A,2025-08-17,,1.0,53150.0
13784,1,1,1,A,2025-08-11,,1.0,44750.0
13785,1,1,3,A,2025-08-19,,1.0,68550.0
13786,1,1,1,C,2025-08-13,,1.0,38900.0
13787,1,5,13,Days,2025-08-24,,1.0,59050.0
13788,1,2,5,C,2025-08-15,,1.0,43500.0
13789,1,4,10,Days,2025-08-18,,1.0,44700.0
13790,1,1,1,Days,2025-08-21,,1.0,40950.0
13791,1,1,2,A,2025-08-01,,1.0,50500.0
13792,1,2,5,C,2025-08-16,,1.0,38500.0
13793,1,2,5,B,2025-08-07,,1.0,40050.0
13794,1,3,9,Days,2025-08-10,,1.0,86800.0
13795,1,1,1,C,2025-08-16,,1.0,44500.0
13796,1,3,9,A,2025-08-26,,1.0,87100.0
13797,1,1,3,C,2025-08-07,,1.0,60050.0
13798,1,5,13,Days,2025-08-03,,1.0,61500.0
13799,1,2,5,C,2025-08-06,,1.0,35300.0
13800,1,5,13,Days,2025-08-07,,1.0,59300.0
13801,1,2,5,B,2025-08-15,,1.0,37750.0
13802,1,2,5,A,2025-08-01,,1.0,44350.0
13803,1,5,13,A,2025-08-01,2026-03-31,1.0,49300.0
13804,1,3,9,Days,2025-08-11,2025-11-30,1.0,91150.0
13805,1,1,1,Days,2025-08-24,,1.0,46450.0
13806,1,1,1,C,2025-08-07,2025-10-31,1.0,37700.0
13807,1,6,16,Days,2025-08-25,,1.0,106200.0
13808,1,1,1,A,2025-08-12,,1.0,45850.0
13809,2,8,7,C,2025-08-14,,1.0,98100.0
13810,2,10,11,Days,2025-08-08,,1.0,79050.0
13811,2,12,17,Days,2025-08-21,,1.0,129500.0
13812,2,7,1,B,2025-08-27,,1.0,38250.0
13813,2,7,1,A,2025-08-01,,0.8,40900.0
13814,2,8,6,C,2025-08-28,,1.0,74150.0
13815,2,7,3,A,2025-08-16,,1.0,61400.0
13816,2,7,1,Days,2025-08-17,,1.0,41550.0
13817,2,7,1,Days,2025-08-24,2026-06-30,0.8,37800.0
13818,2,8,6,B,2025-08-12,,1.0,61700.0
13819,2,7,1,A,2025-08-27,,1.0,45450.0
13820,2,12,17,Days,2025-08-07,2026-05-31,1.0,135050.0
13821,2,7,1,C,2025-08-20,,1.0,39850.0
13822,2,11,13,Days,2025-08-16,,1.0,51300.0
13823,2,7,1,A,2025-08-14,,1.0,43500.0
13824,2,8,6,C,2025-08-24,,1.0,66600.0
13825,2,12,15,Days,2025-08-18,,1.0,100700.0
13826,2,8,5,B,2025-08-26,,1.0,34000.0
13827,2,7,1,B,2025-08-15,2026-08-31,1.0,44600.0
13828,2,12,15,Days,2025-08-22,,1.0,100250.0
13829,2,11,12,Days,2025-08-06,,1.0,73200.0
13830,2,10,10,Days,2025-08-20,,1.0,39000.0
13831,2,10,10,Days,2025-08-05,,1.0,40450.0
13832,2,7,1,Days,2025-08-04,,1.0,40000.0
13833,2,8,7,C,2025-08-13,2025-10-31,1.0,93650.0
13834,2,11,12,Days,2025-08-26,,1.0,63400.0
13835,3,13,3,A,2025-08-25,,1.0,39100.0
13836,3,16,10,Days,2025-08-18,,1.0,24450.0
13837,3,18,16,Days,2025-08-19,,1.0,58850.0
13838,3,14,6,A,2025-08-18,,1.0,37800.0
13839,3,13,2,B,2025-08-21,,1.0,24050.0
13840,3,14,5,B,2025-08-06,,1.0,20400.0
13841,3,15,8,Days,2025-08-03,,1.0,31350.0
13842,3,13,1,Days,2025-08-07,,1.0,22250.0
13843,3,15,8,Days,2025-08-09,,1.0,36550.0
13844,3,15,9,Days,2025-08-08,,1.0,51450.0
13845,4,22,11,Days,2025-08-13,,1.0,66200.0
13846,4,19,1,A,2025-08-18,2026-03-31,1.0,31450.0
13847,4,20,7,B,2025-08-02,,1.0,64250.0
13848,4,21,8,A,2025-08-15,2026-05-31,1.0,45050.0
13849,4,20,5,C,2025-08-27,,1.0,29050.0
13850,4,19,4,C,2025-08-17,,1.0,87450.0
13851,4,19,1,A,2025-08-03,,1.0,35350.0
13852,4,19,2,B,2025-08-22,,1.0,31950.0
13853,4,20,5,B,2025-08-21,2026-04-30,1.0,29050.0
13854,1,6,17,Days,2025-09-22,,0.9,144050.0
13855,1,1,2,A,2025-09-21,,1.0,43500.0
13856,1,2,6,Days,2025-09-18,2025-11-30,1.0,56750.0
13857,1,1,2,B,2025-09-03,,1.0,50400.0
13858,1,4,10,Days,2025-09-07,,1.0,45750.0
13859,1,6,15,Days,2025-09-01,,1.0,88000.0
13860,1,3,8,Days,2025-09-25,,1.0,55300.0
13861,1,1,1,B,2025-09-16,,1.0,42550.0
13862,1,6,17,Days,2025-09-10,,1.0,149100.0
13863,1,6,16,Days,2025-09-08,,1.0,89250.0
13864,1,1,1,A,2025-09-16,,1.0,42050.0
13865,1,1,3,C,2025-09-03,,1.0,58900.0
13866,1,1,1,B,2025-09-21,,1.0,35950.0
13867,1,2,5,A,2025-09-26,,1.0,38050.0
13868,1,1,1,C,2025-09-02,,1.0,44650.0
13869,1,5,12,Days,2025-09-12,,1.0,69300.0
13870,1,2,5,A,2025-09-20,,1.0,35500.0
13871,1,1,1,B,2025-09-16,,1.0,36050.0
13872,1,2,5,Days,2025-09-12,,1.0,40850.0
13873,1,2,5,A,2025-09-15,,1.0,39800.0
13874,1,1,1,B,2025-09-03,,1.0,44150.0
13875,1,1,2,B,2025-09-04,2026-04-30,1.0,46900.0
13876,1,1,1,A,2025-09-11,,1.0,41000.0
13877,1,1,1,B,2025-09-18,,1.0,43600.0
13878,2,9,9,Days,2025-09-14,,1.0,76700.0
13879,2,7,1,C,2025-09-15,,1.0,50200.0
13880,2,7,2,B,2025-09-03,,1.0,52000.0
13881,2,7,1,B,2025-09-05,,0.9,41600.0
13882,2,8,6,A,2025-09-19,,1.0,56250.0
13883,2,7,1,B,2025-09-07,2025-12-31,1.0,45750.0
13884,2,8,5,C,2025-09-18,,1.0,45500.0
13885,2,8,5,A,2025-09-26,,1.0,39000.0
13886,2,9,8,Days,2025-09-08,,1.0,58550.0
13887,2,12,16,Days,2025-09-02,,1.0,103250.0
13888,2,8,6,B,2025-09-24,,1.0,64400.0
13889,2,8,5,A,2025-09-04,,1.0,41450.0
13890,2,7,2,A,2025-09-25,,1.0,46850.0
13891,2,8,6,B,2025-09-09,,1.0,65350.0
13892,2,8,5,Days,2025-09-02,,1.0,34000.0
13893,2,7,2,B,2025-09-19,2025-10-31,1.0,53150.0
13894,2,10,10,Days,2025-09-17,2026-06-30,1.0,43600.0
13895,2,10,10,Days,2025-09-15,,1.0,42100.0
13896,2,9,8,Days,2025-09-24,,1.0,55000.0
13897,2,7,1,A,2025-09-11,,1.0,50650.0
13898,2,12,16,Days,2025-09-15,,1.0,107750.0
13899,2,8,5,C,2025-09-17,,1.0,38500.0
13900,2,8,5,A,2025-09-21,,1.0,41550.0
13901,2,7,3,B,2025-09-16,,1.0,71650.0
13902,2,12,15,Days,2025-09-27,,1.0,94250.0
13903,3,13,1,B,2025-09-04,,1.0,19650.0
13904,3,15,8,Days,2025-09-19,,1.0,34750.0
13905,3,13,2,A,2025-09-23,,1.0,26950.0
13906,3,14,5,B,2025-09-27,,1.0,19650.0
13907,3,16,11,Days,2025-09-07,,1.0,43750.0
13908,3,13,2,B,2025-09-21,,1.0,22450.0
13909,3,18,17,Days,2025-09-28,,1.0,82250.0
13910,3,15,8,Days,2025-09-15,,1.0,28550.0
13911,3,14,6,Days,2025-09-04,2026-03-31,1.0,30050.0
13912,3,13,3,C,2025-09-23,,1.0,34850.0
13913,3,15,8,Days,2025-09-16,,1.0,31550.0
13914,3,15,9,Days,2025-09-14,,1.0,45950.0
13915,3,13,1,C,2025-09-27,,1.0,23300.0
13916,3,13,3,A,2025-09-16,2026-08-31,1.0,41350.0
13917,3,14,5,A,2025-09-13,,1.0,23150.0
13918,3,13,1,C,2025-09-26,,1.0,21650.0
13919,3,13,3,C,2025-09-28,,1.0,38200.0
13920,3,13,1,B,2025-09-05,,1.0,21600.0
13921,3,13,1,A,2025-09-20,,1.0,20350.0
13922,3,13,1,A,2025-09-28,,1.0,24200.0
13923,3,13,1,B,2025-09-15,,1.0,22700.0
13924,3,15,8,Days,2025-09-16,,1.0,36900.0
13925,3,13,4,C,2025-09-20,,1.0,73650.0
13926,3,18,16,Days,2025-09-01,,1.0,60600.0
13927,3,13,1,C,2025-09-20,,1.0,22250.0
13928,3,13,1,B,2025-09-16,,1.0,22700.0
13929,3,13,1,B,2025-09-25,,1.0,22000.0
13930,3,13,1,A,2025-09-23,,1.0,22850.0
13931,3,13,3,B,2025-09-09,,1.0,31800.0
13932,3,13,1,Days,2025-09-03,,1.0,21500.0
13933,3,13,3,C,2025-09-15,,0.9,35000.0
13934,3,16,10,Days,2025-09-21,,1.0,23550.0
13935,3,14,6,A,2025-09-15,,1.0,35900.0
13936,3,13,3,B,2025-09-02,,1.0,38300.0
13937,3,14,5,C,2025-09-24,2025-10-31,1.0,23600.0
13938,3,16,11,Days,2025-09-06,,1.0,50250.0
13939,3,15,8,Days,2025-09-16,,1.0,28700.0
13940,4,21,9,A,2025-09-11,,1.0,56200.0
13941,4,22,10,A,2025-09-27,,1.0,30300.0
13942,4,21,8,Days,2025-09-28,,1.0,38700.0
13943,4,24,16,Days,2025-09-08,,1.0,70250.0
13944,4,19,2,B,2025-09-25,,1.0,35250.0
13945,4,19,1,C,2025-09-16,,1.0,30450.0
13946,4,24,15,Days,2025-09-10,,1.0,64350.0
13947,4,19,1,Days,2025-09-18,2025-11-30,1.0,26850.0
13948,4,20,5,C,2025-09-07,,1.0,32150.0
13949,4,20,6,A,2025-09-06,2026-08-31,1.0,44500.0
13950,4,19,3,B,2025-09-19,,1.0,50800.0
13951,4,20,6,A,2025-09-21,,1.0,40000.0
13952,1,4,10,Days,2025-10-20,,1.0,48800.0
13953,1,1,3,C,2025-10-19,2026-05-31,1.0,68350.0
13954,1,3,9,Days,2025-10-04,,1.0,92950.0
13955,1,2,5,B,2025-10-23,,0.9,43400.0
13956,1,2,6,A,2025-10-07,,1.0,58450.0
13957,1,1,1,C,2025-10-12,,1.0,39200.0
13958,1,2,5,C,2025-10-22,,1.0,43350.0
13959,1,1,3,C,2025-10-01,2025-11-30,1.0,73050.0
13960,1,1,1,C,2025-10-03,2026-01-31,1.0,44950.0
13961,1,1,2,C,2025-10-06,,1.0,51800.0
13962,1,1,4,B,2025-10-24,,1.0,144550.0
13963,1,6,16,Days,2025-10-01,,0.9,104600.0
13964,1,2,5,A,2025-10-25,,1.0,42400.0
13965,1,1,3,A,2025-10-18,,1.0,72300.0
13966,1,1,2,A,2025-10-01,2026-06-30,1.0,52450.0
13967,1,1,3,B,2025-10-14,,1.0,65650.0
13968,1,6,15,Days,2025-10-09,,1.0,80750.0
13969,1,1,1,A,2025-10-21,,0.8,43800.0
13970,1,1,1,C,2025-10-23,,1.0,44000.0
13971,2,7,1,A,2025-10-18,,1.0,37500.0
13972,2,7,3,A,2025-10-26,2026-05-31,0.9,57800.0
13973,2,9,9,Days,2025-10-24,,1.0,77100.0
13974,2,12,15,Days,2025-10-14,,1.0,93150.0
13975,2,7,3,Days,2025-10-14,,1.0,63300.0
13976,2,8,5,B,2025-10-12,,1.0,43050.0
13977,2,10,10,Days,2025-10-16,,0.8,42050.0
13978,2,8,5,B,2025-10-18,,1.0,42800.0
13979,2,8,5,A,2025-10-25,,1.0,40500.0
13980,2,10,10,Days,2025-10-07,,1.0,42750.0
13981,2,8,6,B,2025-10-25,,1.0,52700.0
13982,2,7,3,C,2025-10-16,,1.0,68550.0
13983,2,9,8,A,2025-10-16,,1.0,58950.0
13984,2,8,7,A,2025-10-02,,1.0,92450.0
13985,2,7,2,Days,2025-10-13,,1.0,44400.0
13986,2,7,2,B,2025-10-01,,1.0,45300.0
13987,3,18,17,Days,2025-10-03,,1.0,74500.0
13988,3,14,5,A,2025-10-20,,0.9,22050.0
13989,3,13,3,C,2025-10-26,,1.0,39750.0
13990,3,15,9,A,2025-10-24,,1.0,47550.0
13991,3,18,15,Days,2025-10-08,,1.0,52550.0
13992,3,13,2,B,2025-10-07,,1.0,27600.0
13993,3,18,16,Days,2025-10-12,,1.0,58650.0
13994,3,18,16,Days,2025-10-11,,1.0,55600.0
13995,3,14,5,A,2025-10-17,,1.0,21300.0
13996,3,14,5,A,2025-10-13,,0.9,22500.0
13997,3,18,17,Days,2025-10-02,,1.0,81550.0
13998,3,17,13,Days,2025-10-06,,1.0,32350.0
13999,3,18,15,Days,2025-10-13,,1.0,53500.0
14000,3,14,6,C,2025-10-23,,0.8,37400.0
14001,3,13,1,B,2025-10-09,,1.0,24400.0
14002,3,17,12,Days,2025-10-11,,1.0,39000.0
14003,3,18,16,Days,2025-10-20,,1.0,59350.0
14004,3,14,6,Days,2025-10-14,,0.9,35050.0
14005,3,13,1,C,2025-10-26,2026-02-28,1.0,25150.0
14006,3,13,1,C,2025-10-15,,1.0,24400.0
14007,3,14,5,B,2025-10-17,2026-01-31,1.0,21100.0
14008,3,14,6,B,2025-10-04,,1.0,37400.0
14009,3,13,1,A,2025-10-01,,1.0,23300.0
14010,3,17,13,Days,2025-10-14,,1.0,31050.0
14011,3,13,1,C,2025-10-20,2026-01-31,1.0,20050.0
14012,3,14,5,C,2025-10-05,,1.0,20750.0
14013,3,14,5,B,2025-10-10,,1.0,23250.0
14014,3,14,5,A,2025-10-15,,1.0,24000.0
14015,3,18,16,Days,2025-10-13,,1.0,51050.0
14016,3,13,1,C,2025-10-27,,1.0,24150.0
14017,3,13,3,A,2025-10-01,,1.0,39100.0
14018,3,14,7,A,2025-10-28,,1.0,48150.0
14019,3,13,1,A,2025-10-05,2025-12-31,1.0,23850.0
14020,3,13,1,A,2025-10-26,,1.0,20850.0
14021,3,13,1,B,2025-10-06,,1.0,23600.0
14022,3,13,2,B,2025-10-26,,1.0,23100.0
14023,4,19,2,B,2025-10-15,,0.8,30150.0
14024,4,20,6,B,2025-10-04,,1.0,40300.0
14025,4,20,5,B,2025-10-16,,1.0,29800.0
14026,4,20,5,B,2025-10-11,,1.0,25800.0
14027,1,4,11,Days,2025-11-23,,1.0,116250.0
14028,1,1,1,B,2025-11-21,,1.0,48400.0
14029,1,6,16,Days,2025-11-12,,1.0,115350.0
14030,3,18,15,Days,2025-11-03,2026-08-31,1.0,52300.0
14031,3,13,1,B,2025-11-16,,1.0,23200.0
14032,3,13,2,A,2025-11-14,,0.9,25500.0
14033,3,14,5,A,2025-11-09,2026-02-28,1.0,20650.0
14034,3,15,8,Days,2025-11-05,,1.0,32400.0
14035,3,14,6,A,2025-11-01,,1.0,30850.0
14036,3,14,5,B,2025-11-13,,1.0,20900.0
14037,3,17,12,Days,2025-11-19,,1.0,41300.0
14038,3,14,5,B,2025-11-23,,1.0,19200.0
14039,3,13,2,C,2025-11-07,,1.0,30750.0
14040,3,18,15,Days,2025-11-15,,1.0,53500.0
14041,3,16,10,Days,2025-11-18,,1.0,26800.0
14042,3,13,1,B,2025-11-22,,1.0,20650.0
14043,3,16,11,Days,2025-11-09,,1.0,52250.0
14044,3,14,6,C,2025-11-18,,1.0,34500.0
14045,3,15,8,Days,2025-11-07,,1.0,30100.0
14046,3,15,9,Days,2025-11-07,,1.0,42100.0
14047,3,14,5,A,2025-11-09,,1.0,21250.0
14048,3,15,8,A,2025-11-06,,1.0,33950.0
14049,3,13,1,B,2025-11-22,,1.0,23450.0
14050,3,16,10,Days,2025-11-26,,1.0,23850.0
14051,3,13,1,B,2025-11-20,,1.0,23950.0
14052,3,14,5,A,2025-11-11,2026-03-31,1.0,20050.0
14053,4,20,6,A,2025-11-01,2026-07-31,1.0,44700.0
14054,4,19,2,B,2025-11-15,,1.0,31950.0
14055,4,24,15,Days,2025-11-22,,1.0,68100.0
14056,3,16,10,A,2025-12-22,,1.0,27550.0
14057,3,15,9,Days,2025-12-23,2026-08-31,1.0,45400.0
14058,3,17,12,Days,2025-12-20,,1.0,38750.0
14059,3,18,15,Days,2025-12-10,2026-01-31,1.0,48150.0
14060,3,13,4,A,2025-12-02,,1.0,71850.0
14061,3,13,3,B,2025-12-27,,1.0,38100.0
14062,3,14,6,C,2026-01-09,,1.0,34750.0
14063,3,13,2,Days,2026-01-06,,1.0,29000.0
14064,2,10,10,Days,2026-06-04,,1.0,48500.0
14065,2,7,1,Days,2026-06-25,,1.0,43700.0
14066,2,8,5,A,2026-06-16,,1.0,40700.0
14067,2,12,15,Days,2026-06-05,,1.0,90650.0
14068,2,7,2,Days,2026-06-20,,1.0,43950.0
14069,1,1,3,A,2026-07-23,,0.9,65950.0
14070,1,2,6,B,2026-07-02,,1.0,59950.0
14071,1,1,1,B,2026-07-16,2026-08-31,1.0,45650.0
14072,1,3,9,Days,2026-07-03,,1.0,89700.0
14073,1,6,17,Days,2026-07-06,,1.0,120700.0
14074,1,1,3,B,2026-07-21,,1.0,62300.0
14075,1,2,5,A,2026-07-28,,0.8,38500.0
14076,1,2,6,B,2026-07-14,,1.0,59900.0
14077,1,1,2,C,2026-07-10,,1.0,53750.0
14078,1,1,1,A,2026-07-27,,1.0,43450.0
14079,1,2,7,C,2026-07-24,2026-08-31,1.0,90150.0
14080,1,5,12,Days,2026-07-24,,1.0,64600.0
14081,1,5,13,Days,2026-07-03,,1.0,54400.0
14082,1,1,1,A,2026-07-20,,1.0,48800.0
14083,1,2,5,A,2026-07-21,,0.8,41050.0
14084,1,2,7,B,2026-07-20,,1.0,88250.0
14085,1,1,1,A,2026-07-18,,1.0,39900.0
14086,1,1,1,Days,2026-07-28,,1.0,44550.0
14087,1,5,13,Days,2026-07-10,,1.0,62000.0
14088,1,2,5,B,2026-07-13,,1.0,38600.0
14089,1,1,3,A,2026-07-24,,1.0,73250.0
14090,1,1,3,A,2026-07-08,,1.0,57800.0
14091,1,4,11,Days,2026-07-27,,1.0,96500.0
14092,1,6,15,Days,2026-07-04,,1.0,91850.0
14093,1,4,10,Days,2026-07-24,,1.0,43650.0
14094,2,11,12,Days,2026-07-24,,1.0,65000.0
14095,2,7,2,C,2026-07-27,,0.9,48750.0
14096,2,9,9,Days,2026-07-24,,1.0,88050.0
14097,2,9,9,Days,2026-07-20,,1.0,85750.0
14098,2,7,1,Days,2026-07-16,,1.0,42000.0
14099,2,7,2,B,2026-07-14,,1.0,54950.0
14100,2,8,5,B,2026-07-21,,1.0,39900.0
14101,2,7,1,B,2026-07-28,,1.0,39700.0
14102,2,11,12,Days,2026-07-13,,1.0,78100.0
14103,2,8,5,A,2026-07-28,,1.0,40850.0
14104,2,11,14,Days,2026-07-22,,1.0,131100.0
14105,2,12,15,Days,2026-07-07,,0.9,92700.0
14106,2,7,3,B,2026-07-15,,1.0,68800.0
14107,2,7,1,B,2026-07-15,,1.0,42650.0
14108,2,7,2,A,2026-07-23,,1.0,45350.0
14109,2,9,9,Days,2026-07-28,,1.0,90200.0
14110,2,9,9,Days,2026-07-25,,1.0,92400.0
14111,2,7,3,B,2026-07-08,,1.0,74400.0
14112,2,12,16,Days,2026-07-21,,1.0,103300.0
14113,2,8,6,A,2026-07-24,,1.0,60900.0
14114,2,7,4,Days,2026-07-24,,0.9,117300.0
14115,4,21,8,Days,2026-07-27,,1.0,38700.0
14116,4,19,3,B,2026-07-14,,0.8,47500.0
14117,4,19,3,B,2026-07-06,,1.0,50200.0
14118,4,23,13,Days,2026-07-15,,1.0,38950.0
14119,1,1,1,Days,2026-08-18,,1.0,37550.0
14120,1,4,10,Days,2026-08-02,,1.0,53900.0
14121,1,1,1,B,2026-08-14,,1.0,38250.0
14122,1,6,15,Days,2026-08-04,,1.0,86350.0
14123,1,1,2,C,2026-08-04,,1.0,49750.0
14124,1,1,1,C,2026-08-01,,1.0,41600.0
14125,1,1,2,A,2026-08-23,,1.0,52600.0
14126,1,1,1,A,2026-08-18,,1.0,36900.0
14127,1,2,6,A,2026-08-07,,1.0,63400.0
14128,1,1,1,B,2026-08-12,,1.0,44700.0
14129,1,1,1,B,2026-08-03,,1.0,42500.0
14130,1,5,13,Days,2026-08-22,,0.9,63050.0
14131,1,1,1,B,2026-08-07,,1.0,41400.0
14132,1,6,15,Days,2026-08-20,,1.0,91800.0
14133,1,1,3,B,2026-08-13,,1.0,70200.0
14134,1,6,15,Days,2026-08-15,,1.0,102250.0
14135,1,6,15,Days,2026-08-05,,1.0,92150.0
14136,1,1,1,A,2026-08-06,,1.0,40050.0
14137,1,5,13,Days,2026-08-28,,1.0,54450.0
14138,1,3,8,Days,2026-08-19,,1.0,64600.0
14139,1,1,2,B,2026-08-15,,1.0,52950.0
14140,1,6,15,Days,2026-08-15,,1.0,94250.0
14141,1,6,15,Days,2026-08-13,,1.0,92200.0
14142,1,5,13,Days,2026-08-19,,1.0,58100.0
14143,1,1,1,C,2026-08-22,,1.0,45150.0
14144,1,2,6,C,2026-08-17,,0.8,63000.0
14145,1,1,1,C,2026-08-25,,1.0,38400.0
14146,1,2,5,C,2026-08-12,,1.0,34000.0
14147,1,1,1,B,2026-08-19,,0.9,41200.0
14148,2,8,7,A,2026-08-02,,0.8,92250.0
14149,2,8,6,B,2026-08-07,,1.0,63000.0
14150,2,10,11,Days,2026-08-19,,1.0,91000.0
14151,2,9,9,Days,2026-08-24,,1.0,90200.0
14152,2,9,8,Days,2026-08-09,,1.0,55600.0
14153,2,8,5,A,2026-08-22,,1.0,43700.0
14154,2,9,9,Days,2026-08-03,,1.0,81000.0
14155,2,8,6,B,2026-08-03,,1.0,59400.0
14156,2,7,2,Days,2026-08-12,,1.0,51950.0
14157,2,7,1,A,2026-08-27,,1.0,42900.0
14158,2,11,14,Days,2026-08-02,,1.0,125050.0
14159,2,10,10,Days,2026-08-21,,1.0,39500.0
14160,2,12,16,Days,2026-08-10,,1.0,110900.0
14161,2,7,1,C,2026-08-08,,1.0,43200.0
14162,2,7,1,B,2026-08-17,,1.0,38800.0
14163,2,12,15,Days,2026-08-20,,1.0,82300.0
14164,2,7,1,Days,2026-08-18,,1.0,45450.0
14165,2,11,14,Days,2026-08-18,,1.0,143950.0
14166,2,7,2,C,2026-08-21,,1.0,45250.0
14167,2,7,1,A,2026-08-19,,1.0,41450.0
14168,2,9,8,Days,2026-08-01,,1.0,65250.0
14169,2,10,10,Days,2026-08-11,,1.0,46850.0
14170,2,7,1,C,2026-08-28,,1.0,44750.0
14171,2,10,10,Days,2026-08-13,,1.0,46200.0
14172,2,7,1,A,2026-08-08,,1.0,38950.0
14173,3,16,10,Days,2026-08-17,,1.0,23000.0
14174,3,13,1,B,2026-08-27,,1.0,23800.0
14175,3,14,6,A,2026-08-23,,1.0,29450.0
14176,3,13,3,A,2026-08-25,,0.9,36500.0
14177,3,15,8,Days,2026-08-28,,1.0,32000.0
14178,3,13,1,B,2026-08-02,,1.0,23750.0
14179,3,14,5,A,2026-08-05,,1.0,21350.0
14180,3,17,12,Days,2026-08-18,,1.0,42850.0
14181,3,14,5,C,2026-08-13,,1.0,25250.0
14182,3,13,1,C,2026-08-17,,1.0,20950.0
14183,3,17,13,Days,2026-08-17,,1.0,30750.0
14184,3,13,1,B,2026-08-25,,1.0,22300.0
14185,3,13,1,C,2026-08-17,,1.0,21500.0
14186,3,13,2,C,2026-08-05,,1.0,22450.0
14187,3,13,1,Days,2026-08-27,,1.0,24800.0
14188,3,14,5,C,2026-08-18,,1.0,22350.0
14189,3,14,6,B,2026-08-06,,1.0,37150.0
14190,4,24,15,Days,2026-08-18,,1.0,63100.0
14191,4,22,11,Days,2026-08-13,,1.0,55350.0
14192,4,19,3,Days,2026-08-15,,1.0,47250.0
14193,4,24,15,Days,2026-08-06,,1.0,62450.0
14194,4,19,1,C,2026-08-06,,1.0,32950.0
14195,4,21,8,Days,2026-08-04,,1.0,39100.0
14196,4,22,10,Days,2026-08-03,,1.0,33400.0
14197,4,19,2,B,2026-08-18,,1.0,32350.0
14198,4,19,2,B,2026-08-17,,1.0,32700.0
14199,4,19,1,Days,2026-08-09,,1.0,31900.0
14200,4,23,14,Days,2026-08-17,,1.0,90250.0
